scope,image_id,lighting,scale_factor,blur_sigma,noise_sigma,source_type,method,frequency_filter,pyramid_levels,nms,repeatability,matching_accuracy,localization_error_px,matching_error_px,runtime_ms,reference_keypoints,scene_keypoints,raw_reference_keypoints,raw_scene_keypoints,repeated_points,accepted_matches,correct_matches
main_grid,syn_01,neutral,0.96,0.0,1.0,synthetic_procedural,Sobel,none,1,True,0.37623762376237624,0.9130434782608695,1.870888113975525,1.244399905204773,72.67480000018622,202,220,202,220,76,46,42
main_grid,syn_01,neutral,0.96,0.0,1.0,synthetic_procedural,LoG,none,1,True,0.7136363636363636,1.0,0.5689683556556702,0.4874648153781891,72.31499999988955,220,220,220,220,157,115,115
main_grid,syn_01,neutral,0.96,0.0,1.0,synthetic_procedural,Harris,none,1,True,0.7818181818181819,1.0,0.40428583323955536,0.3890022039413452,84.48250000014923,220,220,220,220,172,131,131
main_grid,syn_01,neutral,0.96,0.0,1.0,synthetic_procedural,Shi-Tomasi,none,1,True,0.8545454545454545,1.0,0.5315692722797394,0.45520398020744324,80.22299999993265,220,220,220,220,188,139,139
main_grid,syn_01,neutral,0.96,0.0,1.0,synthetic_procedural,SIFT,none,1,True,0.7244094488188977,0.75,0.15000119805335999,0.12831272184848785,403.15979999991214,127,130,127,130,92,32,24
main_grid,syn_01,neutral,0.96,0.0,1.0,synthetic_procedural,Sobel,none,2,True,0.36818181818181817,0.9130434782608695,1.941998839378357,1.244399905204773,87.25589999994554,220,220,220,220,81,46,42
main_grid,syn_01,neutral,0.96,0.0,1.0,synthetic_procedural,LoG,none,2,True,0.7181818181818181,1.0,0.5800849199295044,0.4969530999660492,84.60219999983565,220,220,220,220,158,112,112
main_grid,syn_01,neutral,0.96,0.0,1.0,synthetic_procedural,Harris,none,2,True,0.7863636363636364,1.0,0.47864681482315063,0.3948234021663666,105.26770000001306,220,220,220,220,173,119,119
main_grid,syn_01,neutral,0.96,0.0,1.0,synthetic_procedural,Shi-Tomasi,none,2,True,0.8409090909090909,0.9922480620155039,0.6159019470214844,0.49939194321632385,98.32189999997354,220,220,220,220,185,129,128
main_grid,syn_01,neutral,0.96,0.0,1.0,synthetic_procedural,SIFT,none,2,True,0.7318181818181818,0.7580645161290323,0.21669358015060425,0.3084939420223236,553.7523000000419,220,220,220,220,161,62,47
main_grid,syn_01,neutral,0.96,0.0,1.0,synthetic_procedural,Sobel,none,3,True,0.36818181818181817,0.9130434782608695,1.941998839378357,1.244399905204773,105.60680000003231,220,220,220,220,81,46,42
main_grid,syn_01,neutral,0.96,0.0,1.0,synthetic_procedural,LoG,none,3,True,0.7181818181818181,1.0,0.5800849199295044,0.4969530999660492,100.2697999999782,220,220,220,220,158,112,112
main_grid,syn_01,neutral,0.96,0.0,1.0,synthetic_procedural,Harris,none,3,True,0.759090909090909,1.0,0.47864681482315063,0.3823895752429962,110.03059999984544,220,220,220,220,167,116,116
main_grid,syn_01,neutral,0.96,0.0,1.0,synthetic_procedural,Shi-Tomasi,none,3,True,0.8409090909090909,1.0,0.6241270899772644,0.49643436074256897,98.45629999995253,220,220,220,220,185,128,128
main_grid,syn_01,neutral,0.96,0.0,1.0,synthetic_procedural,SIFT,none,3,True,0.7363636363636363,0.7580645161290323,0.22303633391857147,0.3084939420223236,536.2138000000414,220,220,220,220,162,62,47
main_grid,syn_01,neutral,0.96,0.0,1.0,synthetic_procedural,Sobel,ideal_lowpass,1,True,0.5681818181818182,0.8157894736842105,1.313417673110962,0.7997678518295288,191.30330000007234,220,220,220,220,125,38,31
main_grid,syn_01,neutral,0.96,0.0,1.0,synthetic_procedural,LoG,ideal_lowpass,1,True,0.6,0.8461538461538461,1.5373807549476624,1.4196923971176147,186.5651999999045,220,220,220,220,132,26,22
main_grid,syn_01,neutral,0.96,0.0,1.0,synthetic_procedural,Harris,ideal_lowpass,1,True,0.6681818181818182,0.9320388349514563,0.9133139848709106,0.9248865842819214,184.26879999992707,220,220,220,220,147,103,96
main_grid,syn_01,neutral,0.96,0.0,1.0,synthetic_procedural,Shi-Tomasi,ideal_lowpass,1,True,0.75,0.8918918918918919,1.0526965856552124,1.0526965856552124,175.39140000008047,220,220,220,220,165,111,99
main_grid,syn_01,neutral,0.96,0.0,1.0,synthetic_procedural,SIFT,ideal_lowpass,1,True,0.7372262773722628,0.6730769230769231,0.467130184173584,1.0106940269470215,356.6055999999662,141,137,141,137,101,52,35
main_grid,syn_01,neutral,0.96,0.0,1.0,synthetic_procedural,Sobel,ideal_lowpass,2,True,0.5681818181818182,0.8157894736842105,1.313417673110962,0.7997678518295288,202.1925999999894,220,220,220,220,125,38,31
main_grid,syn_01,neutral,0.96,0.0,1.0,synthetic_procedural,LoG,ideal_lowpass,2,True,0.5954545454545455,0.8461538461538461,1.5588840246200562,1.490788221359253,211.13510000009228,220,220,220,220,131,26,22
main_grid,syn_01,neutral,0.96,0.0,1.0,synthetic_procedural,Harris,ideal_lowpass,2,True,0.6954545454545454,0.9428571428571428,1.1507512331008911,1.131438970565796,230.00150000007125,220,220,220,220,153,105,99
main_grid,syn_01,neutral,0.96,0.0,1.0,synthetic_procedural,Shi-Tomasi,ideal_lowpass,2,True,0.6909090909090909,0.8448275862068966,1.2060130834579468,1.2129936218261719,220.0978999999279,220,220,220,220,152,116,98
main_grid,syn_01,neutral,0.96,0.0,1.0,synthetic_procedural,SIFT,ideal_lowpass,2,True,0.7181818181818181,0.76,0.7034590840339661,0.8447712063789368,454.0775999998914,220,220,220,220,158,75,57
main_grid,syn_01,neutral,0.96,0.0,1.0,synthetic_procedural,Sobel,ideal_lowpass,3,True,0.5681818181818182,0.8157894736842105,1.313417673110962,0.7997678518295288,190.71770000005017,220,220,220,220,125,38,31
main_grid,syn_01,neutral,0.96,0.0,1.0,synthetic_procedural,LoG,ideal_lowpass,3,True,0.5954545454545455,0.8461538461538461,1.5588840246200562,1.490788221359253,211.97680000000219,220,220,220,220,131,26,22
main_grid,syn_01,neutral,0.96,0.0,1.0,synthetic_procedural,Harris,ideal_lowpass,3,True,0.6772727272727272,0.9320388349514563,1.206237554550171,1.1794806718826294,220.51280000005136,220,220,220,220,149,103,96
main_grid,syn_01,neutral,0.96,0.0,1.0,synthetic_procedural,Shi-Tomasi,ideal_lowpass,3,True,0.6590909090909091,0.831858407079646,1.2439839839935303,1.3206285238265991,208.73099999994338,220,220,220,220,145,113,94
main_grid,syn_01,neutral,0.96,0.0,1.0,synthetic_procedural,SIFT,ideal_lowpass,3,True,0.7181818181818181,0.7702702702702703,0.7034590840339661,0.8417342305183411,413.17509999998947,220,220,220,220,158,74,57
main_grid,syn_01,neutral,0.96,0.0,1.0,synthetic_procedural,Sobel,gaussian_lowpass,1,True,0.21333333333333335,0.42857142857142855,0.8767904937267303,324.26953125,164.4757000001391,150,220,150,220,32,14,6
main_grid,syn_01,neutral,0.96,0.0,1.0,synthetic_procedural,LoG,gaussian_lowpass,1,True,0.6739130434782609,1.0,1.133855402469635,0.5154266357421875,177.40950000006706,92,220,92,220,62,11,11
main_grid,syn_01,neutral,0.96,0.0,1.0,synthetic_procedural,Harris,gaussian_lowpass,1,True,0.8863636363636364,0.9829059829059829,0.5304118394851685,0.5164369940757751,178.96440000004077,220,220,220,220,195,117,115
main_grid,syn_01,neutral,0.96,0.0,1.0,synthetic_procedural,Shi-Tomasi,gaussian_lowpass,1,True,0.8636363636363636,1.0,0.5369111895561218,0.5291353464126587,173.00169999998616,220,220,220,220,190,115,115
main_grid,syn_01,neutral,0.96,0.0,1.0,synthetic_procedural,SIFT,gaussian_lowpass,1,True,0.8116883116883117,0.881578947368421,0.20286250114440918,0.18823552131652832,334.72519999986616,154,158,154,158,125,76,67
main_grid,syn_01,neutral,0.96,0.0,1.0,synthetic_procedural,Sobel,gaussian_lowpass,2,True,0.2545454545454545,0.42857142857142855,1.3900886178016663,324.26953125,274.7807000000648,220,220,220,220,56,14,6
main_grid,syn_01,neutral,0.96,0.0,1.0,synthetic_procedural,LoG,gaussian_lowpass,2,True,0.5906976744186047,0.7857142857142857,1.4766664505004883,0.6847857236862183,312.4413000000459,215,220,215,220,127,14,11
main_grid,syn_01,neutral,0.96,0.0,1.0,synthetic_procedural,Harris,gaussian_lowpass,2,True,0.8863636363636364,0.9847328244274809,0.63343346118927,0.6324689388275146,309.6367000000555,220,220,220,220,195,131,129
main_grid,syn_01,neutral,0.96,0.0,1.0,synthetic_procedural,Shi-Tomasi,gaussian_lowpass,2,True,0.8409090909090909,0.9922480620155039,0.6560713648796082,0.6619606018066406,290.2489999999034,220,220,220,220,185,129,128
main_grid,syn_01,neutral,0.96,0.0,1.0,synthetic_procedural,SIFT,gaussian_lowpass,2,True,0.85,0.8974358974358975,0.27989304065704346,0.3184649646282196,602.6939999999286,220,220,220,220,187,117,105
main_grid,syn_01,neutral,0.96,0.0,1.0,synthetic_procedural,Sobel,gaussian_lowpass,3,True,0.25,0.42857142857142855,1.3967363834381104,324.26953125,322.8993000000173,220,220,220,220,55,14,6
main_grid,syn_01,neutral,0.96,0.0,1.0,synthetic_procedural,LoG,gaussian_lowpass,3,True,0.5772727272727273,0.7857142857142857,1.4766664505004883,0.6847857236862183,332.1609999998145,220,220,220,220,127,14,11
main_grid,syn_01,neutral,0.96,0.0,1.0,synthetic_procedural,Harris,gaussian_lowpass,3,True,0.8727272727272727,0.9844961240310077,0.6520756483078003,0.6556013822555542,301.1398000001009,220,220,220,220,192,129,127
main_grid,syn_01,neutral,0.96,0.0,1.0,synthetic_procedural,Shi-Tomasi,gaussian_lowpass,3,True,0.8454545454545455,0.9705882352941176,0.7062069177627563,0.6993860602378845,294.4145999999819,220,220,220,220,186,136,132
main_grid,syn_01,neutral,0.96,0.0,1.0,synthetic_procedural,SIFT,gaussian_lowpass,3,True,0.8590909090909091,0.8823529411764706,0.28055471181869507,0.31942835450172424,594.532000000072,220,220,220,220,189,119,105
main_grid,syn_01,neutral,0.96,0.0,1.0,synthetic_procedural,Sobel,ideal_highpass,1,True,0.5909090909090909,0.9615384615384616,1.429274559020996,0.591636061668396,231.9793000001482,220,220,220,220,130,52,50
main_grid,syn_01,neutral,0.96,0.0,1.0,synthetic_procedural,LoG,ideal_highpass,1,True,0.6681818181818182,0.9767441860465116,0.5906375050544739,0.42787742614746094,247.40330000008726,220,220,220,220,147,86,84
main_grid,syn_01,neutral,0.96,0.0,1.0,synthetic_procedural,Harris,ideal_highpass,1,True,0.7863636363636364,0.990990990990991,0.4621052145957947,0.3931478261947632,242.62999999996282,220,220,220,220,173,111,110
main_grid,syn_01,neutral,0.96,0.0,1.0,synthetic_procedural,Shi-Tomasi,ideal_highpass,1,True,0.8454545454545455,0.9607843137254902,0.5902847349643707,0.42134517431259155,250.97059999984594,220,220,220,220,186,102,98
main_grid,syn_01,neutral,0.96,0.0,1.0,synthetic_procedural,SIFT,ideal_highpass,1,True,0.6386554621848739,0.8,0.20636873692274094,0.1717681586742401,456.2897000000703,124,119,124,119,76,30,24
main_grid,syn_01,neutral,0.96,0.0,1.0,synthetic_procedural,Sobel,ideal_highpass,2,True,0.5909090909090909,0.9615384615384616,1.429274559020996,0.591636061668396,267.93369999995775,220,220,220,220,130,52,50
main_grid,syn_01,neutral,0.96,0.0,1.0,synthetic_procedural,LoG,ideal_highpass,2,True,0.6636363636363637,0.9761904761904762,0.594755232334137,0.42787742614746094,263.6148999999932,220,220,220,220,146,84,82
main_grid,syn_01,neutral,0.96,0.0,1.0,synthetic_procedural,Harris,ideal_highpass,2,True,0.7545454545454545,0.9897959183673469,0.5418837368488312,0.416967511177063,279.39839999999094,220,220,220,220,166,98,97
main_grid,syn_01,neutral,0.96,0.0,1.0,synthetic_procedural,Shi-Tomasi,ideal_highpass,2,True,0.8045454545454546,0.9425287356321839,0.7427510619163513,0.5020581483840942,279.3767000000571,220,220,220,220,177,87,82
main_grid,syn_01,neutral,0.96,0.0,1.0,synthetic_procedural,SIFT,ideal_highpass,2,True,0.6545454545454545,0.7631578947368421,0.49623164534568787,0.18024754524230957,548.7413999999262,220,220,220,220,144,38,29
main_grid,syn_01,neutral,0.96,0.0,1.0,synthetic_procedural,Sobel,ideal_highpass,3,True,0.5909090909090909,0.9615384615384616,1.429274559020996,0.591636061668396,271.8399000000318,220,220,220,220,130,52,50
main_grid,syn_01,neutral,0.96,0.0,1.0,synthetic_procedural,LoG,ideal_highpass,3,True,0.6636363636363637,0.9761904761904762,0.594755232334137,0.42787742614746094,293.31230000002506,220,220,220,220,146,84,82
main_grid,syn_01,neutral,0.96,0.0,1.0,synthetic_procedural,Harris,ideal_highpass,3,True,0.740909090909091,0.9789473684210527,0.5585233569145203,0.42789167165756226,308.06139999981497,220,220,220,220,163,95,93
main_grid,syn_01,neutral,0.96,0.0,1.0,synthetic_procedural,Shi-Tomasi,ideal_highpass,3,True,0.8,0.9425287356321839,0.742210865020752,0.5020581483840942,300.1561999999467,220,220,220,220,176,87,82
main_grid,syn_01,neutral,0.96,0.0,1.0,synthetic_procedural,SIFT,ideal_highpass,3,True,0.6409090909090909,0.7631578947368421,0.48987138271331787,0.18024754524230957,583.1201000000874,220,220,220,220,141,38,29
main_grid,syn_01,neutral,0.96,0.0,1.0,synthetic_procedural,Sobel,gaussian_highpass,1,True,0.509090909090909,0.9583333333333334,1.3329313397407532,0.42483919858932495,235.86509999995542,220,220,220,220,112,48,46
main_grid,syn_01,neutral,0.96,0.0,1.0,synthetic_procedural,LoG,gaussian_highpass,1,True,0.7227272727272728,1.0,0.5072817206382751,0.4055313169956207,238.9327000000776,220,220,220,220,159,95,95
main_grid,syn_01,neutral,0.96,0.0,1.0,synthetic_procedural,Harris,gaussian_highpass,1,True,0.75,0.9904761904761905,0.47361624240875244,0.4060388207435608,253.51270000010118,220,220,220,220,165,105,104
main_grid,syn_01,neutral,0.96,0.0,1.0,synthetic_procedural,Shi-Tomasi,gaussian_highpass,1,True,0.7863636363636364,0.9801980198019802,0.5519879460334778,0.41088560223579407,245.76559999991332,220,220,220,220,173,101,99
main_grid,syn_01,neutral,0.96,0.0,1.0,synthetic_procedural,SIFT,gaussian_highpass,1,True,0.7043478260869566,0.9333333333333333,0.20902825891971588,0.16114220023155212,498.4994999999799,125,115,125,115,81,30,28
main_grid,syn_01,neutral,0.96,0.0,1.0,synthetic_procedural,Sobel,gaussian_highpass,2,True,0.509090909090909,0.9574468085106383,1.6361353993415833,0.42293357849121094,288.58359999981076,220,220,220,220,112,47,45
main_grid,syn_01,neutral,0.96,0.0,1.0,synthetic_procedural,LoG,gaussian_highpass,2,True,0.7181818181818181,1.0,0.4973732680082321,0.401847779750824,293.05249999993066,220,220,220,220,158,94,94
main_grid,syn_01,neutral,0.96,0.0,1.0,synthetic_procedural,Harris,gaussian_highpass,2,True,0.740909090909091,0.9887640449438202,0.517696738243103,0.39672479033470154,313.5253999998895,220,220,220,220,163,89,88
main_grid,syn_01,neutral,0.96,0.0,1.0,synthetic_procedural,Shi-Tomasi,gaussian_highpass,2,True,0.7772727272727272,1.0,0.6304203867912292,0.39984679222106934,314.2354000001433,220,220,220,220,171,85,85
main_grid,syn_01,neutral,0.96,0.0,1.0,synthetic_procedural,SIFT,gaussian_highpass,2,True,0.6681818181818182,0.9069767441860465,0.3451002240180969,0.18934468924999237,645.1414000000568,220,220,220,220,147,43,39
main_grid,syn_01,neutral,0.96,0.0,1.0,synthetic_procedural,Sobel,gaussian_highpass,3,True,0.509090909090909,0.9574468085106383,1.6361353993415833,0.42293357849121094,297.21870000003037,220,220,220,220,112,47,45
main_grid,syn_01,neutral,0.96,0.0,1.0,synthetic_procedural,LoG,gaussian_highpass,3,True,0.7181818181818181,1.0,0.4973732680082321,0.401847779750824,304.3642000000091,220,220,220,220,158,94,94
main_grid,syn_01,neutral,0.96,0.0,1.0,synthetic_procedural,Harris,gaussian_highpass,3,True,0.7181818181818181,0.9880952380952381,0.5258958637714386,0.3891999125480652,317.67279999985476,220,220,220,220,158,84,83
main_grid,syn_01,neutral,0.96,0.0,1.0,synthetic_procedural,Shi-Tomasi,gaussian_highpass,3,True,0.7636363636363637,0.9883720930232558,0.6207292973995209,0.41234269738197327,317.19250000014654,220,220,220,220,168,86,85
main_grid,syn_01,neutral,0.96,0.0,1.0,synthetic_procedural,SIFT,gaussian_highpass,3,True,0.6681818181818182,0.9285714285714286,0.3451002240180969,0.18066024780273438,678.9814000001115,220,220,220,220,147,42,39
main_grid,syn_02,warm_gradient,1.02,0.5,2.0,synthetic_procedural,Sobel,none,1,True,0.2871287128712871,0.7297297297297297,1.961620271205902,1.5783809423446655,76.63090000005468,202,220,202,220,58,37,27
main_grid,syn_02,warm_gradient,1.02,0.5,2.0,synthetic_procedural,LoG,none,1,True,0.6818181818181818,0.9918032786885246,0.5441928207874298,0.5063720941543579,70.37370000011833,220,220,220,220,150,122,121
main_grid,syn_02,warm_gradient,1.02,0.5,2.0,synthetic_procedural,Harris,none,1,True,0.8636363636363636,1.0,0.4520193040370941,0.43423959612846375,81.59460000001673,220,220,220,220,190,153,153
main_grid,syn_02,warm_gradient,1.02,0.5,2.0,synthetic_procedural,Shi-Tomasi,none,1,True,0.8363636363636363,1.0,0.5239524245262146,0.47598060965538025,79.34010000008129,220,220,220,220,184,141,141
main_grid,syn_02,warm_gradient,1.02,0.5,2.0,synthetic_procedural,SIFT,none,1,True,0.6916666666666667,0.85,0.3747365176677704,0.30123084783554077,437.9255000001194,129,120,129,120,83,20,17
main_grid,syn_02,warm_gradient,1.02,0.5,2.0,synthetic_procedural,Sobel,none,2,True,0.3181818181818182,0.7297297297297297,2.0473564863204956,1.5783809423446655,114.63189999994938,220,220,220,220,70,37,27
main_grid,syn_02,warm_gradient,1.02,0.5,2.0,synthetic_procedural,LoG,none,2,True,0.6818181818181818,0.9833333333333333,0.5603074729442596,0.5089844465255737,96.93409999999858,220,220,220,220,150,120,118
main_grid,syn_02,warm_gradient,1.02,0.5,2.0,synthetic_procedural,Harris,none,2,True,0.8272727272727273,1.0,0.477825865149498,0.3940350115299225,119.31809999987308,220,220,220,220,182,134,134
main_grid,syn_02,warm_gradient,1.02,0.5,2.0,synthetic_procedural,Shi-Tomasi,none,2,True,0.8363636363636363,1.0,0.6461493670940399,0.547367513179779,114.9177999998301,220,220,220,220,184,131,131
main_grid,syn_02,warm_gradient,1.02,0.5,2.0,synthetic_procedural,SIFT,none,2,True,0.7589743589743589,0.8076923076923077,0.38912124931812286,0.3638795018196106,625.09759999989,220,195,220,195,148,52,42
main_grid,syn_02,warm_gradient,1.02,0.5,2.0,synthetic_procedural,Sobel,none,3,True,0.3181818181818182,0.7297297297297297,2.0473564863204956,1.5783809423446655,135.68589999999858,220,220,220,220,70,37,27
main_grid,syn_02,warm_gradient,1.02,0.5,2.0,synthetic_procedural,LoG,none,3,True,0.6818181818181818,0.9833333333333333,0.5603074729442596,0.5089844465255737,135.3947000000062,220,220,220,220,150,120,118
main_grid,syn_02,warm_gradient,1.02,0.5,2.0,synthetic_procedural,Harris,none,3,True,0.8045454545454546,1.0,0.4796711206436157,0.3940350115299225,133.2907000000887,220,220,220,220,177,130,130
main_grid,syn_02,warm_gradient,1.02,0.5,2.0,synthetic_procedural,Shi-Tomasi,none,3,True,0.8045454545454546,0.9694656488549618,0.6441096663475037,0.5783312916755676,118.82669999999962,220,220,220,220,177,131,127
main_grid,syn_02,warm_gradient,1.02,0.5,2.0,synthetic_procedural,SIFT,none,3,True,0.6772727272727272,0.8076923076923077,0.39218267798423767,0.3638795018196106,636.5037999999004,220,220,220,220,149,52,42
main_grid,syn_02,warm_gradient,1.02,0.5,2.0,synthetic_procedural,Sobel,ideal_lowpass,1,True,0.6454545454545455,0.9545454545454546,0.9217682778835297,0.5993816256523132,200.2906999998686,220,220,220,220,142,44,42
main_grid,syn_02,warm_gradient,1.02,0.5,2.0,synthetic_procedural,LoG,ideal_lowpass,1,True,0.6772727272727272,0.9512195121951219,1.0536067485809326,0.6835875511169434,205.907199999956,220,220,220,220,149,41,39
main_grid,syn_02,warm_gradient,1.02,0.5,2.0,synthetic_procedural,Harris,ideal_lowpass,1,True,0.7727272727272727,0.9347826086956522,0.6469984352588654,0.6420309543609619,245.8940999999868,220,220,220,220,170,138,129
main_grid,syn_02,warm_gradient,1.02,0.5,2.0,synthetic_procedural,Shi-Tomasi,ideal_lowpass,1,True,0.7909090909090909,0.9699248120300752,0.689848005771637,0.6301539540290833,200.2869999998893,220,220,220,220,174,133,129
main_grid,syn_02,warm_gradient,1.02,0.5,2.0,synthetic_procedural,SIFT,ideal_lowpass,1,True,0.7357142857142858,0.8153846153846154,0.26082873344421387,0.37087786197662354,399.6196999999029,140,142,140,142,103,65,53
main_grid,syn_02,warm_gradient,1.02,0.5,2.0,synthetic_procedural,Sobel,ideal_lowpass,2,True,0.6272727272727273,0.9555555555555556,0.9727466106414795,0.6320079565048218,209.15709999985665,220,220,220,220,138,45,43
main_grid,syn_02,warm_gradient,1.02,0.5,2.0,synthetic_procedural,LoG,ideal_lowpass,2,True,0.6818181818181818,0.9565217391304348,1.0538924932479858,0.7291549444198608,230.4153000000042,220,220,220,220,150,46,44
main_grid,syn_02,warm_gradient,1.02,0.5,2.0,synthetic_procedural,Harris,ideal_lowpass,2,True,0.7681818181818182,0.958904109589041,0.8850716352462769,0.8151777982711792,253.24069999987842,220,220,220,220,169,146,140
main_grid,syn_02,warm_gradient,1.02,0.5,2.0,synthetic_procedural,Shi-Tomasi,ideal_lowpass,2,True,0.7954545454545454,0.9798657718120806,0.9138662815093994,0.8396199345588684,259.0328999999656,220,220,220,220,175,149,146
main_grid,syn_02,warm_gradient,1.02,0.5,2.0,synthetic_procedural,SIFT,ideal_lowpass,2,True,0.6818181818181818,0.8780487804878049,0.4208379089832306,0.4291779398918152,571.1056999998618,220,220,220,220,150,82,72
main_grid,syn_02,warm_gradient,1.02,0.5,2.0,synthetic_procedural,Sobel,ideal_lowpass,3,True,0.6272727272727273,0.9555555555555556,0.9727466106414795,0.6320079565048218,257.16000000011263,220,220,220,220,138,45,43
main_grid,syn_02,warm_gradient,1.02,0.5,2.0,synthetic_procedural,LoG,ideal_lowpass,3,True,0.6818181818181818,0.9565217391304348,1.0538924932479858,0.7291549444198608,225.06739999994352,220,220,220,220,150,46,44
main_grid,syn_02,warm_gradient,1.02,0.5,2.0,synthetic_procedural,Harris,ideal_lowpass,3,True,0.7681818181818182,0.9652777777777778,0.9030733108520508,0.8164218664169312,304.0355000000545,220,220,220,220,169,144,139
main_grid,syn_02,warm_gradient,1.02,0.5,2.0,synthetic_procedural,Shi-Tomasi,ideal_lowpass,3,True,0.7818181818181819,0.9726027397260274,0.916797012090683,0.8893102407455444,290.42379999987133,220,220,220,220,172,146,142
main_grid,syn_02,warm_gradient,1.02,0.5,2.0,synthetic_procedural,SIFT,ideal_lowpass,3,True,0.6818181818181818,0.8780487804878049,0.42618776857852936,0.4390651285648346,544.9947000001885,220,220,220,220,150,82,72
main_grid,syn_02,warm_gradient,1.02,0.5,2.0,synthetic_procedural,Sobel,gaussian_lowpass,1,True,0.5033557046979866,0.8571428571428571,0.8491038084030151,0.873222291469574,213.08529999987513,149,220,149,220,75,14,12
main_grid,syn_02,warm_gradient,1.02,0.5,2.0,synthetic_procedural,LoG,gaussian_lowpass,1,True,0.6739130434782609,0.8888888888888888,1.2192112803459167,0.38599905371665955,213.37270000003628,92,220,92,220,62,9,8
main_grid,syn_02,warm_gradient,1.02,0.5,2.0,synthetic_procedural,Harris,gaussian_lowpass,1,True,0.8818181818181818,1.0,0.5412492454051971,0.47947412729263306,230.40050000008705,220,220,220,220,194,142,142
main_grid,syn_02,warm_gradient,1.02,0.5,2.0,synthetic_procedural,Shi-Tomasi,gaussian_lowpass,1,True,0.8727272727272727,1.0,0.5318009257316589,0.48660367727279663,232.7751000000262,220,220,220,220,192,136,136
main_grid,syn_02,warm_gradient,1.02,0.5,2.0,synthetic_procedural,SIFT,gaussian_lowpass,1,True,0.8013245033112583,0.9014084507042254,0.1376948058605194,0.13164015114307404,441.544100000101,151,162,151,162,121,71,64
main_grid,syn_02,warm_gradient,1.02,0.5,2.0,synthetic_procedural,Sobel,gaussian_lowpass,2,True,0.4909090909090909,0.8,1.131486713886261,0.924342930316925,268.5245999998642,220,220,220,220,108,15,12
main_grid,syn_02,warm_gradient,1.02,0.5,2.0,synthetic_procedural,LoG,gaussian_lowpass,2,True,0.5714285714285714,0.8,1.5017096400260925,0.5050249695777893,269.4085999999061,217,220,217,220,124,10,8
main_grid,syn_02,warm_gradient,1.02,0.5,2.0,synthetic_procedural,Harris,gaussian_lowpass,2,True,0.8818181818181818,0.9933333333333333,0.607873797416687,0.6005481481552124,289.19969999992645,220,220,220,220,194,150,149
main_grid,syn_02,warm_gradient,1.02,0.5,2.0,synthetic_procedural,Shi-Tomasi,gaussian_lowpass,2,True,0.8318181818181818,0.9925373134328358,0.6361130475997925,0.5903908610343933,272.85550000010517,220,220,220,220,183,134,133
main_grid,syn_02,warm_gradient,1.02,0.5,2.0,synthetic_procedural,SIFT,gaussian_lowpass,2,True,0.8227272727272728,0.9223300970873787,0.2119385153055191,0.2245446890592575,569.5666999999958,220,220,220,220,181,103,95
main_grid,syn_02,warm_gradient,1.02,0.5,2.0,synthetic_procedural,Sobel,gaussian_lowpass,3,True,0.4818181818181818,0.8,1.131486713886261,0.924342930316925,289.5595999998477,220,220,220,220,106,15,12
main_grid,syn_02,warm_gradient,1.02,0.5,2.0,synthetic_procedural,LoG,gaussian_lowpass,3,True,0.5590909090909091,0.8,1.5008641481399536,0.5050249695777893,306.79220000001806,220,220,220,220,123,10,8
main_grid,syn_02,warm_gradient,1.02,0.5,2.0,synthetic_procedural,Harris,gaussian_lowpass,3,True,0.8954545454545455,0.9802631578947368,0.6319666504859924,0.6239258050918579,286.42500000000837,220,220,220,220,197,152,149
main_grid,syn_02,warm_gradient,1.02,0.5,2.0,synthetic_procedural,Shi-Tomasi,gaussian_lowpass,3,True,0.8409090909090909,0.9928057553956835,0.6573042273521423,0.6573042273521423,301.28819999981715,220,220,220,220,185,139,138
main_grid,syn_02,warm_gradient,1.02,0.5,2.0,synthetic_procedural,SIFT,gaussian_lowpass,3,True,0.8181818181818182,0.9245283018867925,0.2117391675710678,0.23448282480239868,606.7567000000054,220,220,220,220,180,106,98
main_grid,syn_02,warm_gradient,1.02,0.5,2.0,synthetic_procedural,Sobel,ideal_highpass,1,True,0.5681818181818182,0.9803921568627451,1.7186967134475708,0.5155413150787354,225.30280000000857,220,220,220,220,125,51,50
main_grid,syn_02,warm_gradient,1.02,0.5,2.0,synthetic_procedural,LoG,ideal_highpass,1,True,0.7,0.9803921568627451,0.5079475343227386,0.41692668199539185,218.21470000008958,220,220,220,220,154,102,100
main_grid,syn_02,warm_gradient,1.02,0.5,2.0,synthetic_procedural,Harris,ideal_highpass,1,True,0.8090909090909091,0.9772727272727273,0.48280371725559235,0.402260959148407,216.4278000000195,220,220,220,220,178,132,129
main_grid,syn_02,warm_gradient,1.02,0.5,2.0,synthetic_procedural,Shi-Tomasi,ideal_highpass,1,True,0.8272727272727273,0.9918032786885246,0.5183205306529999,0.39457905292510986,233.7109000000055,220,220,220,220,182,122,121
main_grid,syn_02,warm_gradient,1.02,0.5,2.0,synthetic_procedural,SIFT,ideal_highpass,1,True,0.6140350877192983,0.9333333333333333,0.25746141374111176,0.17968173325061798,427.78309999994235,120,114,120,114,70,30,28
main_grid,syn_02,warm_gradient,1.02,0.5,2.0,synthetic_procedural,Sobel,ideal_highpass,2,True,0.5681818181818182,0.9803921568627451,1.7186967134475708,0.5155413150787354,272.56710000006024,220,220,220,220,125,51,50
main_grid,syn_02,warm_gradient,1.02,0.5,2.0,synthetic_procedural,LoG,ideal_highpass,2,True,0.7045454545454546,0.9803921568627451,0.5290215015411377,0.41692668199539185,278.3431999998811,220,220,220,220,155,102,100
main_grid,syn_02,warm_gradient,1.02,0.5,2.0,synthetic_procedural,Harris,ideal_highpass,2,True,0.8,0.9824561403508771,0.5557823181152344,0.4134232997894287,277.2758999999496,220,220,220,220,176,114,112
main_grid,syn_02,warm_gradient,1.02,0.5,2.0,synthetic_procedural,Shi-Tomasi,ideal_highpass,2,True,0.8318181818181818,0.9734513274336283,0.6094668507575989,0.4121231138706207,298.2836999999563,220,220,220,220,183,113,110
main_grid,syn_02,warm_gradient,1.02,0.5,2.0,synthetic_procedural,SIFT,ideal_highpass,2,True,0.6716417910447762,0.7872340425531915,0.5986936688423157,0.28520113229751587,589.0176999998857,220,201,220,201,135,47,37
main_grid,syn_02,warm_gradient,1.02,0.5,2.0,synthetic_procedural,Sobel,ideal_highpass,3,True,0.5681818181818182,0.9803921568627451,1.7186967134475708,0.5155413150787354,304.46759999995265,220,220,220,220,125,51,50
main_grid,syn_02,warm_gradient,1.02,0.5,2.0,synthetic_procedural,LoG,ideal_highpass,3,True,0.7045454545454546,0.9803921568627451,0.5290215015411377,0.41692668199539185,276.0739000000285,220,220,220,220,155,102,100
main_grid,syn_02,warm_gradient,1.02,0.5,2.0,synthetic_procedural,Harris,ideal_highpass,3,True,0.7909090909090909,0.9824561403508771,0.5557823181152344,0.4134232997894287,371.2772999999743,220,220,220,220,174,114,112
main_grid,syn_02,warm_gradient,1.02,0.5,2.0,synthetic_procedural,Shi-Tomasi,ideal_highpass,3,True,0.8045454545454546,0.972972972972973,0.6612458825111389,0.4248936176300049,331.39219999998204,220,220,220,220,177,111,108
main_grid,syn_02,warm_gradient,1.02,0.5,2.0,synthetic_procedural,SIFT,ideal_highpass,3,True,0.6272727272727273,0.8043478260869565,0.6611464619636536,0.2669134736061096,659.5008000001599,220,220,220,220,138,46,37
main_grid,syn_02,warm_gradient,1.02,0.5,2.0,synthetic_procedural,Sobel,gaussian_highpass,1,True,0.4909090909090909,0.9583333333333334,1.3875547051429749,0.4767306447029114,264.73029999988285,220,220,220,220,108,48,46
main_grid,syn_02,warm_gradient,1.02,0.5,2.0,synthetic_procedural,LoG,gaussian_highpass,1,True,0.6818181818181818,0.9904761904761905,0.5162065327167511,0.40699511766433716,284.3542000000525,220,220,220,220,150,105,104
main_grid,syn_02,warm_gradient,1.02,0.5,2.0,synthetic_procedural,Harris,gaussian_highpass,1,True,0.7636363636363637,1.0,0.42875005304813385,0.3816782236099243,281.9351000000552,220,220,220,220,168,124,124
main_grid,syn_02,warm_gradient,1.02,0.5,2.0,synthetic_procedural,Shi-Tomasi,gaussian_highpass,1,True,0.8227272727272728,1.0,0.47975167632102966,0.41134363412857056,260.9250999998949,220,220,220,220,181,116,116
main_grid,syn_02,warm_gradient,1.02,0.5,2.0,synthetic_procedural,SIFT,gaussian_highpass,1,True,0.6416666666666667,0.7777777777777778,0.21666406095027924,0.20441243052482605,687.4534000000949,120,120,120,120,77,27,21
main_grid,syn_02,warm_gradient,1.02,0.5,2.0,synthetic_procedural,Sobel,gaussian_highpass,2,True,0.4909090909090909,0.9583333333333334,1.3875547051429749,0.4767306447029114,281.94829999983995,220,220,220,220,108,48,46
main_grid,syn_02,warm_gradient,1.02,0.5,2.0,synthetic_procedural,LoG,gaussian_highpass,2,True,0.6909090909090909,1.0,0.5441928207874298,0.40699511766433716,268.20309999993697,220,220,220,220,152,103,103
main_grid,syn_02,warm_gradient,1.02,0.5,2.0,synthetic_procedural,Harris,gaussian_highpass,2,True,0.7681818181818182,0.9896907216494846,0.5867201089859009,0.3878847062587738,274.05449999992015,220,220,220,220,169,97,96
main_grid,syn_02,warm_gradient,1.02,0.5,2.0,synthetic_procedural,Shi-Tomasi,gaussian_highpass,2,True,0.8318181818181818,1.0,0.5423542261123657,0.39921021461486816,265.47549999986586,220,220,220,220,183,101,101
main_grid,syn_02,warm_gradient,1.02,0.5,2.0,synthetic_procedural,SIFT,gaussian_highpass,2,True,0.6545454545454545,0.7380952380952381,0.31036680936813354,0.2614683508872986,810.2803000001586,220,220,220,220,144,42,31
main_grid,syn_02,warm_gradient,1.02,0.5,2.0,synthetic_procedural,Sobel,gaussian_highpass,3,True,0.4909090909090909,0.9583333333333334,1.3875547051429749,0.4767306447029114,310.21069999997053,220,220,220,220,108,48,46
main_grid,syn_02,warm_gradient,1.02,0.5,2.0,synthetic_procedural,LoG,gaussian_highpass,3,True,0.6909090909090909,1.0,0.5441928207874298,0.40699511766433716,322.7811000001566,220,220,220,220,152,103,103
main_grid,syn_02,warm_gradient,1.02,0.5,2.0,synthetic_procedural,Harris,gaussian_highpass,3,True,0.759090909090909,0.9893617021276596,0.5883511304855347,0.38104644417762756,357.78049999998984,220,220,220,220,167,94,93
main_grid,syn_02,warm_gradient,1.02,0.5,2.0,synthetic_procedural,Shi-Tomasi,gaussian_highpass,3,True,0.8136363636363636,1.0,0.5618721842765808,0.3924519419670105,307.4564000000919,220,220,220,220,179,96,96
main_grid,syn_02,warm_gradient,1.02,0.5,2.0,synthetic_procedural,SIFT,gaussian_highpass,3,True,0.6454545454545455,0.7317073170731707,0.30451247096061707,0.26024129986763,830.8872000000065,220,220,220,220,142,41,30
main_grid,syn_03,cool_side_light,0.9,0.8,4.0,synthetic_procedural,Sobel,none,1,True,0.21674876847290642,0.8666666666666667,1.9009516835212708,1.812199354171753,80.89059999997517,203,220,203,220,44,15,13
main_grid,syn_03,cool_side_light,0.9,0.8,4.0,synthetic_procedural,LoG,none,1,True,0.07727272727272727,1.0,0.6141663193702698,0.4062473177909851,72.72029999990082,220,220,220,220,17,8,8
main_grid,syn_03,cool_side_light,0.9,0.8,4.0,synthetic_procedural,Harris,none,1,True,0.740909090909091,0.9868421052631579,0.5324031114578247,0.44832533597946167,87.35840000008466,220,220,220,220,163,76,75
main_grid,syn_03,cool_side_light,0.9,0.8,4.0,synthetic_procedural,Shi-Tomasi,none,1,True,0.7045454545454546,0.9866666666666667,0.7138149738311768,0.5918796062469482,83.25610000019878,220,220,220,220,155,75,74
main_grid,syn_03,cool_side_light,0.9,0.8,4.0,synthetic_procedural,SIFT,none,1,True,0.373015873015873,0.6923076923076923,0.5649973154067993,0.5078772902488708,456.3858999999866,129,126,129,126,47,13,9
main_grid,syn_03,cool_side_light,0.9,0.8,4.0,synthetic_procedural,Sobel,none,2,True,0.2,0.8666666666666667,1.9009516835212708,1.812199354171753,106.33819999998195,220,220,220,220,44,15,13
main_grid,syn_03,cool_side_light,0.9,0.8,4.0,synthetic_procedural,LoG,none,2,True,0.07727272727272727,1.0,0.6141663193702698,0.4062473177909851,94.81559999994715,220,220,220,220,17,6,6
main_grid,syn_03,cool_side_light,0.9,0.8,4.0,synthetic_procedural,Harris,none,2,True,0.7181818181818181,0.9846153846153847,0.6212751269340515,0.4193662405014038,116.46079999991343,220,220,220,220,158,65,64
main_grid,syn_03,cool_side_light,0.9,0.8,4.0,synthetic_procedural,Shi-Tomasi,none,2,True,0.6954545454545454,1.0,0.9310505390167236,0.5918796062469482,104.31590000007418,220,220,220,220,153,61,61
main_grid,syn_03,cool_side_light,0.9,0.8,4.0,synthetic_procedural,SIFT,none,2,True,0.5502958579881657,0.8620689655172413,0.42614802718162537,0.3704056739807129,556.9328999999925,220,169,220,169,93,29,25
main_grid,syn_03,cool_side_light,0.9,0.8,4.0,synthetic_procedural,Sobel,none,3,True,0.2,0.8666666666666667,1.9009516835212708,1.812199354171753,114.82719999980873,220,220,220,220,44,15,13
main_grid,syn_03,cool_side_light,0.9,0.8,4.0,synthetic_procedural,LoG,none,3,True,0.07727272727272727,1.0,0.6141663193702698,0.4062473177909851,105.9227999999166,220,220,220,220,17,6,6
main_grid,syn_03,cool_side_light,0.9,0.8,4.0,synthetic_procedural,Harris,none,3,True,0.6772727272727272,1.0,0.615203857421875,0.4194467067718506,118.04970000002868,220,220,220,220,149,66,66
main_grid,syn_03,cool_side_light,0.9,0.8,4.0,synthetic_procedural,Shi-Tomasi,none,3,True,0.6818181818181818,0.95,0.8671824038028717,0.6033826470375061,104.99159999994845,220,220,220,220,150,60,57
main_grid,syn_03,cool_side_light,0.9,0.8,4.0,synthetic_procedural,SIFT,none,3,True,0.45454545454545453,0.8620689655172413,0.47289322316646576,0.3704056739807129,596.8282999999701,220,220,220,220,100,29,25
main_grid,syn_03,cool_side_light,0.9,0.8,4.0,synthetic_procedural,Sobel,ideal_lowpass,1,True,0.42727272727272725,0.8529411764705882,1.7199699878692627,1.5609947443008423,200.10520000005272,220,220,220,220,94,34,29
main_grid,syn_03,cool_side_light,0.9,0.8,4.0,synthetic_procedural,LoG,ideal_lowpass,1,True,0.4909090909090909,0.8076923076923077,2.1468608379364014,1.9085029363632202,207.46910000002572,220,220,220,220,108,26,21
main_grid,syn_03,cool_side_light,0.9,0.8,4.0,synthetic_procedural,Harris,ideal_lowpass,1,True,0.5227272727272727,0.890625,1.4863858222961426,1.4681801795959473,216.1769000001641,220,220,220,220,115,64,57
main_grid,syn_03,cool_side_light,0.9,0.8,4.0,synthetic_procedural,Shi-Tomasi,ideal_lowpass,1,True,0.5772727272727273,0.890625,1.4589838981628418,1.4214279651641846,231.7632000001595,220,220,220,220,127,64,57
main_grid,syn_03,cool_side_light,0.9,0.8,4.0,synthetic_procedural,SIFT,ideal_lowpass,1,True,0.5704225352112676,0.7608695652173914,0.8256832957267761,1.372947335243225,411.1703999999463,142,143,142,143,81,46,35
main_grid,syn_03,cool_side_light,0.9,0.8,4.0,synthetic_procedural,Sobel,ideal_lowpass,2,True,0.42727272727272725,0.8529411764705882,1.7199699878692627,1.5609947443008423,232.17120000003888,220,220,220,220,94,34,29
main_grid,syn_03,cool_side_light,0.9,0.8,4.0,synthetic_procedural,LoG,ideal_lowpass,2,True,0.4727272727272727,0.8461538461538461,2.135752558708191,1.9085029363632202,209.05549999997675,220,220,220,220,104,26,22
main_grid,syn_03,cool_side_light,0.9,0.8,4.0,synthetic_procedural,Harris,ideal_lowpass,2,True,0.5272727272727272,0.9,1.833519160747528,1.7816495895385742,281.68890000006286,220,220,220,220,116,70,63
main_grid,syn_03,cool_side_light,0.9,0.8,4.0,synthetic_procedural,Shi-Tomasi,ideal_lowpass,2,True,0.5818181818181818,0.8769230769230769,1.9050887823104858,1.5576435327529907,235.4230999999345,220,220,220,220,128,65,57
main_grid,syn_03,cool_side_light,0.9,0.8,4.0,synthetic_procedural,SIFT,ideal_lowpass,2,True,0.5681818181818182,0.8095238095238095,0.8833035230636597,1.2784748077392578,553.3735000001343,220,220,220,220,125,63,51
main_grid,syn_03,cool_side_light,0.9,0.8,4.0,synthetic_procedural,Sobel,ideal_lowpass,3,True,0.42727272727272725,0.8529411764705882,1.7199699878692627,1.5609947443008423,222.7496999998948,220,220,220,220,94,34,29
main_grid,syn_03,cool_side_light,0.9,0.8,4.0,synthetic_procedural,LoG,ideal_lowpass,3,True,0.4636363636363636,0.8461538461538461,2.135752558708191,1.9085029363632202,203.9038000000346,220,220,220,220,102,26,22
main_grid,syn_03,cool_side_light,0.9,0.8,4.0,synthetic_procedural,Harris,ideal_lowpass,3,True,0.5272727272727272,0.8333333333333334,1.9628728032112122,1.9840295314788818,282.11850000002414,220,220,220,220,116,72,60
main_grid,syn_03,cool_side_light,0.9,0.8,4.0,synthetic_procedural,Shi-Tomasi,ideal_lowpass,3,True,0.5681818181818182,0.8656716417910447,1.8923388719558716,1.710984706878662,293.9940999999635,220,220,220,220,125,67,58
main_grid,syn_03,cool_side_light,0.9,0.8,4.0,synthetic_procedural,SIFT,ideal_lowpass,3,True,0.5636363636363636,0.78125,0.882245659828186,1.317860722541809,583.4617000000435,220,220,220,220,124,64,50
main_grid,syn_03,cool_side_light,0.9,0.8,4.0,synthetic_procedural,Sobel,gaussian_lowpass,1,True,0.3333333333333333,0.8461538461538461,1.2512729167938232,1.0950596332550049,231.9326000001638,150,220,150,220,50,13,11
main_grid,syn_03,cool_side_light,0.9,0.8,4.0,synthetic_procedural,LoG,gaussian_lowpass,1,True,0.42391304347826086,0.7142857142857143,1.4963786602020264,1.648869276046753,183.9492000001428,92,220,92,220,39,7,5
main_grid,syn_03,cool_side_light,0.9,0.8,4.0,synthetic_procedural,Harris,gaussian_lowpass,1,True,0.7681818181818182,0.9896907216494846,0.9787664413452148,0.7644726634025574,197.33670000005077,220,220,220,220,169,97,96
main_grid,syn_03,cool_side_light,0.9,0.8,4.0,synthetic_procedural,Shi-Tomasi,gaussian_lowpass,1,True,0.7136363636363636,1.0,0.84285968542099,0.6959317326545715,234.33700000009594,220,220,220,220,157,85,85
main_grid,syn_03,cool_side_light,0.9,0.8,4.0,synthetic_procedural,SIFT,gaussian_lowpass,1,True,0.6753246753246753,0.9444444444444444,0.36942894756793976,0.2873130440711975,438.01090000010845,154,154,154,154,104,54,51
main_grid,syn_03,cool_side_light,0.9,0.8,4.0,synthetic_procedural,Sobel,gaussian_lowpass,2,True,0.39545454545454545,0.8666666666666667,1.478041648864746,1.0950596332550049,281.05399999981273,220,220,220,220,87,15,13
main_grid,syn_03,cool_side_light,0.9,0.8,4.0,synthetic_procedural,LoG,gaussian_lowpass,2,True,0.41935483870967744,0.5555555555555556,1.648869276046753,2.4697647094726562,278.12840000001415,217,220,217,220,91,9,5
main_grid,syn_03,cool_side_light,0.9,0.8,4.0,synthetic_procedural,Harris,gaussian_lowpass,2,True,0.7772727272727272,1.0,0.8813367486000061,0.761807918548584,275.7933000000321,220,220,220,220,171,116,116
main_grid,syn_03,cool_side_light,0.9,0.8,4.0,synthetic_procedural,Shi-Tomasi,gaussian_lowpass,2,True,0.759090909090909,0.9894736842105263,0.9610357284545898,0.7238321900367737,274.00360000001456,220,220,220,220,167,95,94
main_grid,syn_03,cool_side_light,0.9,0.8,4.0,synthetic_procedural,SIFT,gaussian_lowpass,2,True,0.759090909090909,0.9204545454545454,0.4438726007938385,0.36942893266677856,514.1768000000866,220,220,220,220,167,88,81
main_grid,syn_03,cool_side_light,0.9,0.8,4.0,synthetic_procedural,Sobel,gaussian_lowpass,3,True,0.4,0.8235294117647058,1.4818214178085327,1.2925227880477905,275.69259999995666,220,220,220,220,88,17,14
main_grid,syn_03,cool_side_light,0.9,0.8,4.0,synthetic_procedural,LoG,gaussian_lowpass,3,True,0.41363636363636364,0.5555555555555556,1.648869276046753,2.4697647094726562,299.681499999906,220,220,220,220,91,9,5
main_grid,syn_03,cool_side_light,0.9,0.8,4.0,synthetic_procedural,Harris,gaussian_lowpass,3,True,0.7681818181818182,1.0,0.9376679062843323,0.7764939665794373,297.63859999980014,220,220,220,220,169,114,114
main_grid,syn_03,cool_side_light,0.9,0.8,4.0,synthetic_procedural,Shi-Tomasi,gaussian_lowpass,3,True,0.7636363636363637,0.9797979797979798,0.9674363136291504,0.784919261932373,286.65479999995114,220,220,220,220,168,99,97
main_grid,syn_03,cool_side_light,0.9,0.8,4.0,synthetic_procedural,SIFT,gaussian_lowpass,3,True,0.759090909090909,0.9204545454545454,0.44660326838493347,0.3794306516647339,529.540999999881,220,220,220,220,167,88,81
main_grid,syn_03,cool_side_light,0.9,0.8,4.0,synthetic_procedural,Sobel,ideal_highpass,1,True,0.35,0.8,2.9341559410095215,1.7385529279708862,210.41340000010678,220,220,220,220,77,5,4
main_grid,syn_03,cool_side_light,0.9,0.8,4.0,synthetic_procedural,LoG,ideal_highpass,1,True,0.38181818181818183,1.0,1.0838847160339355,0.4557800889015198,221.10109999994165,220,220,220,220,84,9,9
main_grid,syn_03,cool_side_light,0.9,0.8,4.0,synthetic_procedural,Harris,ideal_highpass,1,True,0.6909090909090909,0.9565217391304348,0.7293962836265564,0.4193662405014038,247.72200000006706,220,220,220,220,152,23,22
main_grid,syn_03,cool_side_light,0.9,0.8,4.0,synthetic_procedural,Shi-Tomasi,ideal_highpass,1,True,0.6863636363636364,0.9444444444444444,0.9402438402175903,0.7664930820465088,249.233699999877,220,220,220,220,151,18,17
main_grid,syn_03,cool_side_light,0.9,0.8,4.0,synthetic_procedural,SIFT,ideal_highpass,1,True,0.44642857142857145,0.8333333333333334,1.5698914527893066,0.42741963267326355,478.31270000006043,121,112,121,112,50,6,5
main_grid,syn_03,cool_side_light,0.9,0.8,4.0,synthetic_procedural,Sobel,ideal_highpass,2,True,0.35,0.8,2.9341559410095215,1.7385529279708862,285.8219000002009,220,220,220,220,77,5,4
main_grid,syn_03,cool_side_light,0.9,0.8,4.0,synthetic_procedural,LoG,ideal_highpass,2,True,0.37727272727272726,1.0,1.058188557624817,0.4557800889015198,290.26859999999033,220,220,220,220,83,9,9
main_grid,syn_03,cool_side_light,0.9,0.8,4.0,synthetic_procedural,Harris,ideal_highpass,2,True,0.75,0.9090909090909091,0.929332435131073,0.5098209977149963,310.0589000000582,220,220,220,220,165,22,20
main_grid,syn_03,cool_side_light,0.9,0.8,4.0,synthetic_procedural,Shi-Tomasi,ideal_highpass,2,True,0.7,0.8823529411764706,1.5091963410377502,0.721376359462738,275.0148000000081,220,220,220,220,154,17,15
main_grid,syn_03,cool_side_light,0.9,0.8,4.0,synthetic_procedural,SIFT,ideal_highpass,2,True,0.5891891891891892,0.9230769230769231,1.6561928987503052,0.594110369682312,550.1564999999573,220,185,220,185,109,13,12
main_grid,syn_03,cool_side_light,0.9,0.8,4.0,synthetic_procedural,Sobel,ideal_highpass,3,True,0.35,0.8,2.9341559410095215,1.7385529279708862,292.41430000001856,220,220,220,220,77,5,4
main_grid,syn_03,cool_side_light,0.9,0.8,4.0,synthetic_procedural,LoG,ideal_highpass,3,True,0.37727272727272726,1.0,1.058188557624817,0.4557800889015198,291.07909999993353,220,220,220,220,83,9,9
main_grid,syn_03,cool_side_light,0.9,0.8,4.0,synthetic_procedural,Harris,ideal_highpass,3,True,0.7136363636363636,0.9047619047619048,1.0266225337982178,0.4858875572681427,294.3542000000434,220,220,220,220,157,21,19
main_grid,syn_03,cool_side_light,0.9,0.8,4.0,synthetic_procedural,Shi-Tomasi,ideal_highpass,3,True,0.6681818181818182,0.9333333333333333,1.6007965803146362,0.721376359462738,285.39039999986926,220,220,220,220,147,15,14
main_grid,syn_03,cool_side_light,0.9,0.8,4.0,synthetic_procedural,SIFT,ideal_highpass,3,True,0.509090909090909,0.9230769230769231,1.733873426914215,0.6909546852111816,592.3236000000998,220,220,220,220,112,13,12
main_grid,syn_03,cool_side_light,0.9,0.8,4.0,synthetic_procedural,Sobel,gaussian_highpass,1,True,0.33181818181818185,0.8823529411764706,1.850611686706543,1.0645413398742676,240.83629999995537,220,220,220,220,73,17,15
main_grid,syn_03,cool_side_light,0.9,0.8,4.0,synthetic_procedural,LoG,gaussian_highpass,1,True,0.39090909090909093,1.0,0.7529918849468231,0.509194016456604,235.11340000004566,220,220,220,220,86,20,20
main_grid,syn_03,cool_side_light,0.9,0.8,4.0,synthetic_procedural,Harris,gaussian_highpass,1,True,0.6818181818181818,0.9772727272727273,0.6269307136535645,0.43609195947647095,245.01180000015665,220,220,220,220,150,44,43
main_grid,syn_03,cool_side_light,0.9,0.8,4.0,synthetic_procedural,Shi-Tomasi,gaussian_highpass,1,True,0.6772727272727272,0.9117647058823529,0.7523996829986572,0.6966882944107056,242.9587999999967,220,220,220,220,149,34,31
main_grid,syn_03,cool_side_light,0.9,0.8,4.0,synthetic_procedural,SIFT,gaussian_highpass,1,True,0.6106194690265486,0.7777777777777778,0.6570315957069397,0.33564287424087524,657.8764000000774,120,113,120,113,69,9,7
main_grid,syn_03,cool_side_light,0.9,0.8,4.0,synthetic_procedural,Sobel,gaussian_highpass,2,True,0.33181818181818185,0.8823529411764706,1.850611686706543,1.0645413398742676,290.33300000014606,220,220,220,220,73,17,15
main_grid,syn_03,cool_side_light,0.9,0.8,4.0,synthetic_procedural,LoG,gaussian_highpass,2,True,0.39545454545454545,1.0,0.7900553345680237,0.509194016456604,295.00560000019505,220,220,220,220,87,20,20
main_grid,syn_03,cool_side_light,0.9,0.8,4.0,synthetic_procedural,Harris,gaussian_highpass,2,True,0.6590909090909091,1.0,1.0646069049835205,0.4515398144721985,301.1682000001201,220,220,220,220,145,27,27
main_grid,syn_03,cool_side_light,0.9,0.8,4.0,synthetic_procedural,Shi-Tomasi,gaussian_highpass,2,True,0.7045454545454546,0.92,1.179681658744812,0.6125460863113403,289.9758999999449,220,220,220,220,155,25,23
main_grid,syn_03,cool_side_light,0.9,0.8,4.0,synthetic_procedural,SIFT,gaussian_highpass,2,True,0.5885416666666666,0.7894736842105263,0.7168843746185303,0.40689584612846375,807.9322000000957,220,192,220,192,113,19,15
main_grid,syn_03,cool_side_light,0.9,0.8,4.0,synthetic_procedural,Sobel,gaussian_highpass,3,True,0.33181818181818185,0.8823529411764706,1.850611686706543,1.0645413398742676,321.53040000002875,220,220,220,220,73,17,15
main_grid,syn_03,cool_side_light,0.9,0.8,4.0,synthetic_procedural,LoG,gaussian_highpass,3,True,0.39545454545454545,1.0,0.7900553345680237,0.509194016456604,311.7480000000796,220,220,220,220,87,20,20
main_grid,syn_03,cool_side_light,0.9,0.8,4.0,synthetic_procedural,Harris,gaussian_highpass,3,True,0.6181818181818182,1.0,1.0877344012260437,0.4515398144721985,333.9452000000165,220,220,220,220,136,25,25
main_grid,syn_03,cool_side_light,0.9,0.8,4.0,synthetic_procedural,Shi-Tomasi,gaussian_highpass,3,True,0.6727272727272727,0.9565217391304348,1.205272138118744,0.6125460863113403,317.1084000000519,220,220,220,220,148,23,22
main_grid,syn_03,cool_side_light,0.9,0.8,4.0,synthetic_procedural,SIFT,gaussian_highpass,3,True,0.5272727272727272,0.7894736842105263,0.7600386440753937,0.40689584612846375,938.8957999999548,220,220,220,220,116,19,15
main_grid,syn_04,low_light_noise,1.06,1.2,8.0,synthetic_procedural,Sobel,none,1,True,0.06435643564356436,0.8333333333333334,2.276319980621338,2.2337138652801514,90.45990000004167,202,220,202,220,13,12,10
main_grid,syn_04,low_light_noise,1.06,1.2,8.0,synthetic_procedural,LoG,none,1,True,0.2772727272727273,0.9705882352941176,0.8453409671783447,0.7634719610214233,100.2002000000175,220,220,220,220,61,34,33
main_grid,syn_04,low_light_noise,1.06,1.2,8.0,synthetic_procedural,Harris,none,1,True,0.7545454545454545,0.9904761904761905,0.7562752366065979,0.662339448928833,93.65330000014183,220,220,220,220,166,105,104
main_grid,syn_04,low_light_noise,1.06,1.2,8.0,synthetic_procedural,Shi-Tomasi,none,1,True,0.7363636363636363,1.0,0.863161563873291,0.6648250818252563,91.08990000004269,220,220,220,220,162,106,106
main_grid,syn_04,low_light_noise,1.06,1.2,8.0,synthetic_procedural,SIFT,none,1,True,0.4186046511627907,0.8,0.9896009862422943,0.8331277370452881,481.7243999998482,129,141,129,141,54,5,4
main_grid,syn_04,low_light_noise,1.06,1.2,8.0,synthetic_procedural,Sobel,none,2,True,0.08636363636363636,0.8333333333333334,2.146296501159668,2.2337138652801514,119.55190000003313,220,220,220,220,19,12,10
main_grid,syn_04,low_light_noise,1.06,1.2,8.0,synthetic_procedural,LoG,none,2,True,0.29545454545454547,1.0,0.8453409671783447,0.7510893940925598,106.4189000001079,220,220,220,220,65,33,33
main_grid,syn_04,low_light_noise,1.06,1.2,8.0,synthetic_procedural,Harris,none,2,True,0.7227272727272728,0.9878048780487805,0.8649921417236328,0.6381450891494751,107.84639999997125,220,220,220,220,159,82,81
main_grid,syn_04,low_light_noise,1.06,1.2,8.0,synthetic_procedural,Shi-Tomasi,none,2,True,0.75,1.0,0.9142987132072449,0.6990146636962891,96.73689999999624,220,220,220,220,165,97,97
main_grid,syn_04,low_light_noise,1.06,1.2,8.0,synthetic_procedural,SIFT,none,2,True,0.6751592356687898,0.9166666666666666,0.582011342048645,0.4321250319480896,550.7260000001679,220,157,220,157,106,24,22
main_grid,syn_04,low_light_noise,1.06,1.2,8.0,synthetic_procedural,Sobel,none,3,True,0.08636363636363636,0.8333333333333334,2.146296501159668,2.2337138652801514,112.50719999998182,220,220,220,220,19,12,10
main_grid,syn_04,low_light_noise,1.06,1.2,8.0,synthetic_procedural,LoG,none,3,True,0.29545454545454547,1.0,0.8453409671783447,0.7510893940925598,113.7352999999166,220,220,220,220,65,33,33
main_grid,syn_04,low_light_noise,1.06,1.2,8.0,synthetic_procedural,Harris,none,3,True,0.7045454545454546,0.9875,0.8728578686714172,0.6381450891494751,121.8791000001147,220,220,220,220,155,80,79
main_grid,syn_04,low_light_noise,1.06,1.2,8.0,synthetic_procedural,Shi-Tomasi,none,3,True,0.7545454545454545,0.9690721649484536,0.8882051408290863,0.6807287335395813,102.14530000007471,220,220,220,220,166,97,94
main_grid,syn_04,low_light_noise,1.06,1.2,8.0,synthetic_procedural,SIFT,none,3,True,0.509090909090909,0.8846153846153846,0.5989250540733337,0.4565935432910919,589.9203000001307,220,220,220,220,112,26,23
main_grid,syn_04,low_light_noise,1.06,1.2,8.0,synthetic_procedural,Sobel,ideal_lowpass,1,True,0.6590909090909091,0.9090909090909091,1.6389189958572388,0.96446293592453,160.82480000000032,220,220,220,220,145,33,30
main_grid,syn_04,low_light_noise,1.06,1.2,8.0,synthetic_procedural,LoG,ideal_lowpass,1,True,0.5863636363636363,0.9459459459459459,1.0594598054885864,0.80748051404953,165.0064000000384,220,220,220,220,129,37,35
main_grid,syn_04,low_light_noise,1.06,1.2,8.0,synthetic_procedural,Harris,ideal_lowpass,1,True,0.6818181818181818,0.9622641509433962,0.972613662481308,0.792917013168335,181.87630000011268,220,220,220,220,150,106,102
main_grid,syn_04,low_light_noise,1.06,1.2,8.0,synthetic_procedural,Shi-Tomasi,ideal_lowpass,1,True,0.7636363636363637,0.9553571428571429,1.023905485868454,0.8830324411392212,180.31810000002224,220,220,220,220,168,112,107
main_grid,syn_04,low_light_noise,1.06,1.2,8.0,synthetic_procedural,SIFT,ideal_lowpass,1,True,0.6642857142857143,0.7555555555555555,0.42264115810394287,0.4275429844856262,342.82840000014403,140,148,140,148,93,45,34
main_grid,syn_04,low_light_noise,1.06,1.2,8.0,synthetic_procedural,Sobel,ideal_lowpass,2,True,0.6545454545454545,0.9090909090909091,1.6516336798667908,0.96446293592453,195.93360000021676,220,220,220,220,144,33,30
main_grid,syn_04,low_light_noise,1.06,1.2,8.0,synthetic_procedural,LoG,ideal_lowpass,2,True,0.5818181818181818,0.925,1.0806238055229187,0.8277658820152283,194.27279999990787,220,220,220,220,128,40,37
main_grid,syn_04,low_light_noise,1.06,1.2,8.0,synthetic_procedural,Harris,ideal_lowpass,2,True,0.7090909090909091,0.9435483870967742,1.169015109539032,1.060999870300293,239.48199999995268,220,220,220,220,156,124,117
main_grid,syn_04,low_light_noise,1.06,1.2,8.0,synthetic_procedural,Shi-Tomasi,ideal_lowpass,2,True,0.7272727272727273,0.9327731092436975,1.22858464717865,1.0198261737823486,243.86290000006738,220,220,220,220,160,119,111
main_grid,syn_04,low_light_noise,1.06,1.2,8.0,synthetic_procedural,SIFT,ideal_lowpass,2,True,0.6045454545454545,0.7894736842105263,0.5617572069168091,0.5607597231864929,465.52010000004884,220,220,220,220,133,57,45
main_grid,syn_04,low_light_noise,1.06,1.2,8.0,synthetic_procedural,Sobel,ideal_lowpass,3,True,0.6545454545454545,0.9090909090909091,1.6516336798667908,0.96446293592453,204.25929999987602,220,220,220,220,144,33,30
main_grid,syn_04,low_light_noise,1.06,1.2,8.0,synthetic_procedural,LoG,ideal_lowpass,3,True,0.5818181818181818,0.925,1.0806238055229187,0.8277658820152283,228.63059999986035,220,220,220,220,128,40,37
main_grid,syn_04,low_light_noise,1.06,1.2,8.0,synthetic_procedural,Harris,ideal_lowpass,3,True,0.7136363636363636,0.9590163934426229,1.2056294679641724,1.0713658332824707,271.95879999999306,220,220,220,220,157,122,117
main_grid,syn_04,low_light_noise,1.06,1.2,8.0,synthetic_procedural,Shi-Tomasi,ideal_lowpass,3,True,0.7227272727272728,0.9256198347107438,1.2548038959503174,1.072959065437317,254.67189999994844,220,220,220,220,159,121,112
main_grid,syn_04,low_light_noise,1.06,1.2,8.0,synthetic_procedural,SIFT,ideal_lowpass,3,True,0.6090909090909091,0.7931034482758621,0.5666178464889526,0.5612584352493286,514.5835999999235,220,220,220,220,134,58,46
main_grid,syn_04,low_light_noise,1.06,1.2,8.0,synthetic_procedural,Sobel,gaussian_lowpass,1,True,0.4563758389261745,0.75,1.0101092457771301,1.0101091861724854,188.7967000000117,149,220,149,220,68,12,9
main_grid,syn_04,low_light_noise,1.06,1.2,8.0,synthetic_procedural,LoG,gaussian_lowpass,1,True,0.6413043478260869,1.0,1.361341953277588,0.36564645171165466,179.32020000012017,92,220,92,220,59,8,8
main_grid,syn_04,low_light_noise,1.06,1.2,8.0,synthetic_procedural,Harris,gaussian_lowpass,1,True,0.8045454545454546,0.9916666666666667,0.8031262159347534,0.67576003074646,201.61499999994703,220,220,220,220,177,120,119
main_grid,syn_04,low_light_noise,1.06,1.2,8.0,synthetic_procedural,Shi-Tomasi,gaussian_lowpass,1,True,0.8363636363636363,1.0,0.8385682106018066,0.7288297414779663,192.44000000003325,220,220,220,220,184,117,117
main_grid,syn_04,low_light_noise,1.06,1.2,8.0,synthetic_procedural,SIFT,gaussian_lowpass,1,True,0.7880794701986755,0.9242424242424242,0.21184130012989044,0.19374480843544006,383.1356999999116,151,164,151,164,119,66,61
main_grid,syn_04,low_light_noise,1.06,1.2,8.0,synthetic_procedural,Sobel,gaussian_lowpass,2,True,0.4636363636363636,0.75,1.2046046257019043,1.0101091861724854,243.37969999987763,220,220,220,220,102,12,9
main_grid,syn_04,low_light_noise,1.06,1.2,8.0,synthetic_procedural,LoG,gaussian_lowpass,2,True,0.591743119266055,1.0,1.5932809114456177,0.36564645171165466,279.1764000000967,218,220,218,220,129,8,8
main_grid,syn_04,low_light_noise,1.06,1.2,8.0,synthetic_procedural,Harris,gaussian_lowpass,2,True,0.8181818181818182,1.0,0.7819788455963135,0.7026427984237671,265.42520000020886,220,220,220,220,180,134,134
main_grid,syn_04,low_light_noise,1.06,1.2,8.0,synthetic_procedural,Shi-Tomasi,gaussian_lowpass,2,True,0.85,1.0,0.9125080704689026,0.7585068345069885,248.68819999983316,220,220,220,220,187,121,121
main_grid,syn_04,low_light_noise,1.06,1.2,8.0,synthetic_procedural,SIFT,gaussian_lowpass,2,True,0.8227272727272728,0.9306930693069307,0.3327638804912567,0.3036293685436249,505.171799999971,220,220,220,220,181,101,94
main_grid,syn_04,low_light_noise,1.06,1.2,8.0,synthetic_procedural,Sobel,gaussian_lowpass,3,True,0.4590909090909091,0.75,1.2063827514648438,1.0101091861724854,255.35770000010416,220,220,220,220,101,12,9
main_grid,syn_04,low_light_noise,1.06,1.2,8.0,synthetic_procedural,LoG,gaussian_lowpass,3,True,0.5818181818181818,1.0,1.588581383228302,0.36564645171165466,279.5005000000401,220,220,220,220,128,8,8
main_grid,syn_04,low_light_noise,1.06,1.2,8.0,synthetic_procedural,Harris,gaussian_lowpass,3,True,0.8363636363636363,1.0,0.7990727126598358,0.7110521197319031,276.37679999998,220,220,220,220,184,137,137
main_grid,syn_04,low_light_noise,1.06,1.2,8.0,synthetic_procedural,Shi-Tomasi,gaussian_lowpass,3,True,0.85,1.0,0.9125080704689026,0.7628355026245117,242.50449999999546,220,220,220,220,187,126,126
main_grid,syn_04,low_light_noise,1.06,1.2,8.0,synthetic_procedural,SIFT,gaussian_lowpass,3,True,0.8363636363636363,0.9313725490196079,0.3446706682443619,0.33658576011657715,535.2685000000292,220,220,220,220,184,102,95
main_grid,syn_04,low_light_noise,1.06,1.2,8.0,synthetic_procedural,Sobel,ideal_highpass,1,True,0.4409090909090909,1.0,2.6263890266418457,0.4383455216884613,247.94139999994513,220,220,220,220,97,18,18
main_grid,syn_04,low_light_noise,1.06,1.2,8.0,synthetic_procedural,LoG,ideal_highpass,1,True,0.5818181818181818,0.9583333333333334,0.7216105461120605,0.46503716707229614,237.89209999995364,220,220,220,220,128,48,46
main_grid,syn_04,low_light_noise,1.06,1.2,8.0,synthetic_procedural,Harris,ideal_highpass,1,True,0.6136363636363636,0.9183673469387755,1.1476954221725464,0.6744676232337952,223.66699999997763,220,220,220,220,135,49,45
main_grid,syn_04,low_light_noise,1.06,1.2,8.0,synthetic_procedural,Shi-Tomasi,ideal_highpass,1,True,0.6590909090909091,0.9565217391304348,1.0868046283721924,0.5182865858078003,215.96550000003845,220,220,220,220,145,46,44
main_grid,syn_04,low_light_noise,1.06,1.2,8.0,synthetic_procedural,SIFT,ideal_highpass,1,True,0.4789915966386555,0.6,2.6201775074005127,0.46971434354782104,425.1546000000417,119,120,119,120,57,5,3
main_grid,syn_04,low_light_noise,1.06,1.2,8.0,synthetic_procedural,Sobel,ideal_highpass,2,True,0.4409090909090909,1.0,2.6263890266418457,0.4383455216884613,246.24939999989692,220,220,220,220,97,18,18
main_grid,syn_04,low_light_noise,1.06,1.2,8.0,synthetic_procedural,LoG,ideal_highpass,2,True,0.5863636363636363,0.9565217391304348,0.7805624604225159,0.49011796712875366,238.12459999999191,220,220,220,220,129,46,44
main_grid,syn_04,low_light_noise,1.06,1.2,8.0,synthetic_procedural,Harris,ideal_highpass,2,True,0.6818181818181818,0.9534883720930233,1.26319020986557,0.6744676232337952,262.2235000001183,220,220,220,220,150,43,41
main_grid,syn_04,low_light_noise,1.06,1.2,8.0,synthetic_procedural,Shi-Tomasi,ideal_highpass,2,True,0.6727272727272727,0.9433962264150944,1.1872175335884094,0.5773093104362488,255.57229999981246,220,220,220,220,148,53,50
main_grid,syn_04,low_light_noise,1.06,1.2,8.0,synthetic_procedural,SIFT,ideal_highpass,2,True,0.5904761904761905,0.6363636363636364,1.265661358833313,0.5897290110588074,584.4804999999269,219,210,219,210,124,11,7
main_grid,syn_04,low_light_noise,1.06,1.2,8.0,synthetic_procedural,Sobel,ideal_highpass,3,True,0.4409090909090909,1.0,2.6263890266418457,0.4383455216884613,307.5644000000466,220,220,220,220,97,18,18
main_grid,syn_04,low_light_noise,1.06,1.2,8.0,synthetic_procedural,LoG,ideal_highpass,3,True,0.5863636363636363,0.9565217391304348,0.7805624604225159,0.49011796712875366,303.2607999998618,220,220,220,220,129,46,44
main_grid,syn_04,low_light_noise,1.06,1.2,8.0,synthetic_procedural,Harris,ideal_highpass,3,True,0.6818181818181818,0.9761904761904762,1.288726270198822,0.6657140254974365,354.09819999995307,220,220,220,220,150,42,41
main_grid,syn_04,low_light_noise,1.06,1.2,8.0,synthetic_procedural,Shi-Tomasi,ideal_highpass,3,True,0.6636363636363637,0.9387755102040817,1.293947458267212,0.6996989250183105,317.79419999998026,220,220,220,220,146,49,46
main_grid,syn_04,low_light_noise,1.06,1.2,8.0,synthetic_procedural,SIFT,ideal_highpass,3,True,0.5818181818181818,0.6666666666666666,1.265661358833313,0.5920390486717224,600.1213999998072,220,220,220,220,128,12,8
main_grid,syn_04,low_light_noise,1.06,1.2,8.0,synthetic_procedural,Sobel,gaussian_highpass,1,True,0.37727272727272726,1.0,2.436715841293335,0.8383172750473022,227.9834999999366,220,220,220,220,83,10,10
main_grid,syn_04,low_light_noise,1.06,1.2,8.0,synthetic_procedural,LoG,gaussian_highpass,1,True,0.6409090909090909,1.0,0.7948207855224609,0.514435350894928,230.7180000000244,220,220,220,220,141,71,71
main_grid,syn_04,low_light_noise,1.06,1.2,8.0,synthetic_procedural,Harris,gaussian_highpass,1,True,0.6136363636363636,0.9705882352941176,0.8828572034835815,0.657932460308075,232.3593000000983,220,220,220,220,135,68,66
main_grid,syn_04,low_light_noise,1.06,1.2,8.0,synthetic_procedural,Shi-Tomasi,gaussian_highpass,1,True,0.6727272727272727,0.9836065573770492,0.8416982591152191,0.5617617964744568,226.21320000007472,220,220,220,220,148,61,60
main_grid,syn_04,low_light_noise,1.06,1.2,8.0,synthetic_procedural,SIFT,gaussian_highpass,1,True,0.5169491525423728,1.0,1.238896369934082,0.42576196789741516,644.9780000000374,119,118,119,118,61,5,5
main_grid,syn_04,low_light_noise,1.06,1.2,8.0,synthetic_procedural,Sobel,gaussian_highpass,2,True,0.37727272727272726,1.0,2.436715841293335,0.8383172750473022,289.0368999999282,220,220,220,220,83,10,10
main_grid,syn_04,low_light_noise,1.06,1.2,8.0,synthetic_procedural,LoG,gaussian_highpass,2,True,0.6318181818181818,1.0,0.7990420460700989,0.5230424404144287,283.08320000019194,220,220,220,220,139,68,68
main_grid,syn_04,low_light_noise,1.06,1.2,8.0,synthetic_procedural,Harris,gaussian_highpass,2,True,0.6545454545454545,0.98,0.9909084737300873,0.6090751886367798,302.79849999988073,220,220,220,220,144,50,49
main_grid,syn_04,low_light_noise,1.06,1.2,8.0,synthetic_procedural,Shi-Tomasi,gaussian_highpass,2,True,0.6545454545454545,0.9818181818181818,1.0203574299812317,0.5850528478622437,291.8646999999055,220,220,220,220,144,55,54
main_grid,syn_04,low_light_noise,1.06,1.2,8.0,synthetic_procedural,SIFT,gaussian_highpass,2,True,0.6310160427807486,1.0,1.006395548582077,0.33978188037872314,808.9162999999644,220,187,220,187,118,12,12
main_grid,syn_04,low_light_noise,1.06,1.2,8.0,synthetic_procedural,Sobel,gaussian_highpass,3,True,0.37727272727272726,1.0,2.436715841293335,0.8383172750473022,301.8472000001111,220,220,220,220,83,10,10
main_grid,syn_04,low_light_noise,1.06,1.2,8.0,synthetic_procedural,LoG,gaussian_highpass,3,True,0.6318181818181818,1.0,0.7990420460700989,0.5230424404144287,293.42640000004394,220,220,220,220,139,68,68
main_grid,syn_04,low_light_noise,1.06,1.2,8.0,synthetic_procedural,Harris,gaussian_highpass,3,True,0.6454545454545455,0.9607843137254902,0.9909084737300873,0.6144014000892639,328.769100000045,220,220,220,220,142,51,49
main_grid,syn_04,low_light_noise,1.06,1.2,8.0,synthetic_procedural,Shi-Tomasi,gaussian_highpass,3,True,0.6363636363636364,0.9811320754716981,1.012649416923523,0.5617617964744568,291.0566000000472,220,220,220,220,140,53,52
main_grid,syn_04,low_light_noise,1.06,1.2,8.0,synthetic_procedural,SIFT,gaussian_highpass,3,True,0.5727272727272728,1.0,1.123487949371338,0.37924301624298096,814.5274000000882,220,220,220,220,126,11,11
main_grid,syn_05,mixed_light,0.98,0.4,3.0,synthetic_procedural,Sobel,none,1,True,0.3645320197044335,0.8888888888888888,2.3246575593948364,0.8467464447021484,87.71499999988919,203,220,203,220,74,36,32
main_grid,syn_05,mixed_light,0.98,0.4,3.0,synthetic_procedural,LoG,none,1,True,0.6681818181818182,1.0,0.5362301468849182,0.48679959774017334,81.60420000012891,220,220,220,220,147,116,116
main_grid,syn_05,mixed_light,0.98,0.4,3.0,synthetic_procedural,Harris,none,1,True,0.7318181818181818,1.0,0.4365827739238739,0.4475094974040985,90.24300000010044,220,220,220,220,161,131,131
main_grid,syn_05,mixed_light,0.98,0.4,3.0,synthetic_procedural,Shi-Tomasi,none,1,True,0.8409090909090909,1.0,0.5146886110305786,0.48250535130500793,78.55990000007296,220,220,220,220,185,141,141
main_grid,syn_05,mixed_light,0.98,0.4,3.0,synthetic_procedural,SIFT,none,1,True,0.6829268292682927,0.9,0.1819254606962204,0.18260791897773743,516.1043000000518,125,123,125,123,84,30,27
main_grid,syn_05,mixed_light,0.98,0.4,3.0,synthetic_procedural,Sobel,none,2,True,0.37272727272727274,0.8888888888888888,2.3865848779678345,0.8467464447021484,135.67669999997634,220,220,220,220,82,36,32
main_grid,syn_05,mixed_light,0.98,0.4,3.0,synthetic_procedural,LoG,none,2,True,0.6772727272727272,1.0,0.5390335321426392,0.48679959774017334,124.09580000007736,220,220,220,220,149,114,114
main_grid,syn_05,mixed_light,0.98,0.4,3.0,synthetic_procedural,Harris,none,2,True,0.7272727272727273,1.0,0.5315681099891663,0.427935391664505,128.29209999995328,220,220,220,220,160,107,107
main_grid,syn_05,mixed_light,0.98,0.4,3.0,synthetic_procedural,Shi-Tomasi,none,2,True,0.7954545454545454,1.0,0.574840784072876,0.5291046500205994,112.31899999984307,220,220,220,220,175,126,126
main_grid,syn_05,mixed_light,0.98,0.4,3.0,synthetic_procedural,SIFT,none,2,True,0.6863636363636364,0.8363636363636363,0.2561236619949341,0.27054622769355774,655.2303000000848,220,220,220,220,151,55,46
main_grid,syn_05,mixed_light,0.98,0.4,3.0,synthetic_procedural,Sobel,none,3,True,0.37272727272727274,0.8888888888888888,2.3865848779678345,0.8467464447021484,128.37130000002617,220,220,220,220,82,36,32
main_grid,syn_05,mixed_light,0.98,0.4,3.0,synthetic_procedural,LoG,none,3,True,0.6772727272727272,1.0,0.5390335321426392,0.48679959774017334,128.36210000000392,220,220,220,220,149,114,114
main_grid,syn_05,mixed_light,0.98,0.4,3.0,synthetic_procedural,Harris,none,3,True,0.7272727272727273,1.0,0.5315681099891663,0.427935391664505,137.61729999987438,220,220,220,220,160,107,107
main_grid,syn_05,mixed_light,0.98,0.4,3.0,synthetic_procedural,Shi-Tomasi,none,3,True,0.7818181818181819,1.0,0.592915415763855,0.528242290019989,120.61569999991661,220,220,220,220,172,121,121
main_grid,syn_05,mixed_light,0.98,0.4,3.0,synthetic_procedural,SIFT,none,3,True,0.6863636363636364,0.8363636363636363,0.2561236619949341,0.27054622769355774,764.6715999999287,220,220,220,220,151,55,46
main_grid,syn_05,mixed_light,0.98,0.4,3.0,synthetic_procedural,Sobel,ideal_lowpass,1,True,0.7227272727272728,0.9583333333333334,0.9620365500450134,0.7088474035263062,244.63749999995343,220,220,220,220,159,48,46
main_grid,syn_05,mixed_light,0.98,0.4,3.0,synthetic_procedural,LoG,ideal_lowpass,1,True,0.6545454545454545,0.8536585365853658,1.1706743240356445,0.641341507434845,230.9267999999065,220,220,220,220,144,41,35
main_grid,syn_05,mixed_light,0.98,0.4,3.0,synthetic_procedural,Harris,ideal_lowpass,1,True,0.8045454545454546,0.9583333333333334,0.5847392082214355,0.5672342777252197,265.415399999938,220,220,220,220,177,144,138
main_grid,syn_05,mixed_light,0.98,0.4,3.0,synthetic_procedural,Shi-Tomasi,ideal_lowpass,1,True,0.8272727272727273,0.9632352941176471,0.6461575627326965,0.6198568344116211,250.83820000008927,220,220,220,220,182,136,131
main_grid,syn_05,mixed_light,0.98,0.4,3.0,synthetic_procedural,SIFT,ideal_lowpass,1,True,0.7730496453900709,0.8518518518518519,0.2616400718688965,0.3453674912452698,445.3604999998788,143,141,143,141,109,54,46
main_grid,syn_05,mixed_light,0.98,0.4,3.0,synthetic_procedural,Sobel,ideal_lowpass,2,True,0.7227272727272728,0.9583333333333334,0.9620365500450134,0.7088474035263062,239.5506000000296,220,220,220,220,159,48,46
main_grid,syn_05,mixed_light,0.98,0.4,3.0,synthetic_procedural,LoG,ideal_lowpass,2,True,0.6545454545454545,0.8604651162790697,1.1542227864265442,0.6701077222824097,231.17120000006253,220,220,220,220,144,43,37
main_grid,syn_05,mixed_light,0.98,0.4,3.0,synthetic_procedural,Harris,ideal_lowpass,2,True,0.8181818181818182,0.948051948051948,0.7501201629638672,0.7293286323547363,259.18860000001587,220,220,220,220,180,154,146
main_grid,syn_05,mixed_light,0.98,0.4,3.0,synthetic_procedural,Shi-Tomasi,ideal_lowpass,2,True,0.8090909090909091,0.9666666666666667,0.7383322417736053,0.6908242106437683,314.55540000001747,220,220,220,220,178,150,145
main_grid,syn_05,mixed_light,0.98,0.4,3.0,synthetic_procedural,SIFT,ideal_lowpass,2,True,0.7772727272727272,0.8620689655172413,0.35688528418540955,0.3891187608242035,520.2979999999116,220,220,220,220,171,87,75
main_grid,syn_05,mixed_light,0.98,0.4,3.0,synthetic_procedural,Sobel,ideal_lowpass,3,True,0.7227272727272728,0.9583333333333334,0.9620365500450134,0.7088474035263062,248.1684999997924,220,220,220,220,159,48,46
main_grid,syn_05,mixed_light,0.98,0.4,3.0,synthetic_procedural,LoG,ideal_lowpass,3,True,0.6545454545454545,0.8604651162790697,1.1542227864265442,0.6701077222824097,240.59160000001611,220,220,220,220,144,43,37
main_grid,syn_05,mixed_light,0.98,0.4,3.0,synthetic_procedural,Harris,ideal_lowpass,3,True,0.8045454545454546,0.9466666666666667,0.7792256474494934,0.7677448391914368,271.43279999995684,220,220,220,220,177,150,142
main_grid,syn_05,mixed_light,0.98,0.4,3.0,synthetic_procedural,Shi-Tomasi,ideal_lowpass,3,True,0.8,0.9533333333333334,0.770913302898407,0.7586879730224609,266.56679999996413,220,220,220,220,176,150,143
main_grid,syn_05,mixed_light,0.98,0.4,3.0,synthetic_procedural,SIFT,ideal_lowpass,3,True,0.7772727272727272,0.8620689655172413,0.35688528418540955,0.3891187608242035,614.2852000000403,220,220,220,220,171,87,75
main_grid,syn_05,mixed_light,0.98,0.4,3.0,synthetic_procedural,Sobel,gaussian_lowpass,1,True,0.23333333333333334,0.9,0.8436604738235474,0.7044486999511719,202.974900000072,150,179,150,179,35,10,9
main_grid,syn_05,mixed_light,0.98,0.4,3.0,synthetic_procedural,LoG,gaussian_lowpass,1,True,0.6521739130434783,0.8,1.3676432967185974,0.8401159048080444,205.26640000002772,92,220,92,220,60,10,8
main_grid,syn_05,mixed_light,0.98,0.4,3.0,synthetic_procedural,Harris,gaussian_lowpass,1,True,0.8818181818181818,0.9844961240310077,0.5100795030593872,0.4969554543495178,221.79209999990235,220,220,220,220,194,129,127
main_grid,syn_05,mixed_light,0.98,0.4,3.0,synthetic_procedural,Shi-Tomasi,gaussian_lowpass,1,True,0.8636363636363636,0.992,0.5620531737804413,0.5612888932228088,228.68509999989328,220,220,220,220,190,125,124
main_grid,syn_05,mixed_light,0.98,0.4,3.0,synthetic_procedural,SIFT,gaussian_lowpass,1,True,0.8376623376623377,0.961038961038961,0.15744952857494354,0.11022382229566574,451.0072999999011,154,158,154,158,129,77,74
main_grid,syn_05,mixed_light,0.98,0.4,3.0,synthetic_procedural,Sobel,gaussian_lowpass,2,True,0.42727272727272725,0.9666666666666667,1.2899520993232727,0.7713403701782227,282.63319999996384,220,220,220,220,94,30,29
main_grid,syn_05,mixed_light,0.98,0.4,3.0,synthetic_procedural,LoG,gaussian_lowpass,2,True,0.5833333333333334,0.7272727272727273,1.4749146103858948,0.8782151341438293,291.40989999996236,216,220,216,220,126,11,8
main_grid,syn_05,mixed_light,0.98,0.4,3.0,synthetic_procedural,Harris,gaussian_lowpass,2,True,0.8772727272727273,1.0,0.599041223526001,0.5741349458694458,263.85389999995823,220,220,220,220,193,140,140
main_grid,syn_05,mixed_light,0.98,0.4,3.0,synthetic_procedural,Shi-Tomasi,gaussian_lowpass,2,True,0.8227272727272728,0.9836065573770492,0.6340644955635071,0.6065280437469482,250.0380999999834,220,220,220,220,181,122,120
main_grid,syn_05,mixed_light,0.98,0.4,3.0,synthetic_procedural,SIFT,gaussian_lowpass,2,True,0.8727272727272727,0.9416666666666667,0.22197774797677994,0.20587657392024994,566.2947999999233,220,220,220,220,192,120,113
main_grid,syn_05,mixed_light,0.98,0.4,3.0,synthetic_procedural,Sobel,gaussian_lowpass,3,True,0.42727272727272725,0.967741935483871,1.2899520993232727,0.7901914119720459,271.60220000018853,220,220,220,220,94,31,30
main_grid,syn_05,mixed_light,0.98,0.4,3.0,synthetic_procedural,LoG,gaussian_lowpass,3,True,0.5727272727272728,0.7272727272727273,1.4749146103858948,0.8782151341438293,315.41230000016185,220,220,220,220,126,11,8
main_grid,syn_05,mixed_light,0.98,0.4,3.0,synthetic_procedural,Harris,gaussian_lowpass,3,True,0.8772727272727273,1.0,0.6349597573280334,0.6161580681800842,327.61709999999766,220,220,220,220,193,141,141
main_grid,syn_05,mixed_light,0.98,0.4,3.0,synthetic_procedural,Shi-Tomasi,gaussian_lowpass,3,True,0.8545454545454545,0.9850746268656716,0.6866984665393829,0.645168125629425,315.1728999998795,220,220,220,220,188,134,132
main_grid,syn_05,mixed_light,0.98,0.4,3.0,synthetic_procedural,SIFT,gaussian_lowpass,3,True,0.8772727272727273,0.9495798319327731,0.2293039709329605,0.20855265855789185,604.3749000000389,220,220,220,220,193,119,113
main_grid,syn_05,mixed_light,0.98,0.4,3.0,synthetic_procedural,Sobel,ideal_highpass,1,True,0.6318181818181818,0.9859154929577465,1.0777699947357178,0.478231817483902,223.85069999995721,220,220,220,220,139,71,70
main_grid,syn_05,mixed_light,0.98,0.4,3.0,synthetic_procedural,LoG,ideal_highpass,1,True,0.6954545454545454,0.9829059829059829,0.485577255487442,0.4194169044494629,210.26439999991453,220,220,220,220,153,117,115
main_grid,syn_05,mixed_light,0.98,0.4,3.0,synthetic_procedural,Harris,ideal_highpass,1,True,0.7772727272727272,0.9457364341085271,0.4829932451248169,0.4292389154434204,222.50710000002982,220,220,220,220,171,129,122
main_grid,syn_05,mixed_light,0.98,0.4,3.0,synthetic_procedural,Shi-Tomasi,ideal_highpass,1,True,0.8318181818181818,0.9473684210526315,0.5933014154434204,0.4767612814903259,214.20530000000326,220,220,220,220,183,114,108
main_grid,syn_05,mixed_light,0.98,0.4,3.0,synthetic_procedural,SIFT,ideal_highpass,1,True,0.6694214876033058,0.775,0.19342674314975739,0.15772974491119385,448.8578000000416,121,123,121,123,81,40,31
main_grid,syn_05,mixed_light,0.98,0.4,3.0,synthetic_procedural,Sobel,ideal_highpass,2,True,0.6318181818181818,0.9859154929577465,1.0777699947357178,0.478231817483902,262.7112999998644,220,220,220,220,139,71,70
main_grid,syn_05,mixed_light,0.98,0.4,3.0,synthetic_procedural,LoG,ideal_highpass,2,True,0.7181818181818181,0.9912280701754386,0.5106873214244843,0.41942790150642395,268.1168000001435,220,220,220,220,158,114,113
main_grid,syn_05,mixed_light,0.98,0.4,3.0,synthetic_procedural,Harris,ideal_highpass,2,True,0.759090909090909,0.954954954954955,0.6281997561454773,0.4972824156284332,295.4913999999462,220,220,220,220,167,111,106
main_grid,syn_05,mixed_light,0.98,0.4,3.0,synthetic_procedural,Shi-Tomasi,ideal_highpass,2,True,0.8090909090909091,0.9622641509433962,0.807798445224762,0.5586007833480835,282.07180000003973,220,220,220,220,178,106,102
main_grid,syn_05,mixed_light,0.98,0.4,3.0,synthetic_procedural,SIFT,ideal_highpass,2,True,0.6681818181818182,0.7884615384615384,0.3406902253627777,0.17714059352874756,626.2178000001768,220,220,220,220,147,52,41
main_grid,syn_05,mixed_light,0.98,0.4,3.0,synthetic_procedural,Sobel,ideal_highpass,3,True,0.6318181818181818,0.9859154929577465,1.0777699947357178,0.478231817483902,312.0074000000841,220,220,220,220,139,71,70
main_grid,syn_05,mixed_light,0.98,0.4,3.0,synthetic_procedural,LoG,ideal_highpass,3,True,0.7181818181818181,0.9912280701754386,0.5106873214244843,0.41942790150642395,269.9563000001035,220,220,220,220,158,114,113
main_grid,syn_05,mixed_light,0.98,0.4,3.0,synthetic_procedural,Harris,ideal_highpass,3,True,0.740909090909091,0.9722222222222222,0.6281997561454773,0.49420517683029175,297.54929999990054,220,220,220,220,163,108,105
main_grid,syn_05,mixed_light,0.98,0.4,3.0,synthetic_procedural,Shi-Tomasi,ideal_highpass,3,True,0.7727272727272727,0.9607843137254902,0.882785826921463,0.5736099481582642,292.7472999999736,220,220,220,220,170,102,98
main_grid,syn_05,mixed_light,0.98,0.4,3.0,synthetic_procedural,SIFT,ideal_highpass,3,True,0.6545454545454545,0.7884615384615384,0.33024224638938904,0.17714059352874756,582.508000000189,220,220,220,220,144,52,41
main_grid,syn_05,mixed_light,0.98,0.4,3.0,synthetic_procedural,Sobel,gaussian_highpass,1,True,0.5681818181818182,0.96875,1.1916075944900513,0.5543017387390137,240.90189999992617,220,220,220,220,125,64,62
main_grid,syn_05,mixed_light,0.98,0.4,3.0,synthetic_procedural,LoG,gaussian_highpass,1,True,0.740909090909091,1.0,0.49502915143966675,0.40131962299346924,260.96419999998943,220,220,220,220,163,117,117
main_grid,syn_05,mixed_light,0.98,0.4,3.0,synthetic_procedural,Harris,gaussian_highpass,1,True,0.6863636363636364,0.9900990099009901,0.4339461028575897,0.40658479928970337,229.31610000000546,220,220,220,220,151,101,100
main_grid,syn_05,mixed_light,0.98,0.4,3.0,synthetic_procedural,Shi-Tomasi,gaussian_highpass,1,True,0.8045454545454546,1.0,0.4943370223045349,0.38802528381347656,228.59770000013668,220,220,220,220,177,118,118
main_grid,syn_05,mixed_light,0.98,0.4,3.0,synthetic_procedural,SIFT,gaussian_highpass,1,True,0.6666666666666666,0.8823529411764706,0.2239428237080574,0.1260870397090912,517.1844000001329,126,123,126,123,82,34,30
main_grid,syn_05,mixed_light,0.98,0.4,3.0,synthetic_procedural,Sobel,gaussian_highpass,2,True,0.5681818181818182,0.96875,1.3555915355682373,0.5543017387390137,294.6107000000211,220,220,220,220,125,64,62
main_grid,syn_05,mixed_light,0.98,0.4,3.0,synthetic_procedural,LoG,gaussian_highpass,2,True,0.7363636363636363,1.0,0.4948709160089493,0.4048290252685547,320.2524999999241,220,220,220,220,162,118,118
main_grid,syn_05,mixed_light,0.98,0.4,3.0,synthetic_procedural,Harris,gaussian_highpass,2,True,0.6863636363636364,0.9876543209876543,0.5561826825141907,0.41836658120155334,336.52710000001207,220,220,220,220,151,81,80
main_grid,syn_05,mixed_light,0.98,0.4,3.0,synthetic_procedural,Shi-Tomasi,gaussian_highpass,2,True,0.8181818181818182,1.0,0.6071321666240692,0.44114813208580017,325.19070000012107,220,220,220,220,180,107,107
main_grid,syn_05,mixed_light,0.98,0.4,3.0,synthetic_procedural,SIFT,gaussian_highpass,2,True,0.6272727272727273,0.88,0.28617531061172485,0.16688430309295654,730.8113000001413,220,220,220,220,138,50,44
main_grid,syn_05,mixed_light,0.98,0.4,3.0,synthetic_procedural,Sobel,gaussian_highpass,3,True,0.5681818181818182,0.96875,1.3555915355682373,0.5543017387390137,346.60070000018095,220,220,220,220,125,64,62
main_grid,syn_05,mixed_light,0.98,0.4,3.0,synthetic_procedural,LoG,gaussian_highpass,3,True,0.7363636363636363,1.0,0.4948709160089493,0.4048290252685547,319.6861000001263,220,220,220,220,162,118,118
main_grid,syn_05,mixed_light,0.98,0.4,3.0,synthetic_procedural,Harris,gaussian_highpass,3,True,0.6772727272727272,0.9871794871794872,0.5561826825141907,0.405275821685791,320.0391000000309,220,220,220,220,149,78,77
main_grid,syn_05,mixed_light,0.98,0.4,3.0,synthetic_procedural,Shi-Tomasi,gaussian_highpass,3,True,0.8045454545454546,0.9904761904761905,0.626361608505249,0.44114813208580017,290.776600000072,220,220,220,220,177,105,104
main_grid,syn_05,mixed_light,0.98,0.4,3.0,synthetic_procedural,SIFT,gaussian_highpass,3,True,0.6318181818181818,0.88,0.2906216084957123,0.16688430309295654,686.7106000001968,220,220,220,220,139,50,44
main_grid,syn_06,shadow_band,0.86,1.6,10.0,synthetic_procedural,Sobel,none,1,True,0.06930693069306931,0.75,2.1009888648986816,1.7920029163360596,81.61740000014106,202,220,202,220,14,8,6
main_grid,syn_06,shadow_band,0.86,1.6,10.0,synthetic_procedural,LoG,none,1,True,0.022727272727272728,0.8,1.7383453845977783,1.9256529808044434,78.83710000010069,220,220,220,220,5,5,4
main_grid,syn_06,shadow_band,0.86,1.6,10.0,synthetic_procedural,Harris,none,1,True,0.5590909090909091,0.8695652173913043,1.855230450630188,1.3543204069137573,88.43000000001666,220,220,220,220,123,23,20
main_grid,syn_06,shadow_band,0.86,1.6,10.0,synthetic_procedural,Shi-Tomasi,none,1,True,0.6181818181818182,1.0,1.8171262741088867,1.6527056694030762,82.74649999998474,220,220,220,220,136,18,18
main_grid,syn_06,shadow_band,0.86,1.6,10.0,synthetic_procedural,SIFT,none,1,True,0.25196850393700787,0.5,1.2337350845336914,270.970703125,534.3785000000025,127,127,127,127,32,2,1
main_grid,syn_06,shadow_band,0.86,1.6,10.0,synthetic_procedural,Sobel,none,2,True,0.06363636363636363,0.75,2.1009888648986816,1.7920029163360596,117.43899999987661,220,220,220,220,14,8,6
main_grid,syn_06,shadow_band,0.86,1.6,10.0,synthetic_procedural,LoG,none,2,True,0.03636363636363636,1.0,0.7724608480930328,1.4292452335357666,113.04059999997662,220,220,220,220,8,2,2
main_grid,syn_06,shadow_band,0.86,1.6,10.0,synthetic_procedural,Harris,none,2,True,0.5772727272727273,0.8571428571428571,1.8037253618240356,1.3289984464645386,124.09930000012537,220,220,220,220,127,21,18
main_grid,syn_06,shadow_band,0.86,1.6,10.0,synthetic_procedural,Shi-Tomasi,none,2,True,0.6409090909090909,1.0,1.663506031036377,1.519618034362793,122.72940000002563,220,220,220,220,141,16,16
main_grid,syn_06,shadow_band,0.86,1.6,10.0,synthetic_procedural,SIFT,none,2,True,0.49056603773584906,0.8666666666666667,1.0913454294204712,0.32362043857574463,756.7036999998891,220,159,220,159,78,15,13
main_grid,syn_06,shadow_band,0.86,1.6,10.0,synthetic_procedural,Sobel,none,3,True,0.06363636363636363,0.75,2.1009888648986816,1.7920029163360596,124.7161999999662,220,220,220,220,14,8,6
main_grid,syn_06,shadow_band,0.86,1.6,10.0,synthetic_procedural,LoG,none,3,True,0.03636363636363636,1.0,0.7724608480930328,1.4292452335357666,124.11259999998947,220,220,220,220,8,2,2
main_grid,syn_06,shadow_band,0.86,1.6,10.0,synthetic_procedural,Harris,none,3,True,0.5636363636363636,0.8421052631578947,1.8903239369392395,1.3289984464645386,127.75650000003225,220,220,220,220,124,19,16
main_grid,syn_06,shadow_band,0.86,1.6,10.0,synthetic_procedural,Shi-Tomasi,none,3,True,0.6318181818181818,1.0,1.670605182647705,1.599124789237976,119.6317999999792,220,220,220,220,139,14,14
main_grid,syn_06,shadow_band,0.86,1.6,10.0,synthetic_procedural,SIFT,none,3,True,0.37727272727272726,0.9285714285714286,1.2984498739242554,0.3213810622692108,712.0898999999099,220,220,220,220,83,14,13
main_grid,syn_06,shadow_band,0.86,1.6,10.0,synthetic_procedural,Sobel,ideal_lowpass,1,True,0.35,0.7058823529411765,2.1026618480682373,1.6811641454696655,181.34779999991224,220,220,220,220,77,17,12
main_grid,syn_06,shadow_band,0.86,1.6,10.0,synthetic_procedural,LoG,ideal_lowpass,1,True,0.4318181818181818,0.5714285714285714,2.5024261474609375,3.68619441986084,174.2507999999816,220,220,220,220,95,21,12
main_grid,syn_06,shadow_band,0.86,1.6,10.0,synthetic_procedural,Harris,ideal_lowpass,1,True,0.5227272727272727,0.7884615384615384,1.9218868017196655,2.1520400047302246,207.10650000000896,220,220,220,220,115,52,41
main_grid,syn_06,shadow_band,0.86,1.6,10.0,synthetic_procedural,Shi-Tomasi,ideal_lowpass,1,True,0.4863636363636364,0.8297872340425532,1.9242308139801025,1.6906070709228516,196.9977999999628,220,220,220,220,107,47,39
main_grid,syn_06,shadow_band,0.86,1.6,10.0,synthetic_procedural,SIFT,ideal_lowpass,1,True,0.4642857142857143,0.6666666666666666,0.923726499080658,1.5268741846084595,370.6626000000597,140,145,140,145,65,30,20
main_grid,syn_06,shadow_band,0.86,1.6,10.0,synthetic_procedural,Sobel,ideal_lowpass,2,True,0.34545454545454546,0.7058823529411765,2.16280460357666,1.6811641454696655,210.10329999990063,220,220,220,220,76,17,12
main_grid,syn_06,shadow_band,0.86,1.6,10.0,synthetic_procedural,LoG,ideal_lowpass,2,True,0.4318181818181818,0.5909090909090909,2.7040674686431885,3.467197895050049,219.68890000016472,220,220,220,220,95,22,13
main_grid,syn_06,shadow_band,0.86,1.6,10.0,synthetic_procedural,Harris,ideal_lowpass,2,True,0.5318181818181819,0.7592592592592593,2.4227962493896484,2.076347827911377,250.50529999998616,220,220,220,220,117,54,41
main_grid,syn_06,shadow_band,0.86,1.6,10.0,synthetic_procedural,Shi-Tomasi,ideal_lowpass,2,True,0.4909090909090909,0.7446808510638298,1.9599370956420898,1.8378806114196777,239.30760000007467,220,220,220,220,108,47,35
main_grid,syn_06,shadow_band,0.86,1.6,10.0,synthetic_procedural,SIFT,ideal_lowpass,2,True,0.5181818181818182,0.7391304347826086,1.3872010111808777,1.4092867374420166,514.9731999999858,220,220,220,220,114,46,34
main_grid,syn_06,shadow_band,0.86,1.6,10.0,synthetic_procedural,Sobel,ideal_lowpass,3,True,0.3409090909090909,0.7058823529411765,2.1810004711151123,1.6811641454696655,237.1554000001197,220,220,220,220,75,17,12
main_grid,syn_06,shadow_band,0.86,1.6,10.0,synthetic_procedural,LoG,ideal_lowpass,3,True,0.42660550458715596,0.5909090909090909,2.7040674686431885,3.467197895050049,227.5110999999015,220,218,220,220,93,22,13
main_grid,syn_06,shadow_band,0.86,1.6,10.0,synthetic_procedural,Harris,ideal_lowpass,3,True,0.4863636363636364,0.72,2.4587414264678955,2.4440035820007324,276.58740000015314,220,220,220,220,107,50,36
main_grid,syn_06,shadow_band,0.86,1.6,10.0,synthetic_procedural,Shi-Tomasi,ideal_lowpass,3,True,0.4818181818181818,0.8,1.9110646843910217,1.8321317434310913,262.362899999971,220,220,220,220,106,45,36
main_grid,syn_06,shadow_band,0.86,1.6,10.0,synthetic_procedural,SIFT,ideal_lowpass,3,True,0.5227272727272727,0.7446808510638298,1.3891295194625854,1.426200032234192,519.875299999967,220,220,220,220,115,47,35
main_grid,syn_06,shadow_band,0.86,1.6,10.0,synthetic_procedural,Sobel,gaussian_lowpass,1,True,0.08053691275167785,0.6,1.2582107484340668,1.573196530342102,209.79719999991175,149,220,149,220,12,5,3
main_grid,syn_06,shadow_band,0.86,1.6,10.0,synthetic_procedural,LoG,gaussian_lowpass,1,True,0.14130434782608695,nan,1.545185923576355,nan,208.4722999998121,92,220,92,220,13,0,0
main_grid,syn_06,shadow_band,0.86,1.6,10.0,synthetic_procedural,Harris,gaussian_lowpass,1,True,0.6318181818181818,0.8809523809523809,2.752394437789917,1.3848309516906738,221.01090000001022,220,220,220,220,139,42,37
main_grid,syn_06,shadow_band,0.86,1.6,10.0,synthetic_procedural,Shi-Tomasi,gaussian_lowpass,1,True,0.6181818181818182,0.8837209302325582,1.930491328239441,1.465653896331787,213.01930000004177,220,220,220,220,136,43,38
main_grid,syn_06,shadow_band,0.86,1.6,10.0,synthetic_procedural,SIFT,gaussian_lowpass,1,True,0.5570469798657718,0.8157894736842105,0.6920762062072754,0.48439961671829224,374.62379999988116,151,149,151,149,83,38,31
main_grid,syn_06,shadow_band,0.86,1.6,10.0,synthetic_procedural,Sobel,gaussian_lowpass,2,True,0.20909090909090908,0.6,1.4161240458488464,1.573196530342102,259.80649999996785,220,220,220,220,46,5,3
main_grid,syn_06,shadow_band,0.86,1.6,10.0,synthetic_procedural,LoG,gaussian_lowpass,2,True,0.3116279069767442,0.0,1.6324366331100464,9.83635425567627,270.7015000000865,215,220,215,220,67,1,0
main_grid,syn_06,shadow_band,0.86,1.6,10.0,synthetic_procedural,Harris,gaussian_lowpass,2,True,0.6636363636363637,0.8888888888888888,1.8275723457336426,1.3599457740783691,277.9939000001832,220,220,220,220,146,63,56
main_grid,syn_06,shadow_band,0.86,1.6,10.0,synthetic_procedural,Shi-Tomasi,gaussian_lowpass,2,True,0.6409090909090909,0.8723404255319149,1.7992095947265625,1.5631893873214722,286.1740999999256,220,220,220,220,141,47,41
main_grid,syn_06,shadow_band,0.86,1.6,10.0,synthetic_procedural,SIFT,gaussian_lowpass,2,True,0.6772727272727272,0.8450704225352113,0.8047400116920471,0.8069179654121399,535.271499999908,220,220,220,220,149,71,60
main_grid,syn_06,shadow_band,0.86,1.6,10.0,synthetic_procedural,Sobel,gaussian_lowpass,3,True,0.21818181818181817,0.5714285714285714,1.5075880885124207,2.5022528171539307,296.8527999998969,220,220,220,220,48,7,4
main_grid,syn_06,shadow_band,0.86,1.6,10.0,synthetic_procedural,LoG,gaussian_lowpass,3,True,0.3090909090909091,0.0,1.6177030205726624,9.83635425567627,294.34409999998934,220,220,220,220,68,1,0
main_grid,syn_06,shadow_band,0.86,1.6,10.0,synthetic_procedural,Harris,gaussian_lowpass,3,True,0.6681818181818182,0.8548387096774194,1.8211872577667236,1.3877160549163818,288.3317000000716,220,220,220,220,147,62,53
main_grid,syn_06,shadow_band,0.86,1.6,10.0,synthetic_procedural,Shi-Tomasi,gaussian_lowpass,3,True,0.6363636363636364,0.8723404255319149,1.9048871397972107,1.7383453845977783,279.13429999989603,220,220,220,220,140,47,41
main_grid,syn_06,shadow_band,0.86,1.6,10.0,synthetic_procedural,SIFT,gaussian_lowpass,3,True,0.6818181818181818,0.8243243243243243,0.8218339383602142,0.8411169052124023,512.527000000091,220,220,220,220,150,74,61
main_grid,syn_06,shadow_band,0.86,1.6,10.0,synthetic_procedural,Sobel,ideal_highpass,1,True,0.31363636363636366,0.5,3.250537872314453,4.325410842895508,233.48220000002584,220,220,220,220,69,4,2
main_grid,syn_06,shadow_band,0.86,1.6,10.0,synthetic_procedural,LoG,ideal_highpass,1,True,0.31363636363636366,1.0,1.926245093345642,0.8255257606506348,216.2625000000844,220,220,220,220,69,2,2
main_grid,syn_06,shadow_band,0.86,1.6,10.0,synthetic_procedural,Harris,ideal_highpass,1,True,0.34545454545454546,1.0,2.042677164077759,1.0196375846862793,230.46520000002602,220,220,220,220,76,2,2
main_grid,syn_06,shadow_band,0.86,1.6,10.0,synthetic_procedural,Shi-Tomasi,ideal_highpass,1,True,0.4727272727272727,0.6666666666666666,1.9997848272323608,1.3396282196044922,226.92129999995814,220,220,220,220,104,3,2
main_grid,syn_06,shadow_band,0.86,1.6,10.0,synthetic_procedural,SIFT,ideal_highpass,1,True,0.25862068965517243,nan,3.2032294273376465,nan,438.62699999999677,119,116,119,116,30,0,0
main_grid,syn_06,shadow_band,0.86,1.6,10.0,synthetic_procedural,Sobel,ideal_highpass,2,True,0.31363636363636366,0.5,3.250537872314453,4.325410842895508,279.4129999999768,220,220,220,220,69,4,2
main_grid,syn_06,shadow_band,0.86,1.6,10.0,synthetic_procedural,LoG,ideal_highpass,2,True,0.31363636363636366,1.0,2.223562479019165,0.8255257606506348,282.6244999998835,220,220,220,220,69,2,2
main_grid,syn_06,shadow_band,0.86,1.6,10.0,synthetic_procedural,Harris,ideal_highpass,2,True,0.45454545454545453,nan,2.3085979223251343,nan,315.00069999992775,220,220,220,220,100,0,0
main_grid,syn_06,shadow_band,0.86,1.6,10.0,synthetic_procedural,Shi-Tomasi,ideal_highpass,2,True,0.5772727272727273,0.6666666666666666,2.5708577632904053,1.0410301685333252,298.9466999999877,220,220,220,220,127,3,2
main_grid,syn_06,shadow_band,0.86,1.6,10.0,synthetic_procedural,SIFT,ideal_highpass,2,True,0.39805825242718446,0.6666666666666666,1.574361801147461,0.5605608224868774,603.3982999999807,220,206,220,206,82,3,2
main_grid,syn_06,shadow_band,0.86,1.6,10.0,synthetic_procedural,Sobel,ideal_highpass,3,True,0.31363636363636366,0.5,3.250537872314453,4.325410842895508,266.4870000000974,220,220,220,220,69,4,2
main_grid,syn_06,shadow_band,0.86,1.6,10.0,synthetic_procedural,LoG,ideal_highpass,3,True,0.31363636363636366,1.0,2.223562479019165,0.8255257606506348,272.38179999994827,220,220,220,220,69,2,2
main_grid,syn_06,shadow_band,0.86,1.6,10.0,synthetic_procedural,Harris,ideal_highpass,3,True,0.45454545454545453,nan,2.209936499595642,nan,312.69179999981134,220,220,220,220,100,0,0
main_grid,syn_06,shadow_band,0.86,1.6,10.0,synthetic_procedural,Shi-Tomasi,ideal_highpass,3,True,0.5681818181818182,0.6666666666666666,2.533153772354126,1.0410301685333252,287.053700000115,220,220,220,220,125,3,2
main_grid,syn_06,shadow_band,0.86,1.6,10.0,synthetic_procedural,SIFT,ideal_highpass,3,True,0.38181818181818183,0.5,1.574361801147461,168.39996337890625,611.7263000001003,220,220,220,220,84,4,2
main_grid,syn_06,shadow_band,0.86,1.6,10.0,synthetic_procedural,Sobel,gaussian_highpass,1,True,0.21818181818181817,0.6,3.0123324394226074,3.071934938430786,237.2861000001194,220,220,220,220,48,5,3
main_grid,syn_06,shadow_band,0.86,1.6,10.0,synthetic_procedural,LoG,gaussian_highpass,1,True,0.25,1.0,2.117922067642212,0.6577460765838623,220.40990000004967,220,220,220,220,55,3,3
main_grid,syn_06,shadow_band,0.86,1.6,10.0,synthetic_procedural,Harris,gaussian_highpass,1,True,0.32727272727272727,1.0,1.7664268016815186,0.510413646697998,250.99109999996472,220,220,220,220,72,5,5
main_grid,syn_06,shadow_band,0.86,1.6,10.0,synthetic_procedural,Shi-Tomasi,gaussian_highpass,1,True,0.547945205479452,0.8181818181818182,1.5114386081695557,1.4170331954956055,265.0109999999586,220,219,220,220,120,11,9
main_grid,syn_06,shadow_band,0.86,1.6,10.0,synthetic_procedural,SIFT,gaussian_highpass,1,True,0.2833333333333333,0.0,3.2032164335250854,239.38214111328125,739.150299999892,121,120,121,120,34,4,0
main_grid,syn_06,shadow_band,0.86,1.6,10.0,synthetic_procedural,Sobel,gaussian_highpass,2,True,0.21818181818181817,0.6,3.0123324394226074,3.071934938430786,338.19160000007287,220,220,220,220,48,5,3
main_grid,syn_06,shadow_band,0.86,1.6,10.0,synthetic_procedural,LoG,gaussian_highpass,2,True,0.25,1.0,2.239354372024536,0.6577460765838623,304.4724999999744,220,220,220,220,55,3,3
main_grid,syn_06,shadow_band,0.86,1.6,10.0,synthetic_procedural,Harris,gaussian_highpass,2,True,0.43636363636363634,1.0,2.0002914667129517,0.5099363327026367,316.33659999988595,220,220,220,220,96,2,2
main_grid,syn_06,shadow_band,0.86,1.6,10.0,synthetic_procedural,Shi-Tomasi,gaussian_highpass,2,True,0.593607305936073,0.7142857142857143,1.8034087419509888,1.8590927124023438,296.0719000000154,220,219,220,220,130,7,5
main_grid,syn_06,shadow_band,0.86,1.6,10.0,synthetic_procedural,SIFT,gaussian_highpass,2,True,0.4175257731958763,0.4444444444444444,2.019378185272217,5.064873218536377,842.3091999998178,220,194,220,194,81,9,4
main_grid,syn_06,shadow_band,0.86,1.6,10.0,synthetic_procedural,Sobel,gaussian_highpass,3,True,0.21818181818181817,0.6,3.0123324394226074,3.071934938430786,330.5637000000843,220,220,220,220,48,5,3
main_grid,syn_06,shadow_band,0.86,1.6,10.0,synthetic_procedural,LoG,gaussian_highpass,3,True,0.25,1.0,2.239354372024536,0.6577460765838623,303.6651999998412,220,220,220,220,55,3,3
main_grid,syn_06,shadow_band,0.86,1.6,10.0,synthetic_procedural,Harris,gaussian_highpass,3,True,0.4090909090909091,1.0,1.9898439049720764,0.5099363327026367,317.71549999984927,220,220,220,220,90,2,2
main_grid,syn_06,shadow_band,0.86,1.6,10.0,synthetic_procedural,Shi-Tomasi,gaussian_highpass,3,True,0.5753424657534246,0.6,1.9607911109924316,2.8189547061920166,319.4860000000972,220,219,220,220,126,5,3
main_grid,syn_06,shadow_band,0.86,1.6,10.0,synthetic_procedural,SIFT,gaussian_highpass,3,True,0.38181818181818183,0.45454545454545453,1.9491856694221497,5.064873218536377,915.7212000000072,220,220,220,220,84,11,5
main_grid,syn_07,bright_center,1.04,0.3,1.5,synthetic_procedural,Sobel,none,1,True,0.26732673267326734,0.9166666666666666,2.435434103012085,0.775678277015686,91.14050000016505,202,220,202,220,54,24,22
main_grid,syn_07,bright_center,1.04,0.3,1.5,synthetic_procedural,LoG,none,1,True,0.759090909090909,1.0,0.5595157146453857,0.48803842067718506,82.84230000003845,220,220,220,220,167,129,129
main_grid,syn_07,bright_center,1.04,0.3,1.5,synthetic_procedural,Harris,none,1,True,0.7818181818181819,1.0,0.41879144310951233,0.3895941376686096,97.62599999999111,220,220,220,220,172,142,142
main_grid,syn_07,bright_center,1.04,0.3,1.5,synthetic_procedural,Shi-Tomasi,none,1,True,0.8409090909090909,1.0,0.4010762870311737,0.37803882360458374,102.84020000017335,220,220,220,220,185,147,147
main_grid,syn_07,bright_center,1.04,0.3,1.5,synthetic_procedural,SIFT,none,1,True,0.7094017094017094,0.76,0.19768665730953217,0.21280382573604584,619.0520999998625,128,117,128,117,83,25,19
main_grid,syn_07,bright_center,1.04,0.3,1.5,synthetic_procedural,Sobel,none,2,True,0.2909090909090909,0.9166666666666666,2.3312209844589233,0.775678277015686,131.69399999992493,220,220,220,220,64,24,22
main_grid,syn_07,bright_center,1.04,0.3,1.5,synthetic_procedural,LoG,none,2,True,0.7318181818181818,1.0,0.5595157146453857,0.4618533253669739,104.08179999990352,220,220,220,220,161,121,121
main_grid,syn_07,bright_center,1.04,0.3,1.5,synthetic_procedural,Harris,none,2,True,0.7772727272727272,1.0,0.650861382484436,0.37629756331443787,118.53879999989658,220,220,220,220,171,103,103
main_grid,syn_07,bright_center,1.04,0.3,1.5,synthetic_procedural,Shi-Tomasi,none,2,True,0.8181818181818182,1.0,0.5020041763782501,0.4254910945892334,121.40150000004724,220,220,220,220,180,138,138
main_grid,syn_07,bright_center,1.04,0.3,1.5,synthetic_procedural,SIFT,none,2,True,0.75,0.8431372549019608,0.24901197105646133,0.23709847033023834,687.6117000001614,220,192,220,192,144,51,43
main_grid,syn_07,bright_center,1.04,0.3,1.5,synthetic_procedural,Sobel,none,3,True,0.2909090909090909,0.9166666666666666,2.3312209844589233,0.775678277015686,124.3042000000969,220,220,220,220,64,24,22
main_grid,syn_07,bright_center,1.04,0.3,1.5,synthetic_procedural,LoG,none,3,True,0.7272727272727273,1.0,0.5516303777694702,0.4598028361797333,120.9771000001183,220,220,220,220,160,120,120
main_grid,syn_07,bright_center,1.04,0.3,1.5,synthetic_procedural,Harris,none,3,True,0.7681818181818182,1.0,0.6311913728713989,0.3718785047531128,142.22450000011122,220,220,220,220,169,102,102
main_grid,syn_07,bright_center,1.04,0.3,1.5,synthetic_procedural,Shi-Tomasi,none,3,True,0.8,0.9924812030075187,0.5305368602275848,0.43195465207099915,126.40600000008817,220,220,220,220,176,133,132
main_grid,syn_07,bright_center,1.04,0.3,1.5,synthetic_procedural,SIFT,none,3,True,0.6681818181818182,0.8269230769230769,0.2552149295806885,0.23832997679710388,691.8516999999156,220,220,220,220,147,52,43
main_grid,syn_07,bright_center,1.04,0.3,1.5,synthetic_procedural,Sobel,ideal_lowpass,1,True,0.5909090909090909,0.9459459459459459,1.466770589351654,0.999078631401062,210.78379999994468,220,220,220,220,130,37,35
main_grid,syn_07,bright_center,1.04,0.3,1.5,synthetic_procedural,LoG,ideal_lowpass,1,True,0.5363636363636364,0.9459459459459459,1.2007303833961487,0.7958623170852661,212.2110000000248,220,220,220,220,118,37,35
main_grid,syn_07,bright_center,1.04,0.3,1.5,synthetic_procedural,Harris,ideal_lowpass,1,True,0.6636363636363637,0.9339622641509434,0.7662539780139923,0.7244278192520142,248.3178999998472,220,220,220,220,146,106,99
main_grid,syn_07,bright_center,1.04,0.3,1.5,synthetic_procedural,Shi-Tomasi,ideal_lowpass,1,True,0.7136363636363636,0.9272727272727272,0.7482686638832092,0.7567787766456604,229.27009999989423,220,220,220,220,157,110,102
main_grid,syn_07,bright_center,1.04,0.3,1.5,synthetic_procedural,SIFT,ideal_lowpass,1,True,0.6453900709219859,0.8444444444444444,0.4371795952320099,0.4703471064567566,431.6831999999522,142,141,142,141,91,45,38
main_grid,syn_07,bright_center,1.04,0.3,1.5,synthetic_procedural,Sobel,ideal_lowpass,2,True,0.5909090909090909,0.9459459459459459,1.466770589351654,0.999078631401062,264.8046000001614,220,220,220,220,130,37,35
main_grid,syn_07,bright_center,1.04,0.3,1.5,synthetic_procedural,LoG,ideal_lowpass,2,True,0.5272727272727272,0.9473684210526315,1.2060583233833313,0.8289201259613037,256.16290000016306,220,220,220,220,116,38,36
main_grid,syn_07,bright_center,1.04,0.3,1.5,synthetic_procedural,Harris,ideal_lowpass,2,True,0.7181818181818181,0.9384615384615385,1.0405872464179993,0.9780346155166626,301.3029999999617,220,220,220,220,158,130,122
main_grid,syn_07,bright_center,1.04,0.3,1.5,synthetic_procedural,Shi-Tomasi,ideal_lowpass,2,True,0.7045454545454546,0.9256198347107438,1.0160343647003174,0.9469338655471802,308.10089999999946,220,220,220,220,155,121,112
main_grid,syn_07,bright_center,1.04,0.3,1.5,synthetic_procedural,SIFT,ideal_lowpass,2,True,0.6363636363636364,0.8507462686567164,0.6517442166805267,0.6390635967254639,579.2227000001731,220,220,220,220,140,67,57
main_grid,syn_07,bright_center,1.04,0.3,1.5,synthetic_procedural,Sobel,ideal_lowpass,3,True,0.5909090909090909,0.9459459459459459,1.466770589351654,0.999078631401062,261.41050000001087,220,220,220,220,130,37,35
main_grid,syn_07,bright_center,1.04,0.3,1.5,synthetic_procedural,LoG,ideal_lowpass,3,True,0.5272727272727272,0.9473684210526315,1.2060583233833313,0.8289201259613037,277.5956000000406,220,220,220,220,116,38,36
main_grid,syn_07,bright_center,1.04,0.3,1.5,synthetic_procedural,Harris,ideal_lowpass,3,True,0.7318181818181818,0.917910447761194,1.0822938680648804,1.025933861732483,319.2219000000023,220,220,220,220,161,134,123
main_grid,syn_07,bright_center,1.04,0.3,1.5,synthetic_procedural,Shi-Tomasi,ideal_lowpass,3,True,0.7045454545454546,0.9262295081967213,1.0684821605682373,0.9711977243423462,307.8150999999707,220,220,220,220,155,122,113
main_grid,syn_07,bright_center,1.04,0.3,1.5,synthetic_procedural,SIFT,ideal_lowpass,3,True,0.6409090909090909,0.855072463768116,0.6557556390762329,0.6477327942848206,613.0560999999943,220,220,220,220,141,69,59
main_grid,syn_07,bright_center,1.04,0.3,1.5,synthetic_procedural,Sobel,gaussian_lowpass,1,True,0.29333333333333333,0.6,1.3239405155181885,1.5344982147216797,249.9174000001858,150,220,150,220,44,10,6
main_grid,syn_07,bright_center,1.04,0.3,1.5,synthetic_procedural,LoG,gaussian_lowpass,1,True,0.6956521739130435,1.0,1.19960218667984,0.4876064956188202,247.19400000003589,92,220,92,220,64,9,9
main_grid,syn_07,bright_center,1.04,0.3,1.5,synthetic_procedural,Harris,gaussian_lowpass,1,True,0.8636363636363636,0.9851851851851852,0.5236049890518188,0.523501455783844,276.3342000000648,220,220,220,220,190,135,133
main_grid,syn_07,bright_center,1.04,0.3,1.5,synthetic_procedural,Shi-Tomasi,gaussian_lowpass,1,True,0.8681818181818182,1.0,0.5606233477592468,0.5257455706596375,264.25689999996393,220,220,220,220,191,133,133
main_grid,syn_07,bright_center,1.04,0.3,1.5,synthetic_procedural,SIFT,gaussian_lowpass,1,True,0.7828947368421053,0.8923076923076924,0.159257709980011,0.14365525543689728,499.3950999999015,154,152,154,152,119,65,58
main_grid,syn_07,bright_center,1.04,0.3,1.5,synthetic_procedural,Sobel,gaussian_lowpass,2,True,0.35909090909090907,0.6363636363636364,1.5041968822479248,1.2609822750091553,329.7950999999557,220,220,220,220,79,11,7
main_grid,syn_07,bright_center,1.04,0.3,1.5,synthetic_procedural,LoG,gaussian_lowpass,2,True,0.5813953488372093,0.75,1.324798345565796,0.8766188621520996,333.94780000003266,215,220,215,220,125,12,9
main_grid,syn_07,bright_center,1.04,0.3,1.5,synthetic_procedural,Harris,gaussian_lowpass,2,True,0.8863636363636364,0.9929078014184397,0.5721015930175781,0.5489637851715088,316.38060000000223,220,220,220,220,195,141,140
main_grid,syn_07,bright_center,1.04,0.3,1.5,synthetic_procedural,Shi-Tomasi,gaussian_lowpass,2,True,0.8727272727272727,0.9929577464788732,0.6263670325279236,0.6473343372344971,310.4157000000214,220,220,220,220,192,142,141
main_grid,syn_07,bright_center,1.04,0.3,1.5,synthetic_procedural,SIFT,gaussian_lowpass,2,True,0.8363636363636363,0.9278350515463918,0.2377563714981079,0.22687354683876038,612.972099999979,220,220,220,220,184,97,90
main_grid,syn_07,bright_center,1.04,0.3,1.5,synthetic_procedural,Sobel,gaussian_lowpass,3,True,0.34545454545454546,0.6363636363636364,1.4987975358963013,1.2609822750091553,316.313799999989,220,220,220,220,76,11,7
main_grid,syn_07,bright_center,1.04,0.3,1.5,synthetic_procedural,LoG,gaussian_lowpass,3,True,0.5681818181818182,0.75,1.324798345565796,0.8766188621520996,331.35649999985617,220,220,220,220,125,12,9
main_grid,syn_07,bright_center,1.04,0.3,1.5,synthetic_procedural,Harris,gaussian_lowpass,3,True,0.8818181818181818,0.9785714285714285,0.5914782881736755,0.5663625001907349,323.2757999999194,220,220,220,220,194,140,137
main_grid,syn_07,bright_center,1.04,0.3,1.5,synthetic_procedural,Shi-Tomasi,gaussian_lowpass,3,True,0.8454545454545455,0.9859154929577465,0.6437216699123383,0.6868542432785034,300.53600000019287,220,220,220,220,186,142,140
main_grid,syn_07,bright_center,1.04,0.3,1.5,synthetic_procedural,SIFT,gaussian_lowpass,3,True,0.8363636363636363,0.9278350515463918,0.2377563714981079,0.22425603866577148,656.3695999998345,220,220,220,220,184,97,90
main_grid,syn_07,bright_center,1.04,0.3,1.5,synthetic_procedural,Sobel,ideal_highpass,1,True,0.6272727272727273,0.9310344827586207,1.2925769090652466,0.5546472072601318,276.85429999996813,220,220,220,220,138,58,54
main_grid,syn_07,bright_center,1.04,0.3,1.5,synthetic_procedural,LoG,ideal_highpass,1,True,0.6954545454545454,0.98,0.5025222301483154,0.3834702968597412,260.59589999999844,220,220,220,220,153,100,98
main_grid,syn_07,bright_center,1.04,0.3,1.5,synthetic_procedural,Harris,ideal_highpass,1,True,0.7863636363636364,0.9758064516129032,0.5053457617759705,0.4554787278175354,268.72530000014194,220,220,220,220,173,124,121
main_grid,syn_07,bright_center,1.04,0.3,1.5,synthetic_procedural,Shi-Tomasi,ideal_highpass,1,True,0.8272727272727273,0.9642857142857143,0.5597343742847443,0.4385114312171936,263.8099000000693,220,220,220,220,182,112,108
main_grid,syn_07,bright_center,1.04,0.3,1.5,synthetic_procedural,SIFT,ideal_highpass,1,True,0.6460176991150443,0.8387096774193549,0.20416966080665588,0.18576698005199432,475.139899999931,120,113,120,113,73,31,26
main_grid,syn_07,bright_center,1.04,0.3,1.5,synthetic_procedural,Sobel,ideal_highpass,2,True,0.6272727272727273,0.9310344827586207,1.2925769090652466,0.5546472072601318,312.61870000003,220,220,220,220,138,58,54
main_grid,syn_07,bright_center,1.04,0.3,1.5,synthetic_procedural,LoG,ideal_highpass,2,True,0.6909090909090909,0.9795918367346939,0.5147025287151337,0.3864401876926422,297.65569999995023,220,220,220,220,152,98,96
main_grid,syn_07,bright_center,1.04,0.3,1.5,synthetic_procedural,Harris,ideal_highpass,2,True,0.7727272727272727,0.9893617021276596,0.604774683713913,0.411064475774765,320.124000000078,220,220,220,220,170,94,93
main_grid,syn_07,bright_center,1.04,0.3,1.5,synthetic_procedural,Shi-Tomasi,ideal_highpass,2,True,0.8181818181818182,0.9532710280373832,0.7050560712814331,0.4701073169708252,352.6667000000998,220,220,220,220,180,107,102
main_grid,syn_07,bright_center,1.04,0.3,1.5,synthetic_procedural,SIFT,ideal_highpass,2,True,0.6363636363636364,0.8043478260869565,0.3796161562204361,0.2131127119064331,651.8992999999682,220,220,220,220,140,46,37
main_grid,syn_07,bright_center,1.04,0.3,1.5,synthetic_procedural,Sobel,ideal_highpass,3,True,0.6272727272727273,0.9310344827586207,1.2925769090652466,0.5546472072601318,323.08320000015556,220,220,220,220,138,58,54
main_grid,syn_07,bright_center,1.04,0.3,1.5,synthetic_procedural,LoG,ideal_highpass,3,True,0.6909090909090909,0.9795918367346939,0.5147025287151337,0.3864401876926422,365.74319999999716,220,220,220,220,152,98,96
main_grid,syn_07,bright_center,1.04,0.3,1.5,synthetic_procedural,Harris,ideal_highpass,3,True,0.7636363636363637,0.989247311827957,0.6092008650302887,0.41406816244125366,365.133300000025,220,220,220,220,168,93,92
main_grid,syn_07,bright_center,1.04,0.3,1.5,synthetic_procedural,Shi-Tomasi,ideal_highpass,3,True,0.8,0.9622641509433962,0.7050560712814331,0.4741041362285614,313.96730000005846,220,220,220,220,176,106,102
main_grid,syn_07,bright_center,1.04,0.3,1.5,synthetic_procedural,SIFT,ideal_highpass,3,True,0.6363636363636364,0.8043478260869565,0.3796161562204361,0.2131127119064331,618.6162999999851,220,220,220,220,140,46,37
main_grid,syn_07,bright_center,1.04,0.3,1.5,synthetic_procedural,Sobel,gaussian_highpass,1,True,0.6181818181818182,1.0,1.2733126878738403,0.4205745458602905,269.6352000000388,220,220,220,220,136,59,59
main_grid,syn_07,bright_center,1.04,0.3,1.5,synthetic_procedural,LoG,gaussian_highpass,1,True,0.7,0.9813084112149533,0.480535089969635,0.41515493392944336,250.54339999996955,220,220,220,220,154,107,105
main_grid,syn_07,bright_center,1.04,0.3,1.5,synthetic_procedural,Harris,gaussian_highpass,1,True,0.7136363636363636,0.9914529914529915,0.4821697473526001,0.3959665298461914,270.5935000001318,220,220,220,220,157,117,116
main_grid,syn_07,bright_center,1.04,0.3,1.5,synthetic_procedural,Shi-Tomasi,gaussian_highpass,1,True,0.8136363636363636,0.9906542056074766,0.5296555161476135,0.4101680517196655,263.29200000009223,220,220,220,220,179,107,106
main_grid,syn_07,bright_center,1.04,0.3,1.5,synthetic_procedural,SIFT,gaussian_highpass,1,True,0.6198347107438017,0.96,0.16626714169979095,0.12394198775291443,706.1502999999902,121,121,121,121,75,25,24
main_grid,syn_07,bright_center,1.04,0.3,1.5,synthetic_procedural,Sobel,gaussian_highpass,2,True,0.6181818181818182,1.0,1.2733126878738403,0.4205745458602905,329.23140000002604,220,220,220,220,136,59,59
main_grid,syn_07,bright_center,1.04,0.3,1.5,synthetic_procedural,LoG,gaussian_highpass,2,True,0.6909090909090909,0.9809523809523809,0.4737359583377838,0.40475019812583923,335.5269999999564,220,220,220,220,152,105,103
main_grid,syn_07,bright_center,1.04,0.3,1.5,synthetic_procedural,Harris,gaussian_highpass,2,True,0.7272727272727273,0.989010989010989,0.6308434009552002,0.37239110469818115,457.4648000000252,220,220,220,220,160,91,90
main_grid,syn_07,bright_center,1.04,0.3,1.5,synthetic_procedural,Shi-Tomasi,gaussian_highpass,2,True,0.7818181818181819,1.0,0.6204676330089569,0.43198683857917786,396.7454999999518,220,220,220,220,172,97,97
main_grid,syn_07,bright_center,1.04,0.3,1.5,synthetic_procedural,SIFT,gaussian_highpass,2,True,0.6090909090909091,0.85,0.27922485768795013,0.16331690549850464,1018.8783000000967,220,220,220,220,134,40,34
main_grid,syn_07,bright_center,1.04,0.3,1.5,synthetic_procedural,Sobel,gaussian_highpass,3,True,0.6181818181818182,1.0,1.2733126878738403,0.4205745458602905,382.3405999999068,220,220,220,220,136,59,59
main_grid,syn_07,bright_center,1.04,0.3,1.5,synthetic_procedural,LoG,gaussian_highpass,3,True,0.6909090909090909,0.9809523809523809,0.4737359583377838,0.40475019812583923,402.1321000000171,220,220,220,220,152,105,103
main_grid,syn_07,bright_center,1.04,0.3,1.5,synthetic_procedural,Harris,gaussian_highpass,3,True,0.7136363636363636,0.989010989010989,0.660626232624054,0.37239110469818115,407.0831999999882,220,220,220,220,157,91,90
main_grid,syn_07,bright_center,1.04,0.3,1.5,synthetic_procedural,Shi-Tomasi,gaussian_highpass,3,True,0.7636363636363637,1.0,0.6497175395488739,0.43198683857917786,421.1171000001741,220,220,220,220,168,95,95
main_grid,syn_07,bright_center,1.04,0.3,1.5,synthetic_procedural,SIFT,gaussian_highpass,3,True,0.6136363636363636,0.85,0.2871895730495453,0.16331690549850464,1108.719199999996,220,220,220,220,135,40,34
main_grid,syn_08,warm_side_light,0.94,1.0,5.0,synthetic_procedural,Sobel,none,1,True,0.15422885572139303,0.7777777777777778,1.7750530242919922,1.7022433280944824,111.30400000001828,201,220,201,220,31,18,14
main_grid,syn_08,warm_side_light,0.94,1.0,5.0,synthetic_procedural,LoG,none,1,True,0.05909090909090909,0.8571428571428571,0.7079127430915833,0.5213181972503662,97.33590000018921,220,220,220,220,13,7,6
main_grid,syn_08,warm_side_light,0.94,1.0,5.0,synthetic_procedural,Harris,none,1,True,0.75,1.0,0.5855844616889954,0.5452933311462402,110.5352000001858,220,220,220,220,165,114,114
main_grid,syn_08,warm_side_light,0.94,1.0,5.0,synthetic_procedural,Shi-Tomasi,none,1,True,0.7272727272727273,1.0,0.8876399397850037,0.7428253293037415,106.85339999986354,220,220,220,220,160,105,105
main_grid,syn_08,warm_side_light,0.94,1.0,5.0,synthetic_procedural,SIFT,none,1,True,0.328125,0.6,0.7270555794239044,0.6388044357299805,516.6630000001078,128,130,128,130,42,5,3
main_grid,syn_08,warm_side_light,0.94,1.0,5.0,synthetic_procedural,Sobel,none,2,True,0.1409090909090909,0.7777777777777778,1.7750530242919922,1.7022433280944824,112.7596999999696,220,220,220,220,31,18,14
main_grid,syn_08,warm_side_light,0.94,1.0,5.0,synthetic_procedural,LoG,none,2,True,0.06818181818181818,1.0,0.7534621357917786,0.5213181972503662,111.26199999989694,220,220,220,220,15,5,5
main_grid,syn_08,warm_side_light,0.94,1.0,5.0,synthetic_procedural,Harris,none,2,True,0.7,1.0,0.8602457642555237,0.5378419756889343,122.68510000012611,220,220,220,220,154,76,76
main_grid,syn_08,warm_side_light,0.94,1.0,5.0,synthetic_procedural,Shi-Tomasi,none,2,True,0.740909090909091,1.0,0.9638883471488953,0.7681360244750977,103.91189999995731,220,220,220,220,163,96,96
main_grid,syn_08,warm_side_light,0.94,1.0,5.0,synthetic_procedural,SIFT,none,2,True,0.5533333333333333,0.8571428571428571,0.5284152626991272,0.2894064784049988,611.2800000000789,220,150,220,150,83,28,24
main_grid,syn_08,warm_side_light,0.94,1.0,5.0,synthetic_procedural,Sobel,none,3,True,0.1409090909090909,0.7777777777777778,1.7750530242919922,1.7022433280944824,121.78059999996549,220,220,220,220,31,18,14
main_grid,syn_08,warm_side_light,0.94,1.0,5.0,synthetic_procedural,LoG,none,3,True,0.06818181818181818,1.0,0.7534621357917786,0.5213181972503662,109.70529999985956,220,220,220,220,15,5,5
main_grid,syn_08,warm_side_light,0.94,1.0,5.0,synthetic_procedural,Harris,none,3,True,0.6681818181818182,1.0,0.8408734202384949,0.5433204770088196,119.85779999986335,220,220,220,220,147,75,75
main_grid,syn_08,warm_side_light,0.94,1.0,5.0,synthetic_procedural,Shi-Tomasi,none,3,True,0.7227272727272728,0.9659090909090909,1.0144375562667847,0.8119497895240784,115.92889999997169,220,220,220,220,159,88,85
main_grid,syn_08,warm_side_light,0.94,1.0,5.0,synthetic_procedural,SIFT,none,3,True,0.42727272727272725,0.8620689655172413,0.6282271444797516,0.2952117919921875,633.2790000001296,220,220,220,220,94,29,25
main_grid,syn_08,warm_side_light,0.94,1.0,5.0,synthetic_procedural,Sobel,ideal_lowpass,1,True,0.4772727272727273,0.8285714285714286,1.660768747329712,1.071191668510437,196.55269999998382,220,220,220,220,105,35,29
main_grid,syn_08,warm_side_light,0.94,1.0,5.0,synthetic_procedural,LoG,ideal_lowpass,1,True,0.5681818181818182,0.9230769230769231,1.6396979093551636,1.6839416027069092,212.7516000000469,220,220,220,220,125,26,24
main_grid,syn_08,warm_side_light,0.94,1.0,5.0,synthetic_procedural,Harris,ideal_lowpass,1,True,0.6045454545454545,0.935064935064935,1.339275598526001,1.3164888620376587,259.87609999992856,220,220,220,220,133,77,72
main_grid,syn_08,warm_side_light,0.94,1.0,5.0,synthetic_procedural,Shi-Tomasi,ideal_lowpass,1,True,0.6363636363636364,0.9770114942528736,1.236016571521759,1.1667245626449585,249.53879999998207,220,220,220,220,140,87,85
main_grid,syn_08,warm_side_light,0.94,1.0,5.0,synthetic_procedural,SIFT,ideal_lowpass,1,True,0.5755395683453237,0.7948717948717948,0.6200858652591705,0.8227468132972717,413.4109999999964,139,141,139,141,80,39,31
main_grid,syn_08,warm_side_light,0.94,1.0,5.0,synthetic_procedural,Sobel,ideal_lowpass,2,True,0.4909090909090909,0.8285714285714286,1.7156791687011719,1.071191668510437,242.09369999994124,220,220,220,220,108,35,29
main_grid,syn_08,warm_side_light,0.94,1.0,5.0,synthetic_procedural,LoG,ideal_lowpass,2,True,0.5318181818181819,0.8846153846153846,1.6396979093551636,1.740494728088379,233.8455999999951,220,220,220,220,117,26,23
main_grid,syn_08,warm_side_light,0.94,1.0,5.0,synthetic_procedural,Harris,ideal_lowpass,2,True,0.5818181818181818,0.8933333333333333,1.757509469985962,1.4635971784591675,271.57969999984743,220,220,220,220,128,75,67
main_grid,syn_08,warm_side_light,0.94,1.0,5.0,synthetic_procedural,Shi-Tomasi,ideal_lowpass,2,True,0.6590909090909091,0.9662921348314607,1.7075947523117065,1.3829872608184814,252.962000000025,220,220,220,220,145,89,86
main_grid,syn_08,warm_side_light,0.94,1.0,5.0,synthetic_procedural,SIFT,ideal_lowpass,2,True,0.5818181818181818,0.8275862068965517,0.8468965291976929,0.8376545310020447,534.1566000001876,220,220,220,220,128,58,48
main_grid,syn_08,warm_side_light,0.94,1.0,5.0,synthetic_procedural,Sobel,ideal_lowpass,3,True,0.4909090909090909,0.8285714285714286,1.7156791687011719,1.071191668510437,242.21810000017285,220,220,220,220,108,35,29
main_grid,syn_08,warm_side_light,0.94,1.0,5.0,synthetic_procedural,LoG,ideal_lowpass,3,True,0.5318181818181819,0.8846153846153846,1.6396979093551636,1.740494728088379,246.7885999999453,220,220,220,220,117,26,23
main_grid,syn_08,warm_side_light,0.94,1.0,5.0,synthetic_procedural,Harris,ideal_lowpass,3,True,0.5318181818181819,0.8333333333333334,1.8599554300308228,1.6202596426010132,300.10809999998855,220,220,220,220,117,72,60
main_grid,syn_08,warm_side_light,0.94,1.0,5.0,synthetic_procedural,Shi-Tomasi,ideal_lowpass,3,True,0.6363636363636364,0.9318181818181818,1.6845834255218506,1.5174965858459473,280.83360000005086,220,220,220,220,140,88,82
main_grid,syn_08,warm_side_light,0.94,1.0,5.0,synthetic_procedural,SIFT,ideal_lowpass,3,True,0.5818181818181818,0.8421052631578947,0.8468965291976929,0.8227468132972717,579.4169999999212,220,220,220,220,128,57,48
main_grid,syn_08,warm_side_light,0.94,1.0,5.0,synthetic_procedural,Sobel,gaussian_lowpass,1,True,0.348993288590604,0.9090909090909091,0.9720998704433441,0.7358429431915283,329.566800000066,149,220,149,220,52,11,10
main_grid,syn_08,warm_side_light,0.94,1.0,5.0,synthetic_procedural,LoG,gaussian_lowpass,1,True,0.43478260869565216,1.0,1.3415098190307617,0.6062694787979126,225.84170000004633,92,220,92,220,40,6,6
main_grid,syn_08,warm_side_light,0.94,1.0,5.0,synthetic_procedural,Harris,gaussian_lowpass,1,True,0.7545454545454545,0.9900990099009901,1.0473570227622986,0.8679674863815308,255.65600000004451,220,220,220,220,166,101,100
main_grid,syn_08,warm_side_light,0.94,1.0,5.0,synthetic_procedural,Shi-Tomasi,gaussian_lowpass,1,True,0.7772727272727272,0.9907407407407407,0.9196457266807556,0.8968691229820251,244.39170000005106,220,220,220,220,171,108,107
main_grid,syn_08,warm_side_light,0.94,1.0,5.0,synthetic_procedural,SIFT,gaussian_lowpass,1,True,0.75,0.9818181818181818,0.3590104877948761,0.28356388211250305,466.0920999999689,152,162,152,162,114,55,54
main_grid,syn_08,warm_side_light,0.94,1.0,5.0,synthetic_procedural,Sobel,gaussian_lowpass,2,True,0.42272727272727273,0.9166666666666666,1.2136127948760986,0.7856879234313965,292.2587000000476,220,220,220,220,93,12,11
main_grid,syn_08,warm_side_light,0.94,1.0,5.0,synthetic_procedural,LoG,gaussian_lowpass,2,True,0.41743119266055045,1.0,1.6167100667953491,0.6062694787979126,330.40009999990616,218,220,218,220,91,6,6
main_grid,syn_08,warm_side_light,0.94,1.0,5.0,synthetic_procedural,Harris,gaussian_lowpass,2,True,0.7772727272727272,1.0,1.0363255739212036,0.9179023504257202,318.59810000014477,220,220,220,220,171,116,116
main_grid,syn_08,warm_side_light,0.94,1.0,5.0,synthetic_procedural,Shi-Tomasi,gaussian_lowpass,2,True,0.7863636363636364,0.990909090909091,0.9445379972457886,0.9038060903549194,278.1145999999808,220,220,220,220,173,110,109
main_grid,syn_08,warm_side_light,0.94,1.0,5.0,synthetic_procedural,SIFT,gaussian_lowpass,2,True,0.7727272727272727,0.945054945054945,0.4608701169490814,0.45113158226013184,573.3475000001818,220,220,220,220,170,91,86
main_grid,syn_08,warm_side_light,0.94,1.0,5.0,synthetic_procedural,Sobel,gaussian_lowpass,3,True,0.42272727272727273,0.9166666666666666,1.2136127948760986,0.7856879234313965,300.44150000003356,220,220,220,220,93,12,11
main_grid,syn_08,warm_side_light,0.94,1.0,5.0,synthetic_procedural,LoG,gaussian_lowpass,3,True,0.41363636363636364,1.0,1.6167100667953491,0.6062694787979126,349.0401000001384,220,220,220,220,91,6,6
main_grid,syn_08,warm_side_light,0.94,1.0,5.0,synthetic_procedural,Harris,gaussian_lowpass,3,True,0.7636363636363637,0.9910714285714286,1.0808279514312744,0.921823263168335,364.630600000055,220,220,220,220,168,112,111
main_grid,syn_08,warm_side_light,0.94,1.0,5.0,synthetic_procedural,Shi-Tomasi,gaussian_lowpass,3,True,0.7636363636363637,0.9906542056074766,0.9793523252010345,0.9365302920341492,316.7647999998735,220,220,220,220,168,107,106
main_grid,syn_08,warm_side_light,0.94,1.0,5.0,synthetic_procedural,SIFT,gaussian_lowpass,3,True,0.7772727272727272,0.945054945054945,0.4657220244407654,0.4610045552253723,585.4025000001002,220,220,220,220,171,91,86
main_grid,syn_08,warm_side_light,0.94,1.0,5.0,synthetic_procedural,Sobel,ideal_highpass,1,True,0.4,0.8666666666666667,3.2899880409240723,0.5279685854911804,231.66169999990416,220,220,220,220,88,15,13
main_grid,syn_08,warm_side_light,0.94,1.0,5.0,synthetic_procedural,LoG,ideal_highpass,1,True,0.43636363636363634,0.9583333333333334,0.9947182238101959,0.47768664360046387,231.4581000000544,220,220,220,220,96,24,23
main_grid,syn_08,warm_side_light,0.94,1.0,5.0,synthetic_procedural,Harris,ideal_highpass,1,True,0.740909090909091,0.9811320754716981,0.8977124691009521,0.5167534947395325,251.008899999988,220,220,220,220,163,53,52
main_grid,syn_08,warm_side_light,0.94,1.0,5.0,synthetic_procedural,Shi-Tomasi,ideal_highpass,1,True,0.6954545454545454,0.967741935483871,1.0461024045944214,0.6658211350440979,244.54910000008567,220,220,220,220,153,31,30
main_grid,syn_08,warm_side_light,0.94,1.0,5.0,synthetic_procedural,SIFT,ideal_highpass,1,True,0.4166666666666667,0.5,1.531083583831787,96.136474609375,484.1994999999315,120,108,120,108,45,6,3
main_grid,syn_08,warm_side_light,0.94,1.0,5.0,synthetic_procedural,Sobel,ideal_highpass,2,True,0.4,0.8666666666666667,3.2899880409240723,0.5279685854911804,298.1302999999116,220,220,220,220,88,15,13
main_grid,syn_08,warm_side_light,0.94,1.0,5.0,synthetic_procedural,LoG,ideal_highpass,2,True,0.4318181818181818,0.96,0.9976871609687805,0.5020614862442017,296.60489999992024,220,220,220,220,95,25,24
main_grid,syn_08,warm_side_light,0.94,1.0,5.0,synthetic_procedural,Harris,ideal_highpass,2,True,0.7272727272727273,0.9814814814814815,1.1751219630241394,0.6756702065467834,326.03599999993094,220,220,220,220,160,54,53
main_grid,syn_08,warm_side_light,0.94,1.0,5.0,synthetic_procedural,Shi-Tomasi,ideal_highpass,2,True,0.7227272727272728,0.9696969696969697,1.3205318450927734,0.7141688466072083,343.37219999997615,220,220,220,220,159,33,32
main_grid,syn_08,warm_side_light,0.94,1.0,5.0,synthetic_procedural,SIFT,ideal_highpass,2,True,0.5645161290322581,0.6428571428571429,1.1991394758224487,0.744010329246521,761.8853999999828,219,186,219,186,105,14,9
main_grid,syn_08,warm_side_light,0.94,1.0,5.0,synthetic_procedural,Sobel,ideal_highpass,3,True,0.4,0.8666666666666667,3.2899880409240723,0.5279685854911804,343.42820000006213,220,220,220,220,88,15,13
main_grid,syn_08,warm_side_light,0.94,1.0,5.0,synthetic_procedural,LoG,ideal_highpass,3,True,0.4318181818181818,0.96,0.9976871609687805,0.5020614862442017,337.7055000000837,220,220,220,220,95,25,24
main_grid,syn_08,warm_side_light,0.94,1.0,5.0,synthetic_procedural,Harris,ideal_highpass,3,True,0.7,1.0,1.1981393694877625,0.687631368637085,357.35539999996035,220,220,220,220,154,48,48
main_grid,syn_08,warm_side_light,0.94,1.0,5.0,synthetic_procedural,Shi-Tomasi,ideal_highpass,3,True,0.7090909090909091,0.9696969696969697,1.4703611135482788,0.6993902921676636,346.89909999997326,220,220,220,220,156,33,32
main_grid,syn_08,warm_side_light,0.94,1.0,5.0,synthetic_procedural,SIFT,ideal_highpass,3,True,0.4954545454545455,0.6428571428571429,1.3866318464279175,1.0667002201080322,694.4114999998874,220,220,220,220,109,14,9
main_grid,syn_08,warm_side_light,0.94,1.0,5.0,synthetic_procedural,Sobel,gaussian_highpass,1,True,0.34545454545454546,0.7727272727272727,2.276790142059326,1.2988054752349854,274.96079999991707,220,220,220,220,76,22,17
main_grid,syn_08,warm_side_light,0.94,1.0,5.0,synthetic_procedural,LoG,gaussian_highpass,1,True,0.41818181818181815,1.0,0.8043126463890076,0.5526655316352844,287.1309000001929,220,220,220,220,92,41,41
main_grid,syn_08,warm_side_light,0.94,1.0,5.0,synthetic_procedural,Harris,gaussian_highpass,1,True,0.6636363636363637,1.0,0.683426707983017,0.5829581022262573,303.7812000000031,220,220,220,220,146,72,72
main_grid,syn_08,warm_side_light,0.94,1.0,5.0,synthetic_procedural,Shi-Tomasi,gaussian_highpass,1,True,0.7136363636363636,1.0,0.8463475704193115,0.5893707275390625,314.8504000000685,220,220,220,220,157,54,54
main_grid,syn_08,warm_side_light,0.94,1.0,5.0,synthetic_procedural,SIFT,gaussian_highpass,1,True,0.5377358490566038,1.0,0.8558640480041504,0.7104990482330322,832.6898000000256,120,106,120,106,57,4,4
main_grid,syn_08,warm_side_light,0.94,1.0,5.0,synthetic_procedural,Sobel,gaussian_highpass,2,True,0.34545454545454546,0.7727272727272727,2.276790142059326,1.2988054752349854,395.3355000001011,220,220,220,220,76,22,17
main_grid,syn_08,warm_side_light,0.94,1.0,5.0,synthetic_procedural,LoG,gaussian_highpass,2,True,0.40454545454545454,1.0,0.8048131465911865,0.5887713432312012,356.49179999995795,220,220,220,220,89,40,40
main_grid,syn_08,warm_side_light,0.94,1.0,5.0,synthetic_procedural,Harris,gaussian_highpass,2,True,0.6727272727272727,1.0,1.0522980690002441,0.6344537138938904,391.527300000007,220,220,220,220,148,55,55
main_grid,syn_08,warm_side_light,0.94,1.0,5.0,synthetic_procedural,Shi-Tomasi,gaussian_highpass,2,True,0.6909090909090909,0.98,1.1615408062934875,0.6385852694511414,361.71570000010433,220,220,220,220,152,50,49
main_grid,syn_08,warm_side_light,0.94,1.0,5.0,synthetic_procedural,SIFT,gaussian_highpass,2,True,0.5846153846153846,0.7727272727272727,0.8032445311546326,0.5351092219352722,1006.4254999999775,220,195,220,195,114,22,17
main_grid,syn_08,warm_side_light,0.94,1.0,5.0,synthetic_procedural,Sobel,gaussian_highpass,3,True,0.34545454545454546,0.7727272727272727,2.276790142059326,1.2988054752349854,373.48389999988285,220,220,220,220,76,22,17
main_grid,syn_08,warm_side_light,0.94,1.0,5.0,synthetic_procedural,LoG,gaussian_highpass,3,True,0.40454545454545454,1.0,0.8048131465911865,0.5887713432312012,360.44059999994715,220,220,220,220,89,40,40
main_grid,syn_08,warm_side_light,0.94,1.0,5.0,synthetic_procedural,Harris,gaussian_highpass,3,True,0.6363636363636364,1.0,1.1550070643424988,0.6273840665817261,383.0496000000494,220,220,220,220,140,52,52
main_grid,syn_08,warm_side_light,0.94,1.0,5.0,synthetic_procedural,Shi-Tomasi,gaussian_highpass,3,True,0.65,1.0,1.183159589767456,0.6238551139831543,354.25119999990784,220,220,220,220,143,42,42
main_grid,syn_08,warm_side_light,0.94,1.0,5.0,synthetic_procedural,SIFT,gaussian_highpass,3,True,0.5318181818181819,0.7727272727272727,0.8258379101753235,0.5351092219352722,952.6429000000007,220,220,220,220,117,22,17
main_grid,syn_09,cool_gradient,1.0,0.7,6.0,synthetic_procedural,Sobel,none,1,True,0.16748768472906403,0.7368421052631579,2.0261139273643494,1.2327675819396973,108.13749999988431,203,220,203,220,34,19,14
main_grid,syn_09,cool_gradient,1.0,0.7,6.0,synthetic_procedural,LoG,none,1,True,0.4636363636363636,0.9866666666666667,0.5773114860057831,0.49831318855285645,81.69810000003963,220,220,220,220,102,75,74
main_grid,syn_09,cool_gradient,1.0,0.7,6.0,synthetic_procedural,Harris,none,1,True,0.7363636363636363,0.991869918699187,0.42724181711673737,0.4288283586502075,106.95200000009208,220,220,220,220,162,123,122
main_grid,syn_09,cool_gradient,1.0,0.7,6.0,synthetic_procedural,Shi-Tomasi,none,1,True,0.8045454545454546,0.9924812030075187,0.6043901443481445,0.5309543609619141,95.76100000003862,220,220,220,220,177,133,132
main_grid,syn_09,cool_gradient,1.0,0.7,6.0,synthetic_procedural,SIFT,none,1,True,0.5873015873015873,0.7333333333333333,0.6503159701824188,0.39947524666786194,585.1360999999997,126,134,126,134,74,15,11
main_grid,syn_09,cool_gradient,1.0,0.7,6.0,synthetic_procedural,Sobel,none,2,True,0.21363636363636362,0.7368421052631579,1.910628318786621,1.2327675819396973,139.93359999994937,220,220,220,220,47,19,14
main_grid,syn_09,cool_gradient,1.0,0.7,6.0,synthetic_procedural,LoG,none,2,True,0.4727272727272727,0.9866666666666667,0.5652000606060028,0.49831318855285645,114.15259999989757,220,220,220,220,104,75,74
main_grid,syn_09,cool_gradient,1.0,0.7,6.0,synthetic_procedural,Harris,none,2,True,0.7045454545454546,1.0,0.47663989663124084,0.4264211654663086,126.41080000003058,220,220,220,220,155,104,104
main_grid,syn_09,cool_gradient,1.0,0.7,6.0,synthetic_procedural,Shi-Tomasi,none,2,True,0.8318181818181818,1.0,0.6872847080230713,0.5666426420211792,122.83269999988988,220,220,220,220,183,127,127
main_grid,syn_09,cool_gradient,1.0,0.7,6.0,synthetic_procedural,SIFT,none,2,True,0.7344632768361582,0.8947368421052632,0.5622268617153168,0.39486026763916016,604.2370000000119,220,177,220,177,130,38,34
main_grid,syn_09,cool_gradient,1.0,0.7,6.0,synthetic_procedural,Sobel,none,3,True,0.21363636363636362,0.7368421052631579,1.910628318786621,1.2327675819396973,140.73830000006637,220,220,220,220,47,19,14
main_grid,syn_09,cool_gradient,1.0,0.7,6.0,synthetic_procedural,LoG,none,3,True,0.4727272727272727,0.9866666666666667,0.5652000606060028,0.49831318855285645,123.66880000013225,220,220,220,220,104,75,74
main_grid,syn_09,cool_gradient,1.0,0.7,6.0,synthetic_procedural,Harris,none,3,True,0.6818181818181818,1.0,0.4744647145271301,0.42161068320274353,133.0547000000024,220,220,220,220,150,98,98
main_grid,syn_09,cool_gradient,1.0,0.7,6.0,synthetic_procedural,Shi-Tomasi,none,3,True,0.8090909090909091,1.0,0.702715665102005,0.5750638246536255,119.21830000005684,220,220,220,220,178,121,121
main_grid,syn_09,cool_gradient,1.0,0.7,6.0,synthetic_procedural,SIFT,none,3,True,0.6090909090909091,0.8974358974358975,0.5788869857788086,0.39947524666786194,659.4193999999334,220,220,220,220,134,39,35
main_grid,syn_09,cool_gradient,1.0,0.7,6.0,synthetic_procedural,Sobel,ideal_lowpass,1,True,0.6772727272727272,0.9272727272727272,1.1290024518966675,0.7406838536262512,245.38559999996323,220,220,220,220,149,55,51
main_grid,syn_09,cool_gradient,1.0,0.7,6.0,synthetic_procedural,LoG,ideal_lowpass,1,True,0.6272727272727273,0.9487179487179487,1.1854244470596313,0.6804617047309875,191.3787000000866,220,220,220,220,138,39,37
main_grid,syn_09,cool_gradient,1.0,0.7,6.0,synthetic_procedural,Harris,ideal_lowpass,1,True,0.7863636363636364,0.9710144927536232,0.6844595074653625,0.6644034385681152,225.21960000017316,220,220,220,220,173,138,134
main_grid,syn_09,cool_gradient,1.0,0.7,6.0,synthetic_procedural,Shi-Tomasi,ideal_lowpass,1,True,0.8,0.9552238805970149,0.7139429450035095,0.6674128770828247,225.52889999997205,220,220,220,220,176,134,128
main_grid,syn_09,cool_gradient,1.0,0.7,6.0,synthetic_procedural,SIFT,ideal_lowpass,1,True,0.7846153846153846,0.8269230769230769,0.23593784868717194,0.27677619457244873,463.98039999985485,142,130,142,130,102,52,43
main_grid,syn_09,cool_gradient,1.0,0.7,6.0,synthetic_procedural,Sobel,ideal_lowpass,2,True,0.6772727272727272,0.9272727272727272,1.1290024518966675,0.7406838536262512,270.84579999996095,220,220,220,220,149,55,51
main_grid,syn_09,cool_gradient,1.0,0.7,6.0,synthetic_procedural,LoG,ideal_lowpass,2,True,0.6090909090909091,0.95,1.1328427195549011,0.7208656668663025,257.3743000000377,220,220,220,220,134,40,38
main_grid,syn_09,cool_gradient,1.0,0.7,6.0,synthetic_procedural,Harris,ideal_lowpass,2,True,0.7636363636363637,0.9714285714285714,0.7746081054210663,0.7499406933784485,284.20249999999214,220,220,220,220,168,140,136
main_grid,syn_09,cool_gradient,1.0,0.7,6.0,synthetic_procedural,Shi-Tomasi,ideal_lowpass,2,True,0.7636363636363637,0.9420289855072463,0.8224614262580872,0.7791023254394531,295.5139999999119,220,220,220,220,168,138,130
main_grid,syn_09,cool_gradient,1.0,0.7,6.0,synthetic_procedural,SIFT,ideal_lowpass,2,True,0.75,0.875,0.3544197082519531,0.35430362820625305,574.4464000001699,220,220,220,220,165,88,77
main_grid,syn_09,cool_gradient,1.0,0.7,6.0,synthetic_procedural,Sobel,ideal_lowpass,3,True,0.6772727272727272,0.9272727272727272,1.1290024518966675,0.7406838536262512,284.52629999992496,220,220,220,220,149,55,51
main_grid,syn_09,cool_gradient,1.0,0.7,6.0,synthetic_procedural,LoG,ideal_lowpass,3,True,0.6090909090909091,0.95,1.1328427195549011,0.7208656668663025,284.2456000000766,220,220,220,220,134,40,38
main_grid,syn_09,cool_gradient,1.0,0.7,6.0,synthetic_procedural,Harris,ideal_lowpass,3,True,0.7545454545454545,0.9496402877697842,0.8051438331604004,0.7803650498390198,324.0534999999909,220,220,220,220,166,139,132
main_grid,syn_09,cool_gradient,1.0,0.7,6.0,synthetic_procedural,Shi-Tomasi,ideal_lowpass,3,True,0.759090909090909,0.9496402877697842,0.941041111946106,0.8033096194267273,324.7007999998459,220,220,220,220,167,139,132
main_grid,syn_09,cool_gradient,1.0,0.7,6.0,synthetic_procedural,SIFT,ideal_lowpass,3,True,0.7545454545454545,0.875,0.3557726889848709,0.35430362820625305,616.8724999999995,220,220,220,220,166,88,77
main_grid,syn_09,cool_gradient,1.0,0.7,6.0,synthetic_procedural,Sobel,gaussian_lowpass,1,True,0.4666666666666667,0.6363636363636364,1.0274202823638916,0.8496636152267456,253.75669999993988,150,220,150,220,70,11,7
main_grid,syn_09,cool_gradient,1.0,0.7,6.0,synthetic_procedural,LoG,gaussian_lowpass,1,True,0.6195652173913043,1.0,1.4364771842956543,0.6059854626655579,247.36860000007255,92,220,92,220,57,9,9
main_grid,syn_09,cool_gradient,1.0,0.7,6.0,synthetic_procedural,Harris,gaussian_lowpass,1,True,0.7909090909090909,1.0,0.6325216591358185,0.5384504795074463,262.62870000005023,220,220,220,220,174,107,107
main_grid,syn_09,cool_gradient,1.0,0.7,6.0,synthetic_procedural,Shi-Tomasi,gaussian_lowpass,1,True,0.8363636363636363,1.0,0.5549398958683014,0.5108993053436279,258.6935000001631,220,220,220,220,184,112,112
main_grid,syn_09,cool_gradient,1.0,0.7,6.0,synthetic_procedural,SIFT,gaussian_lowpass,1,True,0.7959183673469388,0.921875,0.17603184282779694,0.17533007264137268,478.26980000013464,155,147,155,147,117,64,59
main_grid,syn_09,cool_gradient,1.0,0.7,6.0,synthetic_procedural,Sobel,gaussian_lowpass,2,True,0.4318181818181818,0.6666666666666666,1.1483157873153687,0.857101321220398,309.7553000000062,220,220,220,220,95,12,8
main_grid,syn_09,cool_gradient,1.0,0.7,6.0,synthetic_procedural,LoG,gaussian_lowpass,2,True,0.5324074074074074,0.9,1.736756682395935,0.6223675012588501,306.15850000003775,216,220,216,220,115,10,9
main_grid,syn_09,cool_gradient,1.0,0.7,6.0,synthetic_procedural,Harris,gaussian_lowpass,2,True,0.8090909090909091,1.0,0.6892628371715546,0.6604250073432922,337.1501999999964,220,220,220,220,178,128,128
main_grid,syn_09,cool_gradient,1.0,0.7,6.0,synthetic_procedural,Shi-Tomasi,gaussian_lowpass,2,True,0.8318181818181818,1.0,0.6535463333129883,0.645136296749115,301.8557000000328,220,220,220,220,183,125,125
main_grid,syn_09,cool_gradient,1.0,0.7,6.0,synthetic_procedural,SIFT,gaussian_lowpass,2,True,0.8181818181818182,0.9278350515463918,0.2501184940338135,0.23698171973228455,597.9990000000726,220,220,220,220,180,97,90
main_grid,syn_09,cool_gradient,1.0,0.7,6.0,synthetic_procedural,Sobel,gaussian_lowpass,3,True,0.4318181818181818,0.6666666666666666,1.1483157873153687,0.857101321220398,399.4407999998657,220,220,220,220,95,12,8
main_grid,syn_09,cool_gradient,1.0,0.7,6.0,synthetic_procedural,LoG,gaussian_lowpass,3,True,0.5227272727272727,0.9,1.736756682395935,0.6223675012588501,305.4082000001017,220,220,220,220,115,10,9
main_grid,syn_09,cool_gradient,1.0,0.7,6.0,synthetic_procedural,Harris,gaussian_lowpass,3,True,0.8318181818181818,0.9852941176470589,0.696460485458374,0.6907764077186584,344.3337999999585,220,220,220,220,183,136,134
main_grid,syn_09,cool_gradient,1.0,0.7,6.0,synthetic_procedural,Shi-Tomasi,gaussian_lowpass,3,True,0.8363636363636363,0.9850746268656716,0.7228053212165833,0.7065829038619995,332.9220999999052,220,220,220,220,184,134,132
main_grid,syn_09,cool_gradient,1.0,0.7,6.0,synthetic_procedural,SIFT,gaussian_lowpass,3,True,0.8227272727272728,0.9278350515463918,0.2564184069633484,0.23698171973228455,592.7210999998351,220,220,220,220,181,97,90
main_grid,syn_09,cool_gradient,1.0,0.7,6.0,synthetic_procedural,Sobel,ideal_highpass,1,True,0.5181818181818182,1.0,1.74734365940094,0.5703370571136475,247.5828999999976,220,220,220,220,114,40,40
main_grid,syn_09,cool_gradient,1.0,0.7,6.0,synthetic_procedural,LoG,ideal_highpass,1,True,0.6363636363636364,0.9775280898876404,0.5417535305023193,0.37289947271347046,251.1035999998512,220,220,220,220,140,89,87
main_grid,syn_09,cool_gradient,1.0,0.7,6.0,synthetic_procedural,Harris,ideal_highpass,1,True,0.75,0.991304347826087,0.5004178881645203,0.41604289412498474,256.0454999998001,220,220,220,220,165,115,114
main_grid,syn_09,cool_gradient,1.0,0.7,6.0,synthetic_procedural,Shi-Tomasi,ideal_highpass,1,True,0.7727272727272727,1.0,0.6867484152317047,0.4515424966812134,250.39360000005217,220,220,220,220,170,102,102
main_grid,syn_09,cool_gradient,1.0,0.7,6.0,synthetic_procedural,SIFT,ideal_highpass,1,True,0.5564516129032258,0.9523809523809523,0.4470501244068146,0.14613518118858337,478.4487999997964,125,124,125,124,69,21,20
main_grid,syn_09,cool_gradient,1.0,0.7,6.0,synthetic_procedural,Sobel,ideal_highpass,2,True,0.5181818181818182,1.0,1.74734365940094,0.5703370571136475,309.02709999986655,220,220,220,220,114,40,40
main_grid,syn_09,cool_gradient,1.0,0.7,6.0,synthetic_procedural,LoG,ideal_highpass,2,True,0.65,0.9888888888888889,0.5918581485748291,0.37139952182769775,324.41019999987475,220,220,220,220,143,90,89
main_grid,syn_09,cool_gradient,1.0,0.7,6.0,synthetic_procedural,Harris,ideal_highpass,2,True,0.7136363636363636,1.0,0.7202172875404358,0.47587159276008606,397.6740000000518,220,220,220,220,157,85,85
main_grid,syn_09,cool_gradient,1.0,0.7,6.0,synthetic_procedural,Shi-Tomasi,ideal_highpass,2,True,0.7318181818181818,0.9574468085106383,0.8972517251968384,0.5278196334838867,360.3385999999773,220,220,220,220,161,94,90
main_grid,syn_09,cool_gradient,1.0,0.7,6.0,synthetic_procedural,SIFT,ideal_highpass,2,True,0.6038647342995169,0.7931034482758621,0.6337510347366333,0.28902503848075867,642.4603000000388,220,207,220,207,125,29,23
main_grid,syn_09,cool_gradient,1.0,0.7,6.0,synthetic_procedural,Sobel,ideal_highpass,3,True,0.5181818181818182,1.0,1.74734365940094,0.5703370571136475,314.0644000000066,220,220,220,220,114,40,40
main_grid,syn_09,cool_gradient,1.0,0.7,6.0,synthetic_procedural,LoG,ideal_highpass,3,True,0.65,0.9888888888888889,0.5918581485748291,0.37139952182769775,308.88789999994515,220,220,220,220,143,90,89
main_grid,syn_09,cool_gradient,1.0,0.7,6.0,synthetic_procedural,Harris,ideal_highpass,3,True,0.6545454545454545,0.9873417721518988,0.7658905386924744,0.47587159276008606,356.4049999999952,220,220,220,220,144,79,78
main_grid,syn_09,cool_gradient,1.0,0.7,6.0,synthetic_procedural,Shi-Tomasi,ideal_highpass,3,True,0.6954545454545454,0.9666666666666667,0.9356549382209778,0.573474645614624,353.4627999999884,220,220,220,220,153,90,87
main_grid,syn_09,cool_gradient,1.0,0.7,6.0,synthetic_procedural,SIFT,ideal_highpass,3,True,0.5727272727272728,0.7931034482758621,0.6498402953147888,0.28902503848075867,766.1365999999816,220,220,220,220,126,29,23
main_grid,syn_09,cool_gradient,1.0,0.7,6.0,synthetic_procedural,Sobel,gaussian_highpass,1,True,0.39545454545454545,1.0,2.3549211025238037,0.7547664642333984,305.424099999982,220,220,220,220,87,24,24
main_grid,syn_09,cool_gradient,1.0,0.7,6.0,synthetic_procedural,LoG,gaussian_highpass,1,True,0.6863636363636364,1.0,0.5133136510848999,0.43690142035484314,275.08080000006885,220,220,220,220,151,102,102
main_grid,syn_09,cool_gradient,1.0,0.7,6.0,synthetic_procedural,Harris,gaussian_highpass,1,True,0.6545454545454545,0.9801980198019802,0.4329616278409958,0.4280763566493988,290.4222999998183,220,220,220,220,144,101,99
main_grid,syn_09,cool_gradient,1.0,0.7,6.0,synthetic_procedural,Shi-Tomasi,gaussian_highpass,1,True,0.7636363636363637,0.9811320754716981,0.5908301174640656,0.4747719466686249,276.0662000000593,220,220,220,220,168,106,104
main_grid,syn_09,cool_gradient,1.0,0.7,6.0,synthetic_procedural,SIFT,gaussian_highpass,1,True,0.6507936507936508,0.7857142857142857,0.3792072534561157,0.15462952852249146,584.8843999999644,126,127,126,127,82,14,11
main_grid,syn_09,cool_gradient,1.0,0.7,6.0,synthetic_procedural,Sobel,gaussian_highpass,2,True,0.39545454545454545,1.0,2.438973903656006,0.7547664642333984,337.77779999991253,220,220,220,220,87,24,24
main_grid,syn_09,cool_gradient,1.0,0.7,6.0,synthetic_procedural,LoG,gaussian_highpass,2,True,0.7,1.0,0.5086180567741394,0.4374391436576843,350.96820000012485,220,220,220,220,154,103,103
main_grid,syn_09,cool_gradient,1.0,0.7,6.0,synthetic_procedural,Harris,gaussian_highpass,2,True,0.6363636363636364,0.9871794871794872,0.5532864630222321,0.4286945164203644,355.44130000016594,220,220,220,220,140,78,77
main_grid,syn_09,cool_gradient,1.0,0.7,6.0,synthetic_procedural,Shi-Tomasi,gaussian_highpass,2,True,0.7636363636363637,0.98,0.6989245414733887,0.48181241750717163,339.3920999999409,220,220,220,220,168,100,98
main_grid,syn_09,cool_gradient,1.0,0.7,6.0,synthetic_procedural,SIFT,gaussian_highpass,2,True,0.5909090909090909,0.5862068965517241,0.4352891892194748,0.5113372802734375,765.0743000001512,220,220,220,220,130,29,17
main_grid,syn_09,cool_gradient,1.0,0.7,6.0,synthetic_procedural,Sobel,gaussian_highpass,3,True,0.39545454545454545,1.0,2.438973903656006,0.7547664642333984,352.103900000202,220,220,220,220,87,24,24
main_grid,syn_09,cool_gradient,1.0,0.7,6.0,synthetic_procedural,LoG,gaussian_highpass,3,True,0.7,1.0,0.5086180567741394,0.4374391436576843,343.3140000001913,220,220,220,220,154,103,103
main_grid,syn_09,cool_gradient,1.0,0.7,6.0,synthetic_procedural,Harris,gaussian_highpass,3,True,0.6227272727272727,0.9736842105263158,0.5694659352302551,0.42879247665405273,366.7305999999826,220,220,220,220,137,76,74
main_grid,syn_09,cool_gradient,1.0,0.7,6.0,synthetic_procedural,Shi-Tomasi,gaussian_highpass,3,True,0.7363636363636363,0.9897959183673469,0.7688878774642944,0.48181241750717163,338.2985999999164,220,220,220,220,162,98,97
main_grid,syn_09,cool_gradient,1.0,0.7,6.0,synthetic_procedural,SIFT,gaussian_highpass,3,True,0.5954545454545455,0.5862068965517241,0.4395184814929962,0.5113372802734375,793.4433000000354,220,220,220,220,131,29,17
main_grid,syn_10,blurred_neutral,0.92,2.0,12.0,synthetic_procedural,Sobel,none,1,True,0.05472636815920398,0.5714285714285714,2.1547412872314453,3.2311041355133057,89.75989999999001,201,220,201,220,11,7,4
main_grid,syn_10,blurred_neutral,0.92,2.0,12.0,synthetic_procedural,LoG,none,1,True,0.031818181818181815,1.0,2.0647408962249756,2.5042645931243896,88.19309999989855,220,220,220,220,7,3,3
main_grid,syn_10,blurred_neutral,0.92,2.0,12.0,synthetic_procedural,Harris,none,1,True,0.43636363636363634,0.95,1.940461277961731,1.4850008487701416,100.98809999999503,220,220,220,220,96,20,19
main_grid,syn_10,blurred_neutral,0.92,2.0,12.0,synthetic_procedural,Shi-Tomasi,none,1,True,0.6181818181818182,0.9473684210526315,1.9729100465774536,1.6574987173080444,95.16229999985626,220,220,220,220,136,19,18
main_grid,syn_10,blurred_neutral,0.92,2.0,12.0,synthetic_procedural,SIFT,none,1,True,0.24031007751937986,1.0,1.4268743991851807,0.2709398865699768,531.9535000000997,129,144,129,144,31,1,1
main_grid,syn_10,blurred_neutral,0.92,2.0,12.0,synthetic_procedural,Sobel,none,2,True,0.07272727272727272,0.5714285714285714,1.937997817993164,3.2311041355133057,140.96770000014658,220,220,220,220,16,7,4
main_grid,syn_10,blurred_neutral,0.92,2.0,12.0,synthetic_procedural,LoG,none,2,True,0.06363636363636363,1.0,1.4483271837234497,2.5042645931243896,126.23050000001967,220,220,220,220,14,3,3
main_grid,syn_10,blurred_neutral,0.92,2.0,12.0,synthetic_procedural,Harris,none,2,True,0.4409090909090909,0.8947368421052632,1.8147379159927368,1.4094198942184448,145.91490000020713,220,220,220,220,97,19,17
main_grid,syn_10,blurred_neutral,0.92,2.0,12.0,synthetic_procedural,Shi-Tomasi,none,2,True,0.6363636363636364,0.875,1.8218544125556946,1.6786679029464722,126.43289999982699,220,220,220,220,140,32,28
main_grid,syn_10,blurred_neutral,0.92,2.0,12.0,synthetic_procedural,SIFT,none,2,True,0.47560975609756095,0.7272727272727273,1.3354058861732483,0.3794897496700287,650.1792000001387,220,164,220,164,78,11,8
main_grid,syn_10,blurred_neutral,0.92,2.0,12.0,synthetic_procedural,Sobel,none,3,True,0.07272727272727272,0.5714285714285714,1.937997817993164,3.2311041355133057,150.43169999989914,220,220,220,220,16,7,4
main_grid,syn_10,blurred_neutral,0.92,2.0,12.0,synthetic_procedural,LoG,none,3,True,0.06363636363636363,1.0,1.4483271837234497,2.5042645931243896,150.21569999998974,220,220,220,220,14,3,3
main_grid,syn_10,blurred_neutral,0.92,2.0,12.0,synthetic_procedural,Harris,none,3,True,0.4409090909090909,0.8888888888888888,1.9606586694717407,1.3518774509429932,145.47509999988506,220,220,220,220,97,18,16
main_grid,syn_10,blurred_neutral,0.92,2.0,12.0,synthetic_procedural,Shi-Tomasi,none,3,True,0.6409090909090909,0.8928571428571429,1.8357232809066772,1.739694356918335,133.0484999998589,220,220,220,220,141,28,25
main_grid,syn_10,blurred_neutral,0.92,2.0,12.0,synthetic_procedural,SIFT,none,3,True,0.37727272727272726,0.75,1.3627238273620605,0.4241902232170105,696.8191999999362,220,220,220,220,83,12,9
main_grid,syn_10,blurred_neutral,0.92,2.0,12.0,synthetic_procedural,Sobel,ideal_lowpass,1,True,0.5590909090909091,0.967741935483871,1.550179123878479,0.8632855415344238,236.09190000001945,220,220,220,220,123,31,30
main_grid,syn_10,blurred_neutral,0.92,2.0,12.0,synthetic_procedural,LoG,ideal_lowpass,1,True,0.5636363636363636,0.85,2.0172077417373657,1.5505762100219727,216.48950000007972,220,220,220,220,124,20,17
main_grid,syn_10,blurred_neutral,0.92,2.0,12.0,synthetic_procedural,Harris,ideal_lowpass,1,True,0.6545454545454545,0.9420289855072463,1.4400712847709656,1.3170642852783203,249.68409999996766,220,220,220,220,144,69,65
main_grid,syn_10,blurred_neutral,0.92,2.0,12.0,synthetic_procedural,Shi-Tomasi,ideal_lowpass,1,True,0.6727272727272727,0.9565217391304348,1.544560194015503,1.3638736009597778,262.39490000011756,220,220,220,220,148,69,66
main_grid,syn_10,blurred_neutral,0.92,2.0,12.0,synthetic_procedural,SIFT,ideal_lowpass,1,True,0.5673758865248227,0.59375,0.7615968286991119,1.9711620807647705,483.772799999997,141,144,141,144,80,32,19
main_grid,syn_10,blurred_neutral,0.92,2.0,12.0,synthetic_procedural,Sobel,ideal_lowpass,2,True,0.5681818181818182,0.967741935483871,1.5590542554855347,0.8632855415344238,278.07239999992817,220,220,220,220,125,31,30
main_grid,syn_10,blurred_neutral,0.92,2.0,12.0,synthetic_procedural,LoG,ideal_lowpass,2,True,0.5363636363636364,0.8095238095238095,2.1098861694335938,1.6665698289871216,268.40100000003986,220,220,220,220,118,21,17
main_grid,syn_10,blurred_neutral,0.92,2.0,12.0,synthetic_procedural,Harris,ideal_lowpass,2,True,0.6318181818181818,0.9342105263157895,1.8648245334625244,1.4400713443756104,314.4746999998915,220,220,220,220,139,76,71
main_grid,syn_10,blurred_neutral,0.92,2.0,12.0,synthetic_procedural,Shi-Tomasi,ideal_lowpass,2,True,0.6318181818181818,0.9384615384615385,1.7985939979553223,1.4355599880218506,293.23520000002645,220,220,220,220,139,65,61
main_grid,syn_10,blurred_neutral,0.92,2.0,12.0,synthetic_procedural,SIFT,ideal_lowpass,2,True,0.5772727272727273,0.7,1.0212054252624512,1.5609428882598877,578.0418000001646,220,220,220,220,127,50,35
main_grid,syn_10,blurred_neutral,0.92,2.0,12.0,synthetic_procedural,Sobel,ideal_lowpass,3,True,0.5681818181818182,0.967741935483871,1.5590542554855347,0.8632855415344238,301.24389999991763,220,220,220,220,125,31,30
main_grid,syn_10,blurred_neutral,0.92,2.0,12.0,synthetic_procedural,LoG,ideal_lowpass,3,True,0.5318181818181819,0.8095238095238095,2.047084093093872,1.6665698289871216,290.51060000006146,220,220,220,220,117,21,17
main_grid,syn_10,blurred_neutral,0.92,2.0,12.0,synthetic_procedural,Harris,ideal_lowpass,3,True,0.6181818181818182,0.8481012658227848,1.9897271394729614,1.7015225887298584,338.9105000001109,220,220,220,220,136,79,67
main_grid,syn_10,blurred_neutral,0.92,2.0,12.0,synthetic_procedural,Shi-Tomasi,ideal_lowpass,3,True,0.6136363636363636,0.8484848484848485,1.95920729637146,1.6902906894683838,304.2226000000028,220,220,220,220,135,66,56
main_grid,syn_10,blurred_neutral,0.92,2.0,12.0,synthetic_procedural,SIFT,ideal_lowpass,3,True,0.5818181818181818,0.6862745098039216,1.022893488407135,1.5877565145492554,680.5515000000923,220,220,220,220,128,51,35
main_grid,syn_10,blurred_neutral,0.92,2.0,12.0,synthetic_procedural,Sobel,gaussian_lowpass,1,True,0.4429530201342282,1.0,1.1693364977836609,0.7869579792022705,293.1717999999819,149,220,149,220,66,6,6
main_grid,syn_10,blurred_neutral,0.92,2.0,12.0,synthetic_procedural,LoG,gaussian_lowpass,1,True,0.5217391304347826,1.0,1.344860017299652,1.686220645904541,270.33030000006875,92,220,92,220,48,5,5
main_grid,syn_10,blurred_neutral,0.92,2.0,12.0,synthetic_procedural,Harris,gaussian_lowpass,1,True,0.65,0.9565217391304348,2.7094736099243164,1.2987074851989746,271.9293000000107,220,220,220,220,143,46,44
main_grid,syn_10,blurred_neutral,0.92,2.0,12.0,synthetic_procedural,Shi-Tomasi,gaussian_lowpass,1,True,0.6454545454545455,0.9433962264150944,2.4408806562423706,1.4971799850463867,271.28620000007686,220,220,220,220,142,53,50
main_grid,syn_10,blurred_neutral,0.92,2.0,12.0,synthetic_procedural,SIFT,gaussian_lowpass,1,True,0.6758620689655173,0.9393939393939394,0.7938714921474457,0.4906621277332306,454.0830000000824,151,145,151,145,98,33,31
main_grid,syn_10,blurred_neutral,0.92,2.0,12.0,synthetic_procedural,Sobel,gaussian_lowpass,2,True,0.5363636363636364,1.0,1.2559820413589478,0.7997719049453735,339.80160000010073,220,220,220,220,118,7,7
main_grid,syn_10,blurred_neutral,0.92,2.0,12.0,synthetic_procedural,LoG,gaussian_lowpass,2,True,0.5668202764976958,0.7142857142857143,1.4643117189407349,1.686220645904541,339.9970000000394,217,220,217,220,123,7,5
main_grid,syn_10,blurred_neutral,0.92,2.0,12.0,synthetic_procedural,Harris,gaussian_lowpass,2,True,0.6772727272727272,0.96,1.5470616817474365,1.310339331626892,343.0776000000151,220,220,220,220,149,75,72
main_grid,syn_10,blurred_neutral,0.92,2.0,12.0,synthetic_procedural,Shi-Tomasi,gaussian_lowpass,2,True,0.6727272727272727,0.9552238805970149,1.8506288528442383,1.3848649263381958,355.09589999992386,220,220,220,220,148,67,64
main_grid,syn_10,blurred_neutral,0.92,2.0,12.0,synthetic_procedural,SIFT,gaussian_lowpass,2,True,0.7,0.8955223880597015,0.8327074348926544,0.6874384880065918,635.2780999998231,220,220,220,220,154,67,60
main_grid,syn_10,blurred_neutral,0.92,2.0,12.0,synthetic_procedural,Sobel,gaussian_lowpass,3,True,0.5363636363636364,0.875,1.2559820413589478,1.0423970222473145,339.8432999999841,220,220,220,220,118,8,7
main_grid,syn_10,blurred_neutral,0.92,2.0,12.0,synthetic_procedural,LoG,gaussian_lowpass,3,True,0.5590909090909091,0.7142857142857143,1.4643117189407349,1.686220645904541,355.4911000001084,220,220,220,220,123,7,5
main_grid,syn_10,blurred_neutral,0.92,2.0,12.0,synthetic_procedural,Harris,gaussian_lowpass,3,True,0.6727272727272727,0.9459459459459459,1.750174880027771,1.34043550491333,362.3497999999472,220,220,220,220,148,74,70
main_grid,syn_10,blurred_neutral,0.92,2.0,12.0,synthetic_procedural,Shi-Tomasi,gaussian_lowpass,3,True,0.6818181818181818,0.9452054794520548,1.8506288528442383,1.6177958250045776,325.2680999999029,220,220,220,220,150,73,69
main_grid,syn_10,blurred_neutral,0.92,2.0,12.0,synthetic_procedural,SIFT,gaussian_lowpass,3,True,0.7181818181818181,0.8873239436619719,0.836133599281311,0.6874384880065918,754.784299999983,220,220,220,220,158,71,63
main_grid,syn_10,blurred_neutral,0.92,2.0,12.0,synthetic_procedural,Sobel,ideal_highpass,1,True,0.29545454545454547,nan,3.4250080585479736,nan,300.30260000012277,220,220,220,220,65,0,0
main_grid,syn_10,blurred_neutral,0.92,2.0,12.0,synthetic_procedural,LoG,ideal_highpass,1,True,0.30454545454545456,1.0,1.9990793466567993,1.3361941576004028,304.58440000006703,220,220,220,220,67,3,3
main_grid,syn_10,blurred_neutral,0.92,2.0,12.0,synthetic_procedural,Harris,ideal_highpass,1,True,0.18807339449541285,nan,2.8785347938537598,nan,324.0336000001207,220,218,220,220,41,0,0
main_grid,syn_10,blurred_neutral,0.92,2.0,12.0,synthetic_procedural,Shi-Tomasi,ideal_highpass,1,True,0.3548387096774194,1.0,2.405385732650757,0.6625986695289612,302.6804000000993,220,217,220,220,77,1,1
main_grid,syn_10,blurred_neutral,0.92,2.0,12.0,synthetic_procedural,SIFT,ideal_highpass,1,True,0.25806451612903225,nan,2.687969923019409,nan,541.4342999999917,126,124,126,124,32,0,0
main_grid,syn_10,blurred_neutral,0.92,2.0,12.0,synthetic_procedural,Sobel,ideal_highpass,2,True,0.29545454545454547,nan,3.46588397026062,nan,366.64619999987735,220,220,220,220,65,0,0
main_grid,syn_10,blurred_neutral,0.92,2.0,12.0,synthetic_procedural,LoG,ideal_highpass,2,True,0.31363636363636366,1.0,2.5391318798065186,1.146711826324463,343.87489999994614,220,220,220,220,69,4,4
main_grid,syn_10,blurred_neutral,0.92,2.0,12.0,synthetic_procedural,Harris,ideal_highpass,2,True,0.319634703196347,1.0,2.017413854598999,1.607418417930603,348.562099999981,220,219,220,220,70,6,6
main_grid,syn_10,blurred_neutral,0.92,2.0,12.0,synthetic_procedural,Shi-Tomasi,ideal_highpass,2,True,0.41935483870967744,1.0,2.3910622596740723,1.7418806552886963,345.0963000000229,220,217,220,220,91,6,6
main_grid,syn_10,blurred_neutral,0.92,2.0,12.0,synthetic_procedural,SIFT,ideal_highpass,2,True,0.39090909090909093,1.0,2.1534178256988525,1.8398327827453613,682.7119999998104,220,220,220,220,86,2,2
main_grid,syn_10,blurred_neutral,0.92,2.0,12.0,synthetic_procedural,Sobel,ideal_highpass,3,True,0.29545454545454547,nan,3.46588397026062,nan,402.3254999999608,220,220,220,220,65,0,0
main_grid,syn_10,blurred_neutral,0.92,2.0,12.0,synthetic_procedural,LoG,ideal_highpass,3,True,0.31363636363636366,1.0,2.5391318798065186,1.146711826324463,344.45449999998345,220,220,220,220,69,4,4
main_grid,syn_10,blurred_neutral,0.92,2.0,12.0,synthetic_procedural,Harris,ideal_highpass,3,True,0.3378995433789954,1.0,2.15127170085907,1.8096661567687988,358.9793000001009,220,219,220,220,74,5,5
main_grid,syn_10,blurred_neutral,0.92,2.0,12.0,synthetic_procedural,Shi-Tomasi,ideal_highpass,3,True,0.43317972350230416,1.0,2.362223505973816,1.8486555814743042,412.31280000010884,220,217,220,220,94,5,5
main_grid,syn_10,blurred_neutral,0.92,2.0,12.0,synthetic_procedural,SIFT,ideal_highpass,3,True,0.37727272727272726,1.0,2.1215152740478516,1.8398327827453613,732.1316000000024,220,220,220,220,83,2,2
main_grid,syn_10,blurred_neutral,0.92,2.0,12.0,synthetic_procedural,Sobel,gaussian_highpass,1,True,0.15,0.8,2.0676116943359375,0.927638053894043,329.70019999993383,220,220,220,220,33,5,4
main_grid,syn_10,blurred_neutral,0.92,2.0,12.0,synthetic_procedural,LoG,gaussian_highpass,1,True,0.2727272727272727,0.8,1.993332862854004,0.9703069925308228,293.4815000000981,220,220,220,220,60,5,4
main_grid,syn_10,blurred_neutral,0.92,2.0,12.0,synthetic_procedural,Harris,gaussian_highpass,1,True,0.1689497716894977,1.0,1.8938623666763306,0.13666099309921265,294.1060999999081,220,219,220,220,37,1,1
main_grid,syn_10,blurred_neutral,0.92,2.0,12.0,synthetic_procedural,Shi-Tomasi,gaussian_highpass,1,True,0.3835616438356164,1.0,1.9829781651496887,1.3379205465316772,324.2366000001766,220,219,220,220,84,5,5
main_grid,syn_10,blurred_neutral,0.92,2.0,12.0,synthetic_procedural,SIFT,gaussian_highpass,1,True,0.16666666666666666,1.0,2.641882061958313,2.943923234939575,867.0154999999795,120,141,120,141,20,1,1
main_grid,syn_10,blurred_neutral,0.92,2.0,12.0,synthetic_procedural,Sobel,gaussian_highpass,2,True,0.15,0.8,2.0676116943359375,0.927638053894043,445.64859999991313,220,220,220,220,33,5,4
main_grid,syn_10,blurred_neutral,0.92,2.0,12.0,synthetic_procedural,LoG,gaussian_highpass,2,True,0.29545454545454547,1.0,1.9321763515472412,0.9703069925308228,410.0121000001309,220,220,220,220,65,7,7
main_grid,syn_10,blurred_neutral,0.92,2.0,12.0,synthetic_procedural,Harris,gaussian_highpass,2,True,0.3013698630136986,1.0,1.8740878701210022,1.4051706790924072,419.8197999999138,220,219,220,220,66,3,3
main_grid,syn_10,blurred_neutral,0.92,2.0,12.0,synthetic_procedural,Shi-Tomasi,gaussian_highpass,2,True,0.45662100456621,1.0,2.167462706565857,1.7946385145187378,359.5123000000058,220,219,220,220,100,8,8
main_grid,syn_10,blurred_neutral,0.92,2.0,12.0,synthetic_procedural,SIFT,gaussian_highpass,2,True,0.34545454545454546,1.0,1.505761981010437,1.0221168994903564,1008.6825000000772,220,220,220,220,76,8,8
main_grid,syn_10,blurred_neutral,0.92,2.0,12.0,synthetic_procedural,Sobel,gaussian_highpass,3,True,0.15,0.8,2.0676116943359375,0.927638053894043,426.69210000008206,220,220,220,220,33,5,4
main_grid,syn_10,blurred_neutral,0.92,2.0,12.0,synthetic_procedural,LoG,gaussian_highpass,3,True,0.29545454545454547,1.0,1.9321763515472412,0.9703069925308228,400.61770000011165,220,220,220,220,65,7,7
main_grid,syn_10,blurred_neutral,0.92,2.0,12.0,synthetic_procedural,Harris,gaussian_highpass,3,True,0.2968036529680365,1.0,2.0783891677856445,1.4051706790924072,425.8546999999453,220,219,220,220,65,3,3
main_grid,syn_10,blurred_neutral,0.92,2.0,12.0,synthetic_procedural,Shi-Tomasi,gaussian_highpass,3,True,0.4611872146118721,1.0,2.311178684234619,1.7946385145187378,364.2555999999786,220,219,220,220,101,8,8
main_grid,syn_10,blurred_neutral,0.92,2.0,12.0,synthetic_procedural,SIFT,gaussian_highpass,3,True,0.3409090909090909,1.0,1.4632431268692017,1.1207826137542725,1154.2034999999942,220,220,220,220,75,7,7
