scope,image_id,method,frequency_filter,pyramid_levels,nms,noise_sigma,repeatability,localization_error_px,repeated_points,reference_keypoints,scene_keypoints
noise_curve,syn_01,Sobel,none,3,True,0.0,0.36818181818181817,1.941998839378357,81,220,220
noise_curve,syn_01,Sobel,none,3,True,5.0,0.2909090909090909,1.7257453799247742,64,220,220
noise_curve,syn_01,Sobel,none,3,True,10.0,0.2772727272727273,2.061004161834717,61,220,220
noise_curve,syn_01,Sobel,none,3,True,20.0,0.22727272727272727,2.234528660774231,50,220,220
noise_curve,syn_01,LoG,none,3,True,0.0,0.7181818181818181,0.5800849199295044,158,220,220
noise_curve,syn_01,LoG,none,3,True,5.0,0.7363636363636363,0.6269045770168304,162,220,220
noise_curve,syn_01,LoG,none,3,True,10.0,0.6863636363636364,0.6270413994789124,151,220,220
noise_curve,syn_01,LoG,none,3,True,20.0,0.5727272727272728,0.6439140737056732,126,220,220
noise_curve,syn_01,Harris,none,3,True,0.0,0.759090909090909,0.47864681482315063,167,220,220
noise_curve,syn_01,Harris,none,3,True,5.0,0.7681818181818182,0.48842939734458923,169,220,220
noise_curve,syn_01,Harris,none,3,True,10.0,0.7545454545454545,0.5128558278083801,166,220,220
noise_curve,syn_01,Harris,none,3,True,20.0,0.7181818181818181,0.5767207741737366,158,220,220
noise_curve,syn_01,Shi-Tomasi,none,3,True,0.0,0.8409090909090909,0.6241270899772644,185,220,220
noise_curve,syn_01,Shi-Tomasi,none,3,True,5.0,0.8363636363636363,0.5924014747142792,184,220,220
noise_curve,syn_01,Shi-Tomasi,none,3,True,10.0,0.8136363636363636,0.6003954410552979,179,220,220
noise_curve,syn_01,Shi-Tomasi,none,3,True,20.0,0.7818181818181819,0.579895406961441,172,220,220
noise_curve,syn_01,SIFT,none,3,True,0.0,0.7363636363636363,0.22303633391857147,162,220,220
noise_curve,syn_01,SIFT,none,3,True,5.0,0.7181818181818181,0.19826551526784897,158,220,220
noise_curve,syn_01,SIFT,none,3,True,10.0,0.6681818181818182,0.22882641851902008,147,220,220
noise_curve,syn_01,SIFT,none,3,True,20.0,0.43636363636363634,0.300735741853714,96,220,220
noise_curve,syn_01,Sobel,ideal_lowpass,3,True,0.0,0.5681818181818182,1.313417673110962,125,220,220
noise_curve,syn_01,Sobel,ideal_lowpass,3,True,5.0,0.5454545454545454,1.3128066658973694,120,220,220
noise_curve,syn_01,Sobel,ideal_lowpass,3,True,10.0,0.5636363636363636,1.3508599400520325,124,220,220
noise_curve,syn_01,Sobel,ideal_lowpass,3,True,20.0,0.5272727272727272,1.3776315450668335,116,220,220
noise_curve,syn_01,LoG,ideal_lowpass,3,True,0.0,0.5954545454545455,1.5588840246200562,131,220,220
noise_curve,syn_01,LoG,ideal_lowpass,3,True,5.0,0.5863636363636363,1.7470393180847168,129,220,220
noise_curve,syn_01,LoG,ideal_lowpass,3,True,10.0,0.5909090909090909,1.6079902648925781,130,220,220
noise_curve,syn_01,LoG,ideal_lowpass,3,True,20.0,0.5727272727272728,1.609480381011963,126,220,220
noise_curve,syn_01,Harris,ideal_lowpass,3,True,0.0,0.6772727272727272,1.206237554550171,149,220,220
noise_curve,syn_01,Harris,ideal_lowpass,3,True,5.0,0.6636363636363637,1.211785078048706,146,220,220
noise_curve,syn_01,Harris,ideal_lowpass,3,True,10.0,0.6590909090909091,1.2173326015472412,145,220,220
noise_curve,syn_01,Harris,ideal_lowpass,3,True,20.0,0.6409090909090909,1.2365974187850952,141,220,220
noise_curve,syn_01,Shi-Tomasi,ideal_lowpass,3,True,0.0,0.6590909090909091,1.2439839839935303,145,220,220
noise_curve,syn_01,Shi-Tomasi,ideal_lowpass,3,True,5.0,0.6636363636363637,1.3159343004226685,146,220,220
noise_curve,syn_01,Shi-Tomasi,ideal_lowpass,3,True,10.0,0.6590909090909091,1.2644274234771729,145,220,220
noise_curve,syn_01,Shi-Tomasi,ideal_lowpass,3,True,20.0,0.6409090909090909,1.30519437789917,141,220,220
noise_curve,syn_01,SIFT,ideal_lowpass,3,True,0.0,0.7181818181818181,0.7034590840339661,158,220,220
noise_curve,syn_01,SIFT,ideal_lowpass,3,True,5.0,0.7136363636363636,0.6800333857536316,157,220,220
noise_curve,syn_01,SIFT,ideal_lowpass,3,True,10.0,0.7136363636363636,0.6366977095603943,157,220,220
noise_curve,syn_01,SIFT,ideal_lowpass,3,True,20.0,0.7045454545454546,0.5865839719772339,155,220,220
noise_curve,syn_01,Sobel,gaussian_lowpass,3,True,0.0,0.25,1.3967363834381104,55,220,220
noise_curve,syn_01,Sobel,gaussian_lowpass,3,True,5.0,0.33181818181818185,1.7866977453231812,73,220,220
noise_curve,syn_01,Sobel,gaussian_lowpass,3,True,10.0,0.35454545454545455,1.396605908870697,78,220,220
noise_curve,syn_01,Sobel,gaussian_lowpass,3,True,20.0,0.36363636363636365,1.4306671619415283,80,220,220
noise_curve,syn_01,LoG,gaussian_lowpass,3,True,0.0,0.5772727272727273,1.4766664505004883,127,220,220
noise_curve,syn_01,LoG,gaussian_lowpass,3,True,5.0,0.55,1.6102783679962158,121,220,220
noise_curve,syn_01,LoG,gaussian_lowpass,3,True,10.0,0.4954545454545455,1.6102783679962158,109,220,220
noise_curve,syn_01,LoG,gaussian_lowpass,3,True,20.0,0.4954545454545455,1.5968997478485107,109,220,220
noise_curve,syn_01,Harris,gaussian_lowpass,3,True,0.0,0.8727272727272727,0.6520756483078003,192,220,220
noise_curve,syn_01,Harris,gaussian_lowpass,3,True,5.0,0.8772727272727273,0.6599792242050171,193,220,220
noise_curve,syn_01,Harris,gaussian_lowpass,3,True,10.0,0.8545454545454545,0.6520756483078003,188,220,220
noise_curve,syn_01,Harris,gaussian_lowpass,3,True,20.0,0.85,0.6406850814819336,187,220,220
noise_curve,syn_01,Shi-Tomasi,gaussian_lowpass,3,True,0.0,0.8454545454545455,0.7062069177627563,186,220,220
noise_curve,syn_01,Shi-Tomasi,gaussian_lowpass,3,True,5.0,0.8363636363636363,0.6930934190750122,184,220,220
noise_curve,syn_01,Shi-Tomasi,gaussian_lowpass,3,True,10.0,0.8363636363636363,0.7062069177627563,184,220,220
noise_curve,syn_01,Shi-Tomasi,gaussian_lowpass,3,True,20.0,0.8045454545454546,0.6810259222984314,177,220,220
noise_curve,syn_01,SIFT,gaussian_lowpass,3,True,0.0,0.8590909090909091,0.28055471181869507,189,220,220
noise_curve,syn_01,SIFT,gaussian_lowpass,3,True,5.0,0.8545454545454545,0.29994480311870575,188,220,220
noise_curve,syn_01,SIFT,gaussian_lowpass,3,True,10.0,0.8545454545454545,0.2804601639509201,188,220,220
noise_curve,syn_01,SIFT,gaussian_lowpass,3,True,20.0,0.8318181818181818,0.3561330735683441,183,220,220
noise_curve,syn_01,Sobel,ideal_highpass,3,True,0.0,0.5909090909090909,1.429274559020996,130,220,220
noise_curve,syn_01,Sobel,ideal_highpass,3,True,5.0,0.5954545454545455,1.2726179361343384,131,220,220
noise_curve,syn_01,Sobel,ideal_highpass,3,True,10.0,0.5954545454545455,1.5792324542999268,131,220,220
noise_curve,syn_01,Sobel,ideal_highpass,3,True,20.0,0.6181818181818182,1.6450850367546082,136,220,220
noise_curve,syn_01,LoG,ideal_highpass,3,True,0.0,0.6636363636363637,0.594755232334137,146,220,220
noise_curve,syn_01,LoG,ideal_highpass,3,True,5.0,0.6454545454545455,0.5595521628856659,142,220,220
noise_curve,syn_01,LoG,ideal_highpass,3,True,10.0,0.6409090909090909,0.6049869060516357,141,220,220
noise_curve,syn_01,LoG,ideal_highpass,3,True,20.0,0.5954545454545455,0.7369821071624756,131,220,220
noise_curve,syn_01,Harris,ideal_highpass,3,True,0.0,0.740909090909091,0.5585233569145203,163,220,220
noise_curve,syn_01,Harris,ideal_highpass,3,True,5.0,0.7363636363636363,0.5591122210025787,162,220,220
noise_curve,syn_01,Harris,ideal_highpass,3,True,10.0,0.7454545454545455,0.574645072221756,164,220,220
noise_curve,syn_01,Harris,ideal_highpass,3,True,20.0,0.7318181818181818,0.6030135750770569,161,220,220
noise_curve,syn_01,Shi-Tomasi,ideal_highpass,3,True,0.0,0.8,0.742210865020752,176,220,220
noise_curve,syn_01,Shi-Tomasi,ideal_highpass,3,True,5.0,0.8045454545454546,0.7236874103546143,177,220,220
noise_curve,syn_01,Shi-Tomasi,ideal_highpass,3,True,10.0,0.8,0.7511869668960571,176,220,220
noise_curve,syn_01,Shi-Tomasi,ideal_highpass,3,True,20.0,0.7681818181818182,0.8177856206893921,169,220,220
noise_curve,syn_01,SIFT,ideal_highpass,3,True,0.0,0.6409090909090909,0.48987138271331787,141,220,220
noise_curve,syn_01,SIFT,ideal_highpass,3,True,5.0,0.6363636363636364,0.47843651473522186,140,220,220
noise_curve,syn_01,SIFT,ideal_highpass,3,True,10.0,0.6227272727272727,0.5126225352287292,137,220,220
noise_curve,syn_01,SIFT,ideal_highpass,3,True,20.0,0.4590909090909091,0.5440468788146973,101,220,220
noise_curve,syn_01,Sobel,gaussian_highpass,3,True,0.0,0.509090909090909,1.6361353993415833,112,220,220
noise_curve,syn_01,Sobel,gaussian_highpass,3,True,5.0,0.5045454545454545,1.6330803632736206,111,220,220
noise_curve,syn_01,Sobel,gaussian_highpass,3,True,10.0,0.509090909090909,1.6284360885620117,112,220,220
noise_curve,syn_01,Sobel,gaussian_highpass,3,True,20.0,0.4818181818181818,1.4515523314476013,106,220,220
noise_curve,syn_01,LoG,gaussian_highpass,3,True,0.0,0.7181818181818181,0.4973732680082321,158,220,220
noise_curve,syn_01,LoG,gaussian_highpass,3,True,5.0,0.6636363636363637,0.5290136635303497,146,220,220
noise_curve,syn_01,LoG,gaussian_highpass,3,True,10.0,0.6545454545454545,0.5290136635303497,144,220,220
noise_curve,syn_01,LoG,gaussian_highpass,3,True,20.0,0.5954545454545455,0.5968911051750183,131,220,220
noise_curve,syn_01,Harris,gaussian_highpass,3,True,0.0,0.7181818181818181,0.5258958637714386,158,220,220
noise_curve,syn_01,Harris,gaussian_highpass,3,True,5.0,0.740909090909091,0.5375632643699646,163,220,220
noise_curve,syn_01,Harris,gaussian_highpass,3,True,10.0,0.7272727272727273,0.5507513582706451,160,220,220
noise_curve,syn_01,Harris,gaussian_highpass,3,True,20.0,0.6909090909090909,0.574645072221756,152,220,220
noise_curve,syn_01,Shi-Tomasi,gaussian_highpass,3,True,0.0,0.7636363636363637,0.6207292973995209,168,220,220
noise_curve,syn_01,Shi-Tomasi,gaussian_highpass,3,True,5.0,0.759090909090909,0.593174934387207,167,220,220
noise_curve,syn_01,Shi-Tomasi,gaussian_highpass,3,True,10.0,0.7545454545454545,0.605449914932251,166,220,220
noise_curve,syn_01,Shi-Tomasi,gaussian_highpass,3,True,20.0,0.7454545454545455,0.657734602689743,164,220,220
noise_curve,syn_01,SIFT,gaussian_highpass,3,True,0.0,0.6681818181818182,0.3451002240180969,147,220,220
noise_curve,syn_01,SIFT,gaussian_highpass,3,True,5.0,0.6681818181818182,0.2974720001220703,147,220,220
noise_curve,syn_01,SIFT,gaussian_highpass,3,True,10.0,0.6045454545454545,0.3040962815284729,133,220,220
noise_curve,syn_01,SIFT,gaussian_highpass,3,True,20.0,0.4954545454545455,0.3142183721065521,109,220,220
noise_curve,syn_02,Sobel,none,3,True,0.0,0.3181818181818182,2.0473564863204956,70,220,220
noise_curve,syn_02,Sobel,none,3,True,5.0,0.31363636363636366,1.9699116945266724,69,220,220
noise_curve,syn_02,Sobel,none,3,True,10.0,0.30454545454545456,1.9699116945266724,67,220,220
noise_curve,syn_02,Sobel,none,3,True,20.0,0.2545454545454545,2.038090944290161,56,220,220
noise_curve,syn_02,LoG,none,3,True,0.0,0.6818181818181818,0.5603074729442596,150,220,220
noise_curve,syn_02,LoG,none,3,True,5.0,0.6772727272727272,0.5828644633293152,149,220,220
noise_curve,syn_02,LoG,none,3,True,10.0,0.6590909090909091,0.5891708731651306,145,220,220
noise_curve,syn_02,LoG,none,3,True,20.0,0.5954545454545455,0.568042516708374,131,220,220
noise_curve,syn_02,Harris,none,3,True,0.0,0.8045454545454546,0.4796711206436157,177,220,220
noise_curve,syn_02,Harris,none,3,True,5.0,0.7863636363636364,0.5224936008453369,173,220,220
noise_curve,syn_02,Harris,none,3,True,10.0,0.7772727272727272,0.5783312916755676,171,220,220
noise_curve,syn_02,Harris,none,3,True,20.0,0.7681818181818182,0.6281461119651794,169,220,220
noise_curve,syn_02,Shi-Tomasi,none,3,True,0.0,0.8045454545454546,0.6441096663475037,177,220,220
noise_curve,syn_02,Shi-Tomasi,none,3,True,5.0,0.8090909090909091,0.6907096803188324,178,220,220
noise_curve,syn_02,Shi-Tomasi,none,3,True,10.0,0.8045454545454546,0.7142384052276611,177,220,220
noise_curve,syn_02,Shi-Tomasi,none,3,True,20.0,0.7772727272727272,0.7381194233894348,171,220,220
noise_curve,syn_02,SIFT,none,3,True,0.0,0.6772727272727272,0.39218267798423767,149,220,220
noise_curve,syn_02,SIFT,none,3,True,5.0,0.6772727272727272,0.38501816987991333,149,220,220
noise_curve,syn_02,SIFT,none,3,True,10.0,0.6454545454545455,0.3657884895801544,142,220,220
noise_curve,syn_02,SIFT,none,3,True,20.0,0.4636363636363636,0.4151850789785385,102,220,220
noise_curve,syn_02,Sobel,ideal_lowpass,3,True,0.0,0.6272727272727273,0.9727466106414795,138,220,220
noise_curve,syn_02,Sobel,ideal_lowpass,3,True,5.0,0.6454545454545455,1.0417143106460571,142,220,220
noise_curve,syn_02,Sobel,ideal_lowpass,3,True,10.0,0.6227272727272727,1.1136165857315063,137,220,220
noise_curve,syn_02,Sobel,ideal_lowpass,3,True,20.0,0.6272727272727273,1.1043241620063782,138,220,220
noise_curve,syn_02,LoG,ideal_lowpass,3,True,0.0,0.6818181818181818,1.0538924932479858,150,220,220
noise_curve,syn_02,LoG,ideal_lowpass,3,True,5.0,0.6818181818181818,0.9709080457687378,150,220,220
noise_curve,syn_02,LoG,ideal_lowpass,3,True,10.0,0.6681818181818182,0.9702964425086975,147,220,220
noise_curve,syn_02,LoG,ideal_lowpass,3,True,20.0,0.6545454545454545,1.0600592494010925,144,220,220
noise_curve,syn_02,Harris,ideal_lowpass,3,True,0.0,0.7681818181818182,0.9030733108520508,169,220,220
noise_curve,syn_02,Harris,ideal_lowpass,3,True,5.0,0.75,0.938806414604187,165,220,220
noise_curve,syn_02,Harris,ideal_lowpass,3,True,10.0,0.740909090909091,0.9030733108520508,163,220,220
noise_curve,syn_02,Harris,ideal_lowpass,3,True,20.0,0.740909090909091,0.9362766146659851,163,220,220
noise_curve,syn_02,Shi-Tomasi,ideal_lowpass,3,True,0.0,0.7818181818181819,0.916797012090683,172,220,220
noise_curve,syn_02,Shi-Tomasi,ideal_lowpass,3,True,5.0,0.7727272727272727,0.8999757170677185,170,220,220
noise_curve,syn_02,Shi-Tomasi,ideal_lowpass,3,True,10.0,0.7818181818181819,0.8907239735126495,172,220,220
noise_curve,syn_02,Shi-Tomasi,ideal_lowpass,3,True,20.0,0.7863636363636364,0.9613648056983948,173,220,220
noise_curve,syn_02,SIFT,ideal_lowpass,3,True,0.0,0.6818181818181818,0.42618776857852936,150,220,220
noise_curve,syn_02,SIFT,ideal_lowpass,3,True,5.0,0.6772727272727272,0.4398351311683655,149,220,220
noise_curve,syn_02,SIFT,ideal_lowpass,3,True,10.0,0.6681818181818182,0.42813244462013245,147,220,220
noise_curve,syn_02,SIFT,ideal_lowpass,3,True,20.0,0.6363636363636364,0.43688276410102844,140,220,220
noise_curve,syn_02,Sobel,gaussian_lowpass,3,True,0.0,0.4818181818181818,1.131486713886261,106,220,220
noise_curve,syn_02,Sobel,gaussian_lowpass,3,True,5.0,0.42272727272727273,1.4159975051879883,93,220,220
noise_curve,syn_02,Sobel,gaussian_lowpass,3,True,10.0,0.41363636363636364,1.3149478435516357,91,220,220
noise_curve,syn_02,Sobel,gaussian_lowpass,3,True,20.0,0.39545454545454545,1.445637822151184,87,220,220
noise_curve,syn_02,LoG,gaussian_lowpass,3,True,0.0,0.5590909090909091,1.5008641481399536,123,220,220
noise_curve,syn_02,LoG,gaussian_lowpass,3,True,5.0,0.5545454545454546,1.6091266870498657,122,220,220
noise_curve,syn_02,LoG,gaussian_lowpass,3,True,10.0,0.5409090909090909,1.6802524328231812,119,220,220
noise_curve,syn_02,LoG,gaussian_lowpass,3,True,20.0,0.5272727272727272,1.6439255475997925,116,220,220
noise_curve,syn_02,Harris,gaussian_lowpass,3,True,0.0,0.8954545454545455,0.6319666504859924,197,220,220
noise_curve,syn_02,Harris,gaussian_lowpass,3,True,5.0,0.8818181818181818,0.6310818493366241,194,220,220
noise_curve,syn_02,Harris,gaussian_lowpass,3,True,10.0,0.8772727272727273,0.683411717414856,193,220,220
noise_curve,syn_02,Harris,gaussian_lowpass,3,True,20.0,0.8681818181818182,0.6620837450027466,191,220,220
noise_curve,syn_02,Shi-Tomasi,gaussian_lowpass,3,True,0.0,0.8409090909090909,0.6573042273521423,185,220,220
noise_curve,syn_02,Shi-Tomasi,gaussian_lowpass,3,True,5.0,0.8409090909090909,0.6374016404151917,185,220,220
noise_curve,syn_02,Shi-Tomasi,gaussian_lowpass,3,True,10.0,0.8409090909090909,0.6361130475997925,185,220,220
noise_curve,syn_02,Shi-Tomasi,gaussian_lowpass,3,True,20.0,0.8227272727272728,0.6573042273521423,181,220,220
noise_curve,syn_02,SIFT,gaussian_lowpass,3,True,0.0,0.8181818181818182,0.2117391675710678,180,220,220
noise_curve,syn_02,SIFT,gaussian_lowpass,3,True,5.0,0.8272727272727273,0.20671414583921432,182,220,220
noise_curve,syn_02,SIFT,gaussian_lowpass,3,True,10.0,0.85,0.23701217770576477,187,220,220
noise_curve,syn_02,SIFT,gaussian_lowpass,3,True,20.0,0.8,0.31134194135665894,176,220,220
noise_curve,syn_02,Sobel,ideal_highpass,3,True,0.0,0.5681818181818182,1.7186967134475708,125,220,220
noise_curve,syn_02,Sobel,ideal_highpass,3,True,5.0,0.5727272727272728,1.5214751362800598,126,220,220
noise_curve,syn_02,Sobel,ideal_highpass,3,True,10.0,0.5590909090909091,1.4870315790176392,123,220,220
noise_curve,syn_02,Sobel,ideal_highpass,3,True,20.0,0.5772727272727273,1.816785454750061,127,220,220
noise_curve,syn_02,LoG,ideal_highpass,3,True,0.0,0.7045454545454546,0.5290215015411377,155,220,220
noise_curve,syn_02,LoG,ideal_highpass,3,True,5.0,0.7045454545454546,0.5440807938575745,155,220,220
noise_curve,syn_02,LoG,ideal_highpass,3,True,10.0,0.7,0.58236163854599,154,220,220
noise_curve,syn_02,LoG,ideal_highpass,3,True,20.0,0.65,0.6349892020225525,143,220,220
noise_curve,syn_02,Harris,ideal_highpass,3,True,0.0,0.7909090909090909,0.5557823181152344,174,220,220
noise_curve,syn_02,Harris,ideal_highpass,3,True,5.0,0.7818181818181819,0.5951201021671295,172,220,220
noise_curve,syn_02,Harris,ideal_highpass,3,True,10.0,0.7863636363636364,0.6166043281555176,173,220,220
noise_curve,syn_02,Harris,ideal_highpass,3,True,20.0,0.7636363636363637,0.6918184757232666,168,220,220
noise_curve,syn_02,Shi-Tomasi,ideal_highpass,3,True,0.0,0.8045454545454546,0.6612458825111389,177,220,220
noise_curve,syn_02,Shi-Tomasi,ideal_highpass,3,True,5.0,0.7954545454545454,0.6741122007369995,175,220,220
noise_curve,syn_02,Shi-Tomasi,ideal_highpass,3,True,10.0,0.7727272727272727,0.7088263928890228,170,220,220
noise_curve,syn_02,Shi-Tomasi,ideal_highpass,3,True,20.0,0.759090909090909,0.8619114756584167,167,220,220
noise_curve,syn_02,SIFT,ideal_highpass,3,True,0.0,0.6272727272727273,0.6611464619636536,138,220,220
noise_curve,syn_02,SIFT,ideal_highpass,3,True,5.0,0.5954545454545455,0.6051772832870483,131,220,220
noise_curve,syn_02,SIFT,ideal_highpass,3,True,10.0,0.5727272727272728,0.48540687561035156,126,220,220
noise_curve,syn_02,SIFT,ideal_highpass,3,True,20.0,0.4636363636363636,0.4631420820951462,102,220,220
noise_curve,syn_02,Sobel,gaussian_highpass,3,True,0.0,0.4909090909090909,1.3875547051429749,108,220,220
noise_curve,syn_02,Sobel,gaussian_highpass,3,True,5.0,0.4681818181818182,1.6061452627182007,103,220,220
noise_curve,syn_02,Sobel,gaussian_highpass,3,True,10.0,0.4954545454545455,1.7610135078430176,109,220,220
noise_curve,syn_02,Sobel,gaussian_highpass,3,True,20.0,0.5136363636363637,1.925650715827942,113,220,220
noise_curve,syn_02,LoG,gaussian_highpass,3,True,0.0,0.6909090909090909,0.5441928207874298,152,220,220
noise_curve,syn_02,LoG,gaussian_highpass,3,True,5.0,0.6727272727272727,0.5389474332332611,148,220,220
noise_curve,syn_02,LoG,gaussian_highpass,3,True,10.0,0.6545454545454545,0.5334095060825348,144,220,220
noise_curve,syn_02,LoG,gaussian_highpass,3,True,20.0,0.6363636363636364,0.5816767811775208,140,220,220
noise_curve,syn_02,Harris,gaussian_highpass,3,True,0.0,0.759090909090909,0.5883511304855347,167,220,220
noise_curve,syn_02,Harris,gaussian_highpass,3,True,5.0,0.7681818181818182,0.5783312916755676,169,220,220
noise_curve,syn_02,Harris,gaussian_highpass,3,True,10.0,0.7681818181818182,0.5919344425201416,169,220,220
noise_curve,syn_02,Harris,gaussian_highpass,3,True,20.0,0.740909090909091,0.6821200847625732,163,220,220
noise_curve,syn_02,Shi-Tomasi,gaussian_highpass,3,True,0.0,0.8136363636363636,0.5618721842765808,179,220,220
noise_curve,syn_02,Shi-Tomasi,gaussian_highpass,3,True,5.0,0.8045454545454546,0.6558558940887451,177,220,220
noise_curve,syn_02,Shi-Tomasi,gaussian_highpass,3,True,10.0,0.7772727272727272,0.668424129486084,171,220,220
noise_curve,syn_02,Shi-Tomasi,gaussian_highpass,3,True,20.0,0.740909090909091,0.7544460892677307,163,220,220
noise_curve,syn_02,SIFT,gaussian_highpass,3,True,0.0,0.6454545454545455,0.30451247096061707,142,220,220
noise_curve,syn_02,SIFT,gaussian_highpass,3,True,5.0,0.6818181818181818,0.32943645119667053,150,220,220
noise_curve,syn_02,SIFT,gaussian_highpass,3,True,10.0,0.6045454545454545,0.3230089843273163,133,220,220
noise_curve,syn_02,SIFT,gaussian_highpass,3,True,20.0,0.4818181818181818,0.38520222902297974,106,220,220
noise_curve,syn_03,Sobel,none,3,True,0.0,0.2,1.9009516835212708,44,220,220
noise_curve,syn_03,Sobel,none,3,True,5.0,0.18636363636363637,2.268282890319824,41,220,220
noise_curve,syn_03,Sobel,none,3,True,10.0,0.16818181818181818,2.2822630405426025,37,220,220
noise_curve,syn_03,Sobel,none,3,True,20.0,0.16818181818181818,2.3750696182250977,37,220,220
noise_curve,syn_03,LoG,none,3,True,0.0,0.07727272727272727,0.6141663193702698,17,220,220
noise_curve,syn_03,LoG,none,3,True,5.0,0.06818181818181818,0.5405251979827881,15,220,220
noise_curve,syn_03,LoG,none,3,True,10.0,0.07727272727272727,0.5905371308326721,17,220,220
noise_curve,syn_03,LoG,none,3,True,20.0,0.08636363636363636,0.9922531843185425,19,220,220
noise_curve,syn_03,Harris,none,3,True,0.0,0.6772727272727272,0.615203857421875,149,220,220
noise_curve,syn_03,Harris,none,3,True,5.0,0.6909090909090909,0.6258689761161804,152,220,220
noise_curve,syn_03,Harris,none,3,True,10.0,0.6636363636363637,0.7814098298549652,146,220,220
noise_curve,syn_03,Harris,none,3,True,20.0,0.5636363636363636,1.2137936353683472,124,220,220
noise_curve,syn_03,Shi-Tomasi,none,3,True,0.0,0.6818181818181818,0.8671824038028717,150,220,220
noise_curve,syn_03,Shi-Tomasi,none,3,True,5.0,0.6954545454545454,1.1270579099655151,153,220,220
noise_curve,syn_03,Shi-Tomasi,none,3,True,10.0,0.6772727272727272,1.2387627363204956,149,220,220
noise_curve,syn_03,Shi-Tomasi,none,3,True,20.0,0.65,1.2139455080032349,143,220,220
noise_curve,syn_03,SIFT,none,3,True,0.0,0.45454545454545453,0.47289322316646576,100,220,220
noise_curve,syn_03,SIFT,none,3,True,5.0,0.4772727272727273,0.5367643237113953,105,220,220
noise_curve,syn_03,SIFT,none,3,True,10.0,0.41363636363636364,0.4825502932071686,91,220,220
noise_curve,syn_03,SIFT,none,3,True,20.0,0.2818181818181818,0.7342728078365326,62,220,220
noise_curve,syn_03,Sobel,ideal_lowpass,3,True,0.0,0.42727272727272725,1.7199699878692627,94,220,220
noise_curve,syn_03,Sobel,ideal_lowpass,3,True,5.0,0.4,1.7282143235206604,88,220,220
noise_curve,syn_03,Sobel,ideal_lowpass,3,True,10.0,0.42727272727272725,1.76353919506073,94,220,220
noise_curve,syn_03,Sobel,ideal_lowpass,3,True,20.0,0.41818181818181815,1.9898061752319336,92,220,220
noise_curve,syn_03,LoG,ideal_lowpass,3,True,0.0,0.4636363636363636,2.135752558708191,102,220,220
noise_curve,syn_03,LoG,ideal_lowpass,3,True,5.0,0.45454545454545453,1.99138605594635,100,220,220
noise_curve,syn_03,LoG,ideal_lowpass,3,True,10.0,0.4681818181818182,2.0923054218292236,103,220,220
noise_curve,syn_03,LoG,ideal_lowpass,3,True,20.0,0.4636363636363636,2.1350276470184326,102,220,220
noise_curve,syn_03,Harris,ideal_lowpass,3,True,0.0,0.5272727272727272,1.9628728032112122,116,220,220
noise_curve,syn_03,Harris,ideal_lowpass,3,True,5.0,0.5363636363636364,2.0453726053237915,118,220,220
noise_curve,syn_03,Harris,ideal_lowpass,3,True,10.0,0.5227272727272727,2.0025782585144043,115,220,220
noise_curve,syn_03,Harris,ideal_lowpass,3,True,20.0,0.5227272727272727,1.9377384185791016,115,220,220
noise_curve,syn_03,Shi-Tomasi,ideal_lowpass,3,True,0.0,0.5681818181818182,1.8923388719558716,125,220,220
noise_curve,syn_03,Shi-Tomasi,ideal_lowpass,3,True,5.0,0.5772727272727273,1.87834632396698,127,220,220
noise_curve,syn_03,Shi-Tomasi,ideal_lowpass,3,True,10.0,0.55,1.7925912141799927,121,220,220
noise_curve,syn_03,Shi-Tomasi,ideal_lowpass,3,True,20.0,0.5363636363636364,1.7302770614624023,118,220,220
noise_curve,syn_03,SIFT,ideal_lowpass,3,True,0.0,0.5636363636363636,0.882245659828186,124,220,220
noise_curve,syn_03,SIFT,ideal_lowpass,3,True,5.0,0.5545454545454546,0.897129625082016,122,220,220
noise_curve,syn_03,SIFT,ideal_lowpass,3,True,10.0,0.5454545454545454,0.8970605134963989,120,220,220
noise_curve,syn_03,SIFT,ideal_lowpass,3,True,20.0,0.5454545454545454,0.945741593837738,120,220,220
noise_curve,syn_03,Sobel,gaussian_lowpass,3,True,0.0,0.4,1.4818214178085327,88,220,220
noise_curve,syn_03,Sobel,gaussian_lowpass,3,True,5.0,0.39545454545454545,1.2383407354354858,87,220,220
noise_curve,syn_03,Sobel,gaussian_lowpass,3,True,10.0,0.36818181818181817,1.4156073331832886,81,220,220
noise_curve,syn_03,Sobel,gaussian_lowpass,3,True,20.0,0.32727272727272727,1.2376348376274109,72,220,220
noise_curve,syn_03,LoG,gaussian_lowpass,3,True,0.0,0.41363636363636364,1.648869276046753,91,220,220
noise_curve,syn_03,LoG,gaussian_lowpass,3,True,5.0,0.4090909090909091,1.5385361313819885,90,220,220
noise_curve,syn_03,LoG,gaussian_lowpass,3,True,10.0,0.36818181818181817,1.7146093845367432,81,220,220
noise_curve,syn_03,LoG,gaussian_lowpass,3,True,20.0,0.36363636363636365,1.6512107253074646,80,220,220
noise_curve,syn_03,Harris,gaussian_lowpass,3,True,0.0,0.7681818181818182,0.9376679062843323,169,220,220
noise_curve,syn_03,Harris,gaussian_lowpass,3,True,5.0,0.7772727272727272,0.9376679062843323,171,220,220
noise_curve,syn_03,Harris,gaussian_lowpass,3,True,10.0,0.7818181818181819,0.9941263794898987,172,220,220
noise_curve,syn_03,Harris,gaussian_lowpass,3,True,20.0,0.7863636363636364,1.0460246801376343,173,220,220
noise_curve,syn_03,Shi-Tomasi,gaussian_lowpass,3,True,0.0,0.7636363636363637,0.9674363136291504,168,220,220
noise_curve,syn_03,Shi-Tomasi,gaussian_lowpass,3,True,5.0,0.7681818181818182,1.004191517829895,169,220,220
noise_curve,syn_03,Shi-Tomasi,gaussian_lowpass,3,True,10.0,0.75,0.9881067872047424,165,220,220
noise_curve,syn_03,Shi-Tomasi,gaussian_lowpass,3,True,20.0,0.75,1.0717698335647583,165,220,220
noise_curve,syn_03,SIFT,gaussian_lowpass,3,True,0.0,0.759090909090909,0.44660326838493347,167,220,220
noise_curve,syn_03,SIFT,gaussian_lowpass,3,True,5.0,0.7681818181818182,0.4243272840976715,169,220,220
noise_curve,syn_03,SIFT,gaussian_lowpass,3,True,10.0,0.7636363636363637,0.4262878894805908,168,220,220
noise_curve,syn_03,SIFT,gaussian_lowpass,3,True,20.0,0.7454545454545455,0.510497123003006,164,220,220
noise_curve,syn_03,Sobel,ideal_highpass,3,True,0.0,0.35,2.9341559410095215,77,220,220
noise_curve,syn_03,Sobel,ideal_highpass,3,True,5.0,0.35,2.8842787742614746,77,220,220
noise_curve,syn_03,Sobel,ideal_highpass,3,True,10.0,0.36818181818181817,2.8277814388275146,81,220,220
noise_curve,syn_03,Sobel,ideal_highpass,3,True,20.0,0.37727272727272726,2.865949869155884,83,220,220
noise_curve,syn_03,LoG,ideal_highpass,3,True,0.0,0.37727272727272726,1.058188557624817,83,220,220
noise_curve,syn_03,LoG,ideal_highpass,3,True,5.0,0.39090909090909093,1.036969006061554,86,220,220
noise_curve,syn_03,LoG,ideal_highpass,3,True,10.0,0.34545454545454546,1.0419828295707703,76,220,220
noise_curve,syn_03,LoG,ideal_highpass,3,True,20.0,0.3181818181818182,1.7363961935043335,70,220,220
noise_curve,syn_03,Harris,ideal_highpass,3,True,0.0,0.7136363636363636,1.0266225337982178,157,220,220
noise_curve,syn_03,Harris,ideal_highpass,3,True,5.0,0.6863636363636364,1.2319587469100952,151,220,220
noise_curve,syn_03,Harris,ideal_highpass,3,True,10.0,0.6772727272727272,1.3912612199783325,149,220,220
noise_curve,syn_03,Harris,ideal_highpass,3,True,20.0,0.589041095890411,1.4749821424484253,129,220,219
noise_curve,syn_03,Shi-Tomasi,ideal_highpass,3,True,0.0,0.6681818181818182,1.6007965803146362,147,220,220
noise_curve,syn_03,Shi-Tomasi,ideal_highpass,3,True,5.0,0.6681818181818182,1.5100065469741821,147,220,220
noise_curve,syn_03,Shi-Tomasi,ideal_highpass,3,True,10.0,0.6727272727272727,1.5549501776695251,148,220,220
noise_curve,syn_03,Shi-Tomasi,ideal_highpass,3,True,20.0,0.6090909090909091,1.6547513604164124,134,220,220
noise_curve,syn_03,SIFT,ideal_highpass,3,True,0.0,0.509090909090909,1.733873426914215,112,220,220
noise_curve,syn_03,SIFT,ideal_highpass,3,True,5.0,0.5045454545454545,1.62978196144104,111,220,220
noise_curve,syn_03,SIFT,ideal_highpass,3,True,10.0,0.4681818181818182,1.717488169670105,103,220,220
noise_curve,syn_03,SIFT,ideal_highpass,3,True,20.0,0.3,1.2578803896903992,66,220,220
noise_curve,syn_03,Sobel,gaussian_highpass,3,True,0.0,0.33181818181818185,1.850611686706543,73,220,220
noise_curve,syn_03,Sobel,gaussian_highpass,3,True,5.0,0.32272727272727275,2.4406988620758057,71,220,220
noise_curve,syn_03,Sobel,gaussian_highpass,3,True,10.0,0.3409090909090909,2.087665557861328,75,220,220
noise_curve,syn_03,Sobel,gaussian_highpass,3,True,20.0,0.32727272727272727,2.7654463052749634,72,220,220
noise_curve,syn_03,LoG,gaussian_highpass,3,True,0.0,0.39545454545454545,0.7900553345680237,87,220,220
noise_curve,syn_03,LoG,gaussian_highpass,3,True,5.0,0.36363636363636365,0.9066002368927002,80,220,220
noise_curve,syn_03,LoG,gaussian_highpass,3,True,10.0,0.34545454545454546,1.0332350730895996,76,220,220
noise_curve,syn_03,LoG,gaussian_highpass,3,True,20.0,0.2863636363636364,1.248028039932251,63,220,220
noise_curve,syn_03,Harris,gaussian_highpass,3,True,0.0,0.6181818181818182,1.0877344012260437,136,220,220
noise_curve,syn_03,Harris,gaussian_highpass,3,True,5.0,0.5954545454545455,1.1348986625671387,131,220,220
noise_curve,syn_03,Harris,gaussian_highpass,3,True,10.0,0.6136363636363636,0.9331804513931274,135,220,220
noise_curve,syn_03,Harris,gaussian_highpass,3,True,20.0,0.4977168949771689,1.2319587469100952,109,220,219
noise_curve,syn_03,Shi-Tomasi,gaussian_highpass,3,True,0.0,0.6727272727272727,1.205272138118744,148,220,220
noise_curve,syn_03,Shi-Tomasi,gaussian_highpass,3,True,5.0,0.6681818181818182,1.0701764822006226,147,220,220
noise_curve,syn_03,Shi-Tomasi,gaussian_highpass,3,True,10.0,0.6681818181818182,1.0642505884170532,147,220,220
noise_curve,syn_03,Shi-Tomasi,gaussian_highpass,3,True,20.0,0.6227272727272727,1.17255437374115,137,220,220
noise_curve,syn_03,SIFT,gaussian_highpass,3,True,0.0,0.5272727272727272,0.7600386440753937,116,220,220
noise_curve,syn_03,SIFT,gaussian_highpass,3,True,5.0,0.5045454545454545,0.7213268876075745,111,220,220
noise_curve,syn_03,SIFT,gaussian_highpass,3,True,10.0,0.42727272727272725,0.8511004447937012,94,220,220
noise_curve,syn_03,SIFT,gaussian_highpass,3,True,20.0,0.32727272727272727,1.2553595900535583,72,220,220
noise_curve,syn_04,Sobel,none,3,True,0.0,0.08636363636363636,2.146296501159668,19,220,220
noise_curve,syn_04,Sobel,none,3,True,5.0,0.11363636363636363,1.943529486656189,25,220,220
noise_curve,syn_04,Sobel,none,3,True,10.0,0.13636363636363635,2.3149781227111816,30,220,220
noise_curve,syn_04,Sobel,none,3,True,20.0,0.12727272727272726,2.0935007333755493,28,220,220
noise_curve,syn_04,LoG,none,3,True,0.0,0.29545454545454547,0.8453409671783447,65,220,220
noise_curve,syn_04,LoG,none,3,True,5.0,0.24545454545454545,0.9449852108955383,54,220,220
noise_curve,syn_04,LoG,none,3,True,10.0,0.2318181818181818,1.0082107782363892,51,220,220
noise_curve,syn_04,LoG,none,3,True,20.0,0.2,1.0963591933250427,44,220,220
noise_curve,syn_04,Harris,none,3,True,0.0,0.7045454545454546,0.8728578686714172,155,220,220
noise_curve,syn_04,Harris,none,3,True,5.0,0.6590909090909091,0.9110573530197144,145,220,220
noise_curve,syn_04,Harris,none,3,True,10.0,0.4909090909090909,1.230338215827942,108,220,220
noise_curve,syn_04,Harris,none,3,True,20.0,0.2636363636363636,1.7777464389801025,58,220,220
noise_curve,syn_04,Shi-Tomasi,none,3,True,0.0,0.7545454545454545,0.8882051408290863,166,220,220
noise_curve,syn_04,Shi-Tomasi,none,3,True,5.0,0.7272727272727273,0.9595158994197845,160,220,220
noise_curve,syn_04,Shi-Tomasi,none,3,True,10.0,0.7,1.1066476106643677,154,220,220
noise_curve,syn_04,Shi-Tomasi,none,3,True,20.0,0.44545454545454544,1.3020057678222656,98,220,220
noise_curve,syn_04,SIFT,none,3,True,0.0,0.509090909090909,0.5989250540733337,112,220,220
noise_curve,syn_04,SIFT,none,3,True,5.0,0.4909090909090909,0.663415938615799,108,220,220
noise_curve,syn_04,SIFT,none,3,True,10.0,0.35454545454545455,0.7525981962680817,78,220,220
noise_curve,syn_04,SIFT,none,3,True,20.0,0.2590909090909091,0.6753516793251038,57,220,220
noise_curve,syn_04,Sobel,ideal_lowpass,3,True,0.0,0.6545454545454545,1.6516336798667908,144,220,220
noise_curve,syn_04,Sobel,ideal_lowpass,3,True,5.0,0.6045454545454545,1.4702858924865723,133,220,220
noise_curve,syn_04,Sobel,ideal_lowpass,3,True,10.0,0.5909090909090909,1.6493057012557983,130,220,220
noise_curve,syn_04,Sobel,ideal_lowpass,3,True,20.0,0.5272727272727272,1.6519606113433838,116,220,220
noise_curve,syn_04,LoG,ideal_lowpass,3,True,0.0,0.5818181818181818,1.0806238055229187,128,220,220
noise_curve,syn_04,LoG,ideal_lowpass,3,True,5.0,0.5772727272727273,1.2961171865463257,127,220,220
noise_curve,syn_04,LoG,ideal_lowpass,3,True,10.0,0.5681818181818182,1.4045099020004272,125,220,220
noise_curve,syn_04,LoG,ideal_lowpass,3,True,20.0,0.5545454545454546,1.589278757572174,122,220,220
noise_curve,syn_04,Harris,ideal_lowpass,3,True,0.0,0.7136363636363636,1.2056294679641724,157,220,220
noise_curve,syn_04,Harris,ideal_lowpass,3,True,5.0,0.7045454545454546,1.2887426614761353,155,220,220
noise_curve,syn_04,Harris,ideal_lowpass,3,True,10.0,0.6863636363636364,1.2791372537612915,151,220,220
noise_curve,syn_04,Harris,ideal_lowpass,3,True,20.0,0.6545454545454545,1.3068013787269592,144,220,220
noise_curve,syn_04,Shi-Tomasi,ideal_lowpass,3,True,0.0,0.7227272727272728,1.2548038959503174,159,220,220
noise_curve,syn_04,Shi-Tomasi,ideal_lowpass,3,True,5.0,0.7227272727272728,1.2482794523239136,159,220,220
noise_curve,syn_04,Shi-Tomasi,ideal_lowpass,3,True,10.0,0.7272727272727273,1.2662616968154907,160,220,220
noise_curve,syn_04,Shi-Tomasi,ideal_lowpass,3,True,20.0,0.6727272727272727,1.2515416741371155,148,220,220
noise_curve,syn_04,SIFT,ideal_lowpass,3,True,0.0,0.6090909090909091,0.5666178464889526,134,220,220
noise_curve,syn_04,SIFT,ideal_lowpass,3,True,5.0,0.6227272727272727,0.5516486763954163,137,220,220
noise_curve,syn_04,SIFT,ideal_lowpass,3,True,10.0,0.5954545454545455,0.536699116230011,131,220,220
noise_curve,syn_04,SIFT,ideal_lowpass,3,True,20.0,0.5636363636363636,0.6647091507911682,124,220,220
noise_curve,syn_04,Sobel,gaussian_lowpass,3,True,0.0,0.4590909090909091,1.2063827514648438,101,220,220
noise_curve,syn_04,Sobel,gaussian_lowpass,3,True,5.0,0.43636363636363634,1.3547810912132263,96,220,220
noise_curve,syn_04,Sobel,gaussian_lowpass,3,True,10.0,0.41818181818181815,1.4839729070663452,92,220,220
noise_curve,syn_04,Sobel,gaussian_lowpass,3,True,20.0,0.36363636363636365,1.5633618235588074,80,220,220
noise_curve,syn_04,LoG,gaussian_lowpass,3,True,0.0,0.5818181818181818,1.588581383228302,128,220,220
noise_curve,syn_04,LoG,gaussian_lowpass,3,True,5.0,0.5545454545454546,1.5148813128471375,122,220,220
noise_curve,syn_04,LoG,gaussian_lowpass,3,True,10.0,0.5681818181818182,1.6578140258789062,125,220,220
noise_curve,syn_04,LoG,gaussian_lowpass,3,True,20.0,0.5409090909090909,1.664982795715332,119,220,220
noise_curve,syn_04,Harris,gaussian_lowpass,3,True,0.0,0.8363636363636363,0.7990727126598358,184,220,220
noise_curve,syn_04,Harris,gaussian_lowpass,3,True,5.0,0.85,0.787997305393219,187,220,220
noise_curve,syn_04,Harris,gaussian_lowpass,3,True,10.0,0.8454545454545455,0.8532376885414124,186,220,220
noise_curve,syn_04,Harris,gaussian_lowpass,3,True,20.0,0.7909090909090909,0.9310574233531952,174,220,220
noise_curve,syn_04,Shi-Tomasi,gaussian_lowpass,3,True,0.0,0.85,0.9125080704689026,187,220,220
noise_curve,syn_04,Shi-Tomasi,gaussian_lowpass,3,True,5.0,0.8454545454545455,0.946629136800766,186,220,220
noise_curve,syn_04,Shi-Tomasi,gaussian_lowpass,3,True,10.0,0.8409090909090909,0.9540320634841919,185,220,220
noise_curve,syn_04,Shi-Tomasi,gaussian_lowpass,3,True,20.0,0.7909090909090909,0.9826119542121887,174,220,220
noise_curve,syn_04,SIFT,gaussian_lowpass,3,True,0.0,0.8363636363636363,0.3446706682443619,184,220,220
noise_curve,syn_04,SIFT,gaussian_lowpass,3,True,5.0,0.8181818181818182,0.43361949920654297,180,220,220
noise_curve,syn_04,SIFT,gaussian_lowpass,3,True,10.0,0.7909090909090909,0.4613467901945114,174,220,220
noise_curve,syn_04,SIFT,gaussian_lowpass,3,True,20.0,0.6772727272727272,0.5255491137504578,149,220,220
noise_curve,syn_04,Sobel,ideal_highpass,3,True,0.0,0.4409090909090909,2.6263890266418457,97,220,220
noise_curve,syn_04,Sobel,ideal_highpass,3,True,5.0,0.4863636363636364,2.436715841293335,107,220,220
noise_curve,syn_04,Sobel,ideal_highpass,3,True,10.0,0.4863636363636364,2.807849168777466,107,220,220
noise_curve,syn_04,Sobel,ideal_highpass,3,True,20.0,0.4636363636363636,2.8209614753723145,102,220,220
noise_curve,syn_04,LoG,ideal_highpass,3,True,0.0,0.5863636363636363,0.7805624604225159,129,220,220
noise_curve,syn_04,LoG,ideal_highpass,3,True,5.0,0.5727272727272728,0.8770344853401184,126,220,220
noise_curve,syn_04,LoG,ideal_highpass,3,True,10.0,0.5272727272727272,0.9503584504127502,116,220,220
noise_curve,syn_04,LoG,ideal_highpass,3,True,20.0,0.41818181818181815,1.7573307156562805,92,220,220
noise_curve,syn_04,Harris,ideal_highpass,3,True,0.0,0.6818181818181818,1.288726270198822,150,220,220
noise_curve,syn_04,Harris,ideal_highpass,3,True,5.0,0.5863636363636363,1.2835239171981812,129,220,220
noise_curve,syn_04,Harris,ideal_highpass,3,True,10.0,0.4590909090909091,1.501522183418274,101,220,220
noise_curve,syn_04,Harris,ideal_highpass,3,True,20.0,0.3090909090909091,2.104830741882324,68,220,220
noise_curve,syn_04,Shi-Tomasi,ideal_highpass,3,True,0.0,0.6636363636363637,1.293947458267212,146,220,220
noise_curve,syn_04,Shi-Tomasi,ideal_highpass,3,True,5.0,0.6590909090909091,1.2400307655334473,145,220,220
noise_curve,syn_04,Shi-Tomasi,ideal_highpass,3,True,10.0,0.6136363636363636,1.6373807191848755,135,220,220
noise_curve,syn_04,Shi-Tomasi,ideal_highpass,3,True,20.0,0.2590909090909091,2.2412660121917725,57,220,220
noise_curve,syn_04,SIFT,ideal_highpass,3,True,0.0,0.5818181818181818,1.265661358833313,128,220,220
noise_curve,syn_04,SIFT,ideal_highpass,3,True,5.0,0.5272727272727272,1.2853233218193054,116,220,220
noise_curve,syn_04,SIFT,ideal_highpass,3,True,10.0,0.4681818181818182,1.415952205657959,103,220,220
noise_curve,syn_04,SIFT,ideal_highpass,3,True,20.0,0.2772727272727273,1.6381983757019043,61,220,220
noise_curve,syn_04,Sobel,gaussian_highpass,3,True,0.0,0.37727272727272726,2.436715841293335,83,220,220
noise_curve,syn_04,Sobel,gaussian_highpass,3,True,5.0,0.36363636363636365,2.043743848800659,80,220,220
noise_curve,syn_04,Sobel,gaussian_highpass,3,True,10.0,0.39090909090909093,2.612342357635498,86,220,220
noise_curve,syn_04,Sobel,gaussian_highpass,3,True,20.0,0.33636363636363636,2.603420376777649,74,220,220
noise_curve,syn_04,LoG,gaussian_highpass,3,True,0.0,0.6318181818181818,0.7990420460700989,139,220,220
noise_curve,syn_04,LoG,gaussian_highpass,3,True,5.0,0.5954545454545455,0.9066208004951477,131,220,220
noise_curve,syn_04,LoG,gaussian_highpass,3,True,10.0,0.5181818181818182,1.1062502264976501,114,220,220
noise_curve,syn_04,LoG,gaussian_highpass,3,True,20.0,0.3181818181818182,1.470059096813202,70,220,220
noise_curve,syn_04,Harris,gaussian_highpass,3,True,0.0,0.6454545454545455,0.9909084737300873,142,220,220
noise_curve,syn_04,Harris,gaussian_highpass,3,True,5.0,0.5636363636363636,1.1634145975112915,124,220,220
noise_curve,syn_04,Harris,gaussian_highpass,3,True,10.0,0.39090909090909093,1.8302737474441528,86,220,220
noise_curve,syn_04,Harris,gaussian_highpass,3,True,20.0,0.2681818181818182,1.905716061592102,59,220,220
noise_curve,syn_04,Shi-Tomasi,gaussian_highpass,3,True,0.0,0.6363636363636364,1.012649416923523,140,220,220
noise_curve,syn_04,Shi-Tomasi,gaussian_highpass,3,True,5.0,0.6227272727272727,1.2400307655334473,137,220,220
noise_curve,syn_04,Shi-Tomasi,gaussian_highpass,3,True,10.0,0.5409090909090909,1.49148428440094,119,220,220
noise_curve,syn_04,Shi-Tomasi,gaussian_highpass,3,True,20.0,0.31363636363636366,1.886833667755127,69,220,220
noise_curve,syn_04,SIFT,gaussian_highpass,3,True,0.0,0.5727272727272728,1.123487949371338,126,220,220
noise_curve,syn_04,SIFT,gaussian_highpass,3,True,5.0,0.5318181818181819,1.256544589996338,117,220,220
noise_curve,syn_04,SIFT,gaussian_highpass,3,True,10.0,0.45,1.486862301826477,99,220,220
noise_curve,syn_04,SIFT,gaussian_highpass,3,True,20.0,0.23636363636363636,1.8169857263565063,52,220,220
noise_curve,syn_05,Sobel,none,3,True,0.0,0.37272727272727274,2.3865848779678345,82,220,220
noise_curve,syn_05,Sobel,none,3,True,5.0,0.33636363636363636,2.510261297225952,74,220,220
noise_curve,syn_05,Sobel,none,3,True,10.0,0.3090909090909091,2.9789942502975464,68,220,220
noise_curve,syn_05,Sobel,none,3,True,20.0,0.2590909090909091,3.189303398132324,57,220,220
noise_curve,syn_05,LoG,none,3,True,0.0,0.6772727272727272,0.5390335321426392,149,220,220
noise_curve,syn_05,LoG,none,3,True,5.0,0.6909090909090909,0.5430964231491089,152,220,220
noise_curve,syn_05,LoG,none,3,True,10.0,0.6590909090909091,0.5432871580123901,145,220,220
noise_curve,syn_05,LoG,none,3,True,20.0,0.5409090909090909,0.6058035492897034,119,220,220
noise_curve,syn_05,Harris,none,3,True,0.0,0.7272727272727273,0.5315681099891663,160,220,220
noise_curve,syn_05,Harris,none,3,True,5.0,0.7227272727272728,0.522930920124054,159,220,220
noise_curve,syn_05,Harris,none,3,True,10.0,0.7136363636363636,0.5424230694770813,157,220,220
noise_curve,syn_05,Harris,none,3,True,20.0,0.6863636363636364,0.6959385275840759,151,220,220
noise_curve,syn_05,Shi-Tomasi,none,3,True,0.0,0.7818181818181819,0.592915415763855,172,220,220
noise_curve,syn_05,Shi-Tomasi,none,3,True,5.0,0.7909090909090909,0.5949212908744812,174,220,220
noise_curve,syn_05,Shi-Tomasi,none,3,True,10.0,0.7818181818181819,0.592915415763855,172,220,220
noise_curve,syn_05,Shi-Tomasi,none,3,True,20.0,0.7681818181818182,0.6882771849632263,169,220,220
noise_curve,syn_05,SIFT,none,3,True,0.0,0.6863636363636364,0.2561236619949341,151,220,220
noise_curve,syn_05,SIFT,none,3,True,5.0,0.6909090909090909,0.276532843708992,152,220,220
noise_curve,syn_05,SIFT,none,3,True,10.0,0.6363636363636364,0.29597999155521393,140,220,220
noise_curve,syn_05,SIFT,none,3,True,20.0,0.4,0.3006904274225235,88,220,220
noise_curve,syn_05,Sobel,ideal_lowpass,3,True,0.0,0.7227272727272728,0.9620365500450134,159,220,220
noise_curve,syn_05,Sobel,ideal_lowpass,3,True,5.0,0.7181818181818181,0.9232364892959595,158,220,220
noise_curve,syn_05,Sobel,ideal_lowpass,3,True,10.0,0.7045454545454546,0.9035637378692627,155,220,220
noise_curve,syn_05,Sobel,ideal_lowpass,3,True,20.0,0.6681818181818182,0.9691340327262878,147,220,220
noise_curve,syn_05,LoG,ideal_lowpass,3,True,0.0,0.6545454545454545,1.1542227864265442,144,220,220
noise_curve,syn_05,LoG,ideal_lowpass,3,True,5.0,0.6636363636363637,1.2650147080421448,146,220,220
noise_curve,syn_05,LoG,ideal_lowpass,3,True,10.0,0.6545454545454545,1.2024478316307068,144,220,220
noise_curve,syn_05,LoG,ideal_lowpass,3,True,20.0,0.65,1.3033559322357178,143,220,220
noise_curve,syn_05,Harris,ideal_lowpass,3,True,0.0,0.8045454545454546,0.7792256474494934,177,220,220
noise_curve,syn_05,Harris,ideal_lowpass,3,True,5.0,0.7909090909090909,0.7681064307689667,174,220,220
noise_curve,syn_05,Harris,ideal_lowpass,3,True,10.0,0.7909090909090909,0.7312130928039551,174,220,220
noise_curve,syn_05,Harris,ideal_lowpass,3,True,20.0,0.7818181818181819,0.7909809648990631,172,220,220
noise_curve,syn_05,Shi-Tomasi,ideal_lowpass,3,True,0.0,0.8,0.770913302898407,176,220,220
noise_curve,syn_05,Shi-Tomasi,ideal_lowpass,3,True,5.0,0.7954545454545454,0.7772567272186279,175,220,220
noise_curve,syn_05,Shi-Tomasi,ideal_lowpass,3,True,10.0,0.7818181818181819,0.7778271436691284,172,220,220
noise_curve,syn_05,Shi-Tomasi,ideal_lowpass,3,True,20.0,0.7727272727272727,0.7869014143943787,170,220,220
noise_curve,syn_05,SIFT,ideal_lowpass,3,True,0.0,0.7772727272727272,0.35688528418540955,171,220,220
noise_curve,syn_05,SIFT,ideal_lowpass,3,True,5.0,0.7909090909090909,0.3737870305776596,174,220,220
noise_curve,syn_05,SIFT,ideal_lowpass,3,True,10.0,0.7863636363636364,0.39432498812675476,173,220,220
noise_curve,syn_05,SIFT,ideal_lowpass,3,True,20.0,0.7363636363636363,0.4215196967124939,162,220,220
noise_curve,syn_05,Sobel,gaussian_lowpass,3,True,0.0,0.42727272727272725,1.2899520993232727,94,220,220
noise_curve,syn_05,Sobel,gaussian_lowpass,3,True,5.0,0.36363636363636365,1.481759488582611,80,220,220
noise_curve,syn_05,Sobel,gaussian_lowpass,3,True,10.0,0.4,1.417523205280304,88,220,220
noise_curve,syn_05,Sobel,gaussian_lowpass,3,True,20.0,0.41363636363636364,1.5857927799224854,91,220,220
noise_curve,syn_05,LoG,gaussian_lowpass,3,True,0.0,0.5727272727272728,1.4749146103858948,126,220,220
noise_curve,syn_05,LoG,gaussian_lowpass,3,True,5.0,0.5181818181818182,1.6565617322921753,114,220,220
noise_curve,syn_05,LoG,gaussian_lowpass,3,True,10.0,0.4954545454545455,1.5888925790786743,109,220,220
noise_curve,syn_05,LoG,gaussian_lowpass,3,True,20.0,0.5227272727272727,1.623642086982727,115,220,220
noise_curve,syn_05,Harris,gaussian_lowpass,3,True,0.0,0.8772727272727273,0.6349597573280334,193,220,220
noise_curve,syn_05,Harris,gaussian_lowpass,3,True,5.0,0.8772727272727273,0.6349597573280334,193,220,220
noise_curve,syn_05,Harris,gaussian_lowpass,3,True,10.0,0.8772727272727273,0.624343991279602,193,220,220
noise_curve,syn_05,Harris,gaussian_lowpass,3,True,20.0,0.8590909090909091,0.6134400963783264,189,220,220
noise_curve,syn_05,Shi-Tomasi,gaussian_lowpass,3,True,0.0,0.8545454545454545,0.6866984665393829,188,220,220
noise_curve,syn_05,Shi-Tomasi,gaussian_lowpass,3,True,5.0,0.8545454545454545,0.634767472743988,188,220,220
noise_curve,syn_05,Shi-Tomasi,gaussian_lowpass,3,True,10.0,0.85,0.6066573262214661,187,220,220
noise_curve,syn_05,Shi-Tomasi,gaussian_lowpass,3,True,20.0,0.8454545454545455,0.6877917945384979,186,220,220
noise_curve,syn_05,SIFT,gaussian_lowpass,3,True,0.0,0.8772727272727273,0.2293039709329605,193,220,220
noise_curve,syn_05,SIFT,gaussian_lowpass,3,True,5.0,0.8681818181818182,0.2628016173839569,191,220,220
noise_curve,syn_05,SIFT,gaussian_lowpass,3,True,10.0,0.8681818181818182,0.27945929765701294,191,220,220
noise_curve,syn_05,SIFT,gaussian_lowpass,3,True,20.0,0.8363636363636363,0.3262656480073929,184,220,220
noise_curve,syn_05,Sobel,ideal_highpass,3,True,0.0,0.6318181818181818,1.0777699947357178,139,220,220
noise_curve,syn_05,Sobel,ideal_highpass,3,True,5.0,0.6045454545454545,1.0603313446044922,133,220,220
noise_curve,syn_05,Sobel,ideal_highpass,3,True,10.0,0.6045454545454545,1.1247490644454956,133,220,220
noise_curve,syn_05,Sobel,ideal_highpass,3,True,20.0,0.5863636363636363,1.4681956768035889,129,220,220
noise_curve,syn_05,LoG,ideal_highpass,3,True,0.0,0.7181818181818181,0.5106873214244843,158,220,220
noise_curve,syn_05,LoG,ideal_highpass,3,True,5.0,0.7181818181818181,0.5209849774837494,158,220,220
noise_curve,syn_05,LoG,ideal_highpass,3,True,10.0,0.7181818181818181,0.5209849774837494,158,220,220
noise_curve,syn_05,LoG,ideal_highpass,3,True,20.0,0.6818181818181818,0.6035858392715454,150,220,220
noise_curve,syn_05,Harris,ideal_highpass,3,True,0.0,0.740909090909091,0.6281997561454773,163,220,220
noise_curve,syn_05,Harris,ideal_highpass,3,True,5.0,0.7181818181818181,0.6132034659385681,158,220,220
noise_curve,syn_05,Harris,ideal_highpass,3,True,10.0,0.7045454545454546,0.6128442287445068,155,220,220
noise_curve,syn_05,Harris,ideal_highpass,3,True,20.0,0.6954545454545454,0.6211121082305908,153,220,220
noise_curve,syn_05,Shi-Tomasi,ideal_highpass,3,True,0.0,0.7727272727272727,0.882785826921463,170,220,220
noise_curve,syn_05,Shi-Tomasi,ideal_highpass,3,True,5.0,0.7863636363636364,0.87646484375,173,220,220
noise_curve,syn_05,Shi-Tomasi,ideal_highpass,3,True,10.0,0.7727272727272727,0.8325278759002686,170,220,220
noise_curve,syn_05,Shi-Tomasi,ideal_highpass,3,True,20.0,0.7545454545454545,0.9302776455879211,166,220,220
noise_curve,syn_05,SIFT,ideal_highpass,3,True,0.0,0.6545454545454545,0.33024224638938904,144,220,220
noise_curve,syn_05,SIFT,ideal_highpass,3,True,5.0,0.6272727272727273,0.28392161428928375,138,220,220
noise_curve,syn_05,SIFT,ideal_highpass,3,True,10.0,0.6,0.3849422484636307,132,220,220
noise_curve,syn_05,SIFT,ideal_highpass,3,True,20.0,0.41818181818181815,0.35218729078769684,92,220,220
noise_curve,syn_05,Sobel,gaussian_highpass,3,True,0.0,0.5681818181818182,1.3555915355682373,125,220,220
noise_curve,syn_05,Sobel,gaussian_highpass,3,True,5.0,0.5318181818181819,1.3549001216888428,117,220,220
noise_curve,syn_05,Sobel,gaussian_highpass,3,True,10.0,0.5045454545454545,2.046612501144409,111,220,220
noise_curve,syn_05,Sobel,gaussian_highpass,3,True,20.0,0.4909090909090909,1.9687811732292175,108,220,220
noise_curve,syn_05,LoG,gaussian_highpass,3,True,0.0,0.7363636363636363,0.4948709160089493,162,220,220
noise_curve,syn_05,LoG,gaussian_highpass,3,True,5.0,0.740909090909091,0.5117268562316895,163,220,220
noise_curve,syn_05,LoG,gaussian_highpass,3,True,10.0,0.7181818181818181,0.5090508460998535,158,220,220
noise_curve,syn_05,LoG,gaussian_highpass,3,True,20.0,0.6454545454545455,0.5614166557788849,142,220,220
noise_curve,syn_05,Harris,gaussian_highpass,3,True,0.0,0.6772727272727272,0.5561826825141907,149,220,220
noise_curve,syn_05,Harris,gaussian_highpass,3,True,5.0,0.6954545454545454,0.5874228477478027,153,220,220
noise_curve,syn_05,Harris,gaussian_highpass,3,True,10.0,0.6909090909090909,0.658441424369812,152,220,220
noise_curve,syn_05,Harris,gaussian_highpass,3,True,20.0,0.6409090909090909,0.7717617750167847,141,220,220
noise_curve,syn_05,Shi-Tomasi,gaussian_highpass,3,True,0.0,0.8045454545454546,0.626361608505249,177,220,220
noise_curve,syn_05,Shi-Tomasi,gaussian_highpass,3,True,5.0,0.8045454545454546,0.644823431968689,177,220,220
noise_curve,syn_05,Shi-Tomasi,gaussian_highpass,3,True,10.0,0.7909090909090909,0.6554336845874786,174,220,220
noise_curve,syn_05,Shi-Tomasi,gaussian_highpass,3,True,20.0,0.740909090909091,0.7646482586860657,163,220,220
noise_curve,syn_05,SIFT,gaussian_highpass,3,True,0.0,0.6318181818181818,0.2906216084957123,139,220,220
noise_curve,syn_05,SIFT,gaussian_highpass,3,True,5.0,0.6318181818181818,0.29455021023750305,139,220,220
noise_curve,syn_05,SIFT,gaussian_highpass,3,True,10.0,0.6090909090909091,0.3777719885110855,134,220,220
noise_curve,syn_05,SIFT,gaussian_highpass,3,True,20.0,0.45,0.5018467903137207,99,220,220
noise_curve,syn_06,Sobel,none,3,True,0.0,0.06363636363636363,2.1009888648986816,14,220,220
noise_curve,syn_06,Sobel,none,3,True,5.0,0.08181818181818182,3.2875149250030518,18,220,220
noise_curve,syn_06,Sobel,none,3,True,10.0,0.08636363636363636,3.391982078552246,19,220,220
noise_curve,syn_06,Sobel,none,3,True,20.0,0.10454545454545454,2.3664042949676514,23,220,220
noise_curve,syn_06,LoG,none,3,True,0.0,0.03636363636363636,0.7724608480930328,8,220,220
noise_curve,syn_06,LoG,none,3,True,5.0,0.031818181818181815,0.950441300868988,7,220,220
noise_curve,syn_06,LoG,none,3,True,10.0,0.022727272727272728,1.1201450824737549,5,220,220
noise_curve,syn_06,LoG,none,3,True,20.0,0.031818181818181815,2.4595232009887695,7,220,220
noise_curve,syn_06,Harris,none,3,True,0.0,0.5636363636363636,1.8903239369392395,124,220,220
noise_curve,syn_06,Harris,none,3,True,5.0,0.45454545454545453,1.794015347957611,100,220,220
noise_curve,syn_06,Harris,none,3,True,10.0,0.2818181818181818,2.066408395767212,62,220,220
noise_curve,syn_06,Harris,none,3,True,20.0,0.1743119266055046,2.4498291015625,38,220,218
noise_curve,syn_06,Shi-Tomasi,none,3,True,0.0,0.6318181818181818,1.670605182647705,139,220,220
noise_curve,syn_06,Shi-Tomasi,none,3,True,5.0,0.6363636363636364,1.847657322883606,140,220,220
noise_curve,syn_06,Shi-Tomasi,none,3,True,10.0,0.5,1.8127111792564392,110,220,220
noise_curve,syn_06,Shi-Tomasi,none,3,True,20.0,0.27102803738317754,2.228515148162842,58,220,214
noise_curve,syn_06,SIFT,none,3,True,0.0,0.37727272727272726,1.2984498739242554,83,220,220
noise_curve,syn_06,SIFT,none,3,True,5.0,0.35,0.9502493739128113,77,220,220
noise_curve,syn_06,SIFT,none,3,True,10.0,0.32272727272727275,1.0359736680984497,71,220,220
noise_curve,syn_06,SIFT,none,3,True,20.0,0.20909090909090908,1.0943809151649475,46,220,220
noise_curve,syn_06,Sobel,ideal_lowpass,3,True,0.0,0.3409090909090909,2.1810004711151123,75,220,220
noise_curve,syn_06,Sobel,ideal_lowpass,3,True,5.0,0.38636363636363635,2.2966556549072266,85,220,220
noise_curve,syn_06,Sobel,ideal_lowpass,3,True,10.0,0.35909090909090907,2.1474475860595703,79,220,220
noise_curve,syn_06,Sobel,ideal_lowpass,3,True,20.0,0.38636363636363635,2.560375928878784,85,220,220
noise_curve,syn_06,LoG,ideal_lowpass,3,True,0.0,0.42660550458715596,2.7040674686431885,93,220,218
noise_curve,syn_06,LoG,ideal_lowpass,3,True,5.0,0.4377880184331797,2.736541986465454,95,220,217
noise_curve,syn_06,LoG,ideal_lowpass,3,True,10.0,0.40825688073394495,2.6386945247650146,89,220,218
noise_curve,syn_06,LoG,ideal_lowpass,3,True,20.0,0.4252336448598131,2.65427565574646,91,220,214
noise_curve,syn_06,Harris,ideal_lowpass,3,True,0.0,0.4863636363636364,2.4587414264678955,107,220,220
noise_curve,syn_06,Harris,ideal_lowpass,3,True,5.0,0.5227272727272727,2.4292659759521484,115,220,220
noise_curve,syn_06,Harris,ideal_lowpass,3,True,10.0,0.5181818181818182,2.050582528114319,114,220,220
noise_curve,syn_06,Harris,ideal_lowpass,3,True,20.0,0.5045454545454545,2.0298967361450195,111,220,220
noise_curve,syn_06,Shi-Tomasi,ideal_lowpass,3,True,0.0,0.4818181818181818,1.9110646843910217,106,220,220
noise_curve,syn_06,Shi-Tomasi,ideal_lowpass,3,True,5.0,0.4772727272727273,1.9452672004699707,105,220,220
noise_curve,syn_06,Shi-Tomasi,ideal_lowpass,3,True,10.0,0.5,1.9691270589828491,110,220,220
noise_curve,syn_06,Shi-Tomasi,ideal_lowpass,3,True,20.0,0.5136363636363637,2.013033628463745,113,220,220
noise_curve,syn_06,SIFT,ideal_lowpass,3,True,0.0,0.5227272727272727,1.3891295194625854,115,220,220
noise_curve,syn_06,SIFT,ideal_lowpass,3,True,5.0,0.509090909090909,1.4460208415985107,112,220,220
noise_curve,syn_06,SIFT,ideal_lowpass,3,True,10.0,0.5136363636363637,1.4937585592269897,113,220,220
noise_curve,syn_06,SIFT,ideal_lowpass,3,True,20.0,0.4818181818181818,1.5341674089431763,106,220,220
noise_curve,syn_06,Sobel,gaussian_lowpass,3,True,0.0,0.21818181818181817,1.5075880885124207,48,220,220
noise_curve,syn_06,Sobel,gaussian_lowpass,3,True,5.0,0.21818181818181817,1.2947627902030945,48,220,220
noise_curve,syn_06,Sobel,gaussian_lowpass,3,True,10.0,0.22727272727272727,1.3907301425933838,50,220,220
noise_curve,syn_06,Sobel,gaussian_lowpass,3,True,20.0,0.24545454545454545,1.430402934551239,54,220,220
noise_curve,syn_06,LoG,gaussian_lowpass,3,True,0.0,0.3090909090909091,1.6177030205726624,68,220,220
noise_curve,syn_06,LoG,gaussian_lowpass,3,True,5.0,0.3090909090909091,1.5292116403579712,68,220,220
noise_curve,syn_06,LoG,gaussian_lowpass,3,True,10.0,0.319634703196347,1.5764041543006897,70,220,219
noise_curve,syn_06,LoG,gaussian_lowpass,3,True,20.0,0.3211009174311927,1.461194634437561,70,220,218
noise_curve,syn_06,Harris,gaussian_lowpass,3,True,0.0,0.6681818181818182,1.8211872577667236,147,220,220
noise_curve,syn_06,Harris,gaussian_lowpass,3,True,5.0,0.65,1.74593186378479,143,220,220
noise_curve,syn_06,Harris,gaussian_lowpass,3,True,10.0,0.6636363636363637,1.6242879033088684,146,220,220
noise_curve,syn_06,Harris,gaussian_lowpass,3,True,20.0,0.6405529953917051,1.557658314704895,139,220,217
noise_curve,syn_06,Shi-Tomasi,gaussian_lowpass,3,True,0.0,0.6363636363636364,1.9048871397972107,140,220,220
noise_curve,syn_06,Shi-Tomasi,gaussian_lowpass,3,True,5.0,0.6363636363636364,1.9048871397972107,140,220,220
noise_curve,syn_06,Shi-Tomasi,gaussian_lowpass,3,True,10.0,0.6409090909090909,1.8914060592651367,141,220,220
noise_curve,syn_06,Shi-Tomasi,gaussian_lowpass,3,True,20.0,0.6318181818181818,1.8173885345458984,139,220,220
noise_curve,syn_06,SIFT,gaussian_lowpass,3,True,0.0,0.6818181818181818,0.8218339383602142,150,220,220
noise_curve,syn_06,SIFT,gaussian_lowpass,3,True,5.0,0.7045454545454546,0.9078311920166016,155,220,220
noise_curve,syn_06,SIFT,gaussian_lowpass,3,True,10.0,0.7,0.8916918337345123,154,220,220
noise_curve,syn_06,SIFT,gaussian_lowpass,3,True,20.0,0.6363636363636364,0.8213338255882263,140,220,220
noise_curve,syn_06,Sobel,ideal_highpass,3,True,0.0,0.31363636363636366,3.250537872314453,69,220,220
noise_curve,syn_06,Sobel,ideal_highpass,3,True,5.0,0.2863636363636364,3.3749215602874756,63,220,220
noise_curve,syn_06,Sobel,ideal_highpass,3,True,10.0,0.2636363636363636,3.6962831020355225,58,220,220
noise_curve,syn_06,Sobel,ideal_highpass,3,True,20.0,0.21559633027522937,3.7007622718811035,47,220,218
noise_curve,syn_06,LoG,ideal_highpass,3,True,0.0,0.31363636363636366,2.223562479019165,69,220,220
noise_curve,syn_06,LoG,ideal_highpass,3,True,5.0,0.2545454545454545,2.2507364749908447,56,220,220
noise_curve,syn_06,LoG,ideal_highpass,3,True,10.0,0.2237442922374429,2.254786491394043,49,220,219
noise_curve,syn_06,LoG,ideal_highpass,3,True,20.0,0.18137254901960784,2.6779966354370117,37,220,204
noise_curve,syn_06,Harris,ideal_highpass,3,True,0.0,0.45454545454545453,2.209936499595642,100,220,220
noise_curve,syn_06,Harris,ideal_highpass,3,True,5.0,0.3824884792626728,2.246936082839966,83,220,217
noise_curve,syn_06,Harris,ideal_highpass,3,True,10.0,0.3037383177570093,2.0615506172180176,65,220,214
noise_curve,syn_06,Harris,ideal_highpass,3,True,20.0,0.21052631578947367,2.16448974609375,40,220,190
noise_curve,syn_06,Shi-Tomasi,ideal_highpass,3,True,0.0,0.5681818181818182,2.533153772354126,125,220,220
noise_curve,syn_06,Shi-Tomasi,ideal_highpass,3,True,5.0,0.5454545454545454,2.3395224809646606,120,220,220
noise_curve,syn_06,Shi-Tomasi,ideal_highpass,3,True,10.0,0.44907407407407407,2.3498411178588867,97,220,216
noise_curve,syn_06,Shi-Tomasi,ideal_highpass,3,True,20.0,0.24338624338624337,2.3235191106796265,46,220,189
noise_curve,syn_06,SIFT,ideal_highpass,3,True,0.0,0.38181818181818183,1.574361801147461,84,220,220
noise_curve,syn_06,SIFT,ideal_highpass,3,True,5.0,0.35454545454545455,2.130394220352173,78,220,220
noise_curve,syn_06,SIFT,ideal_highpass,3,True,10.0,0.2602739726027397,1.6711033582687378,57,220,219
noise_curve,syn_06,SIFT,ideal_highpass,3,True,20.0,0.11764705882352941,1.6781140565872192,24,220,204
noise_curve,syn_06,Sobel,gaussian_highpass,3,True,0.0,0.21818181818181817,3.0123324394226074,48,220,220
noise_curve,syn_06,Sobel,gaussian_highpass,3,True,5.0,0.21818181818181817,2.8382763862609863,48,220,220
noise_curve,syn_06,Sobel,gaussian_highpass,3,True,10.0,0.2,2.337969660758972,44,220,220
noise_curve,syn_06,Sobel,gaussian_highpass,3,True,20.0,0.16818181818181818,2.387786865234375,37,220,220
noise_curve,syn_06,LoG,gaussian_highpass,3,True,0.0,0.25,2.239354372024536,55,220,220
noise_curve,syn_06,LoG,gaussian_highpass,3,True,5.0,0.19545454545454546,2.117922067642212,43,220,220
noise_curve,syn_06,LoG,gaussian_highpass,3,True,10.0,0.16363636363636364,2.5660051107406616,36,220,220
noise_curve,syn_06,LoG,gaussian_highpass,3,True,20.0,0.115,2.999392032623291,23,220,200
noise_curve,syn_06,Harris,gaussian_highpass,3,True,0.0,0.4090909090909091,1.9898439049720764,90,220,220
noise_curve,syn_06,Harris,gaussian_highpass,3,True,5.0,0.3242009132420091,1.9554619789123535,71,220,219
noise_curve,syn_06,Harris,gaussian_highpass,3,True,10.0,0.26635514018691586,2.246936082839966,57,220,214
noise_curve,syn_06,Harris,gaussian_highpass,3,True,20.0,0.19680851063829788,2.42049503326416,37,220,188
noise_curve,syn_06,Shi-Tomasi,gaussian_highpass,3,True,0.0,0.5753424657534246,1.9607911109924316,126,220,219
noise_curve,syn_06,Shi-Tomasi,gaussian_highpass,3,True,5.0,0.5395348837209303,2.1496224403381348,116,220,215
noise_curve,syn_06,Shi-Tomasi,gaussian_highpass,3,True,10.0,0.41346153846153844,2.745241403579712,86,220,208
noise_curve,syn_06,Shi-Tomasi,gaussian_highpass,3,True,20.0,0.21195652173913043,2.797609567642212,39,220,184
noise_curve,syn_06,SIFT,gaussian_highpass,3,True,0.0,0.38181818181818183,1.9491856694221497,84,220,220
noise_curve,syn_06,SIFT,gaussian_highpass,3,True,5.0,0.3013698630136986,1.7113020420074463,66,220,219
noise_curve,syn_06,SIFT,gaussian_highpass,3,True,10.0,0.2304147465437788,1.2478378415107727,50,220,217
noise_curve,syn_06,SIFT,gaussian_highpass,3,True,20.0,0.15789473684210525,1.7496851682662964,33,220,209
noise_curve,syn_07,Sobel,none,3,True,0.0,0.2909090909090909,2.3312209844589233,64,220,220
noise_curve,syn_07,Sobel,none,3,True,5.0,0.2772727272727273,2.8260340690612793,61,220,220
noise_curve,syn_07,Sobel,none,3,True,10.0,0.2681818181818182,3.2355797290802,59,220,220
noise_curve,syn_07,Sobel,none,3,True,20.0,0.24545454545454545,2.6737303733825684,54,220,220
noise_curve,syn_07,LoG,none,3,True,0.0,0.7272727272727273,0.5516303777694702,160,220,220
noise_curve,syn_07,LoG,none,3,True,5.0,0.7636363636363637,0.5737459659576416,168,220,220
noise_curve,syn_07,LoG,none,3,True,10.0,0.7454545454545455,0.5708485245704651,164,220,220
noise_curve,syn_07,LoG,none,3,True,20.0,0.6636363636363637,0.6646723747253418,146,220,220
noise_curve,syn_07,Harris,none,3,True,0.0,0.7681818181818182,0.6311913728713989,169,220,220
noise_curve,syn_07,Harris,none,3,True,5.0,0.7909090909090909,0.5552099347114563,174,220,220
noise_curve,syn_07,Harris,none,3,True,10.0,0.7909090909090909,0.6432929337024689,174,220,220
noise_curve,syn_07,Harris,none,3,True,20.0,0.7545454545454545,0.6939960718154907,166,220,220
noise_curve,syn_07,Shi-Tomasi,none,3,True,0.0,0.8,0.5305368602275848,176,220,220
noise_curve,syn_07,Shi-Tomasi,none,3,True,5.0,0.7954545454545454,0.5338900685310364,175,220,220
noise_curve,syn_07,Shi-Tomasi,none,3,True,10.0,0.7954545454545454,0.5516542196273804,175,220,220
noise_curve,syn_07,Shi-Tomasi,none,3,True,20.0,0.7909090909090909,0.6430782079696655,174,220,220
noise_curve,syn_07,SIFT,none,3,True,0.0,0.6681818181818182,0.2552149295806885,147,220,220
noise_curve,syn_07,SIFT,none,3,True,5.0,0.6863636363636364,0.24522307515144348,151,220,220
noise_curve,syn_07,SIFT,none,3,True,10.0,0.6454545454545455,0.2884608954191208,142,220,220
noise_curve,syn_07,SIFT,none,3,True,20.0,0.4909090909090909,0.3094378262758255,108,220,220
noise_curve,syn_07,Sobel,ideal_lowpass,3,True,0.0,0.5909090909090909,1.466770589351654,130,220,220
noise_curve,syn_07,Sobel,ideal_lowpass,3,True,5.0,0.5909090909090909,1.599439561367035,130,220,220
noise_curve,syn_07,Sobel,ideal_lowpass,3,True,10.0,0.5772727272727273,1.4803147315979004,127,220,220
noise_curve,syn_07,Sobel,ideal_lowpass,3,True,20.0,0.5636363636363636,1.6625945568084717,124,220,220
noise_curve,syn_07,LoG,ideal_lowpass,3,True,0.0,0.5272727272727272,1.2060583233833313,116,220,220
noise_curve,syn_07,LoG,ideal_lowpass,3,True,5.0,0.5045454545454545,1.165928840637207,111,220,220
noise_curve,syn_07,LoG,ideal_lowpass,3,True,10.0,0.5045454545454545,1.2665067911148071,111,220,220
noise_curve,syn_07,LoG,ideal_lowpass,3,True,20.0,0.5045454545454545,1.3184115886688232,111,220,220
noise_curve,syn_07,Harris,ideal_lowpass,3,True,0.0,0.7318181818181818,1.0822938680648804,161,220,220
noise_curve,syn_07,Harris,ideal_lowpass,3,True,5.0,0.7,1.0871033668518066,154,220,220
noise_curve,syn_07,Harris,ideal_lowpass,3,True,10.0,0.7,1.1552826762199402,154,220,220
noise_curve,syn_07,Harris,ideal_lowpass,3,True,20.0,0.6818181818181818,1.0871033668518066,150,220,220
noise_curve,syn_07,Shi-Tomasi,ideal_lowpass,3,True,0.0,0.7045454545454546,1.0684821605682373,155,220,220
noise_curve,syn_07,Shi-Tomasi,ideal_lowpass,3,True,5.0,0.7,1.1158992648124695,154,220,220
noise_curve,syn_07,Shi-Tomasi,ideal_lowpass,3,True,10.0,0.6954545454545454,1.0552217960357666,153,220,220
noise_curve,syn_07,Shi-Tomasi,ideal_lowpass,3,True,20.0,0.6909090909090909,1.0791813731193542,152,220,220
noise_curve,syn_07,SIFT,ideal_lowpass,3,True,0.0,0.6409090909090909,0.6557556390762329,141,220,220
noise_curve,syn_07,SIFT,ideal_lowpass,3,True,5.0,0.65,0.6694055199623108,143,220,220
noise_curve,syn_07,SIFT,ideal_lowpass,3,True,10.0,0.6363636363636364,0.6567026376724243,140,220,220
noise_curve,syn_07,SIFT,ideal_lowpass,3,True,20.0,0.6227272727272727,0.5674836039543152,137,220,220
noise_curve,syn_07,Sobel,gaussian_lowpass,3,True,0.0,0.34545454545454546,1.4987975358963013,76,220,220
noise_curve,syn_07,Sobel,gaussian_lowpass,3,True,5.0,0.41818181818181815,1.506677508354187,92,220,220
noise_curve,syn_07,Sobel,gaussian_lowpass,3,True,10.0,0.41363636363636364,1.6556042432785034,91,220,220
noise_curve,syn_07,Sobel,gaussian_lowpass,3,True,20.0,0.38636363636363635,1.5528584718704224,85,220,220
noise_curve,syn_07,LoG,gaussian_lowpass,3,True,0.0,0.5681818181818182,1.324798345565796,125,220,220
noise_curve,syn_07,LoG,gaussian_lowpass,3,True,5.0,0.5636363636363636,1.4169816374778748,124,220,220
noise_curve,syn_07,LoG,gaussian_lowpass,3,True,10.0,0.5227272727272727,1.4420899152755737,115,220,220
noise_curve,syn_07,LoG,gaussian_lowpass,3,True,20.0,0.509090909090909,1.5138262510299683,112,220,220
noise_curve,syn_07,Harris,gaussian_lowpass,3,True,0.0,0.8818181818181818,0.5914782881736755,194,220,220
noise_curve,syn_07,Harris,gaussian_lowpass,3,True,5.0,0.8681818181818182,0.5920462608337402,191,220,220
noise_curve,syn_07,Harris,gaussian_lowpass,3,True,10.0,0.8909090909090909,0.5914782881736755,196,220,220
noise_curve,syn_07,Harris,gaussian_lowpass,3,True,20.0,0.8863636363636364,0.6657033562660217,195,220,220
noise_curve,syn_07,Shi-Tomasi,gaussian_lowpass,3,True,0.0,0.8454545454545455,0.6437216699123383,186,220,220
noise_curve,syn_07,Shi-Tomasi,gaussian_lowpass,3,True,5.0,0.8454545454545455,0.6450518071651459,186,220,220
noise_curve,syn_07,Shi-Tomasi,gaussian_lowpass,3,True,10.0,0.8454545454545455,0.6340461075305939,186,220,220
noise_curve,syn_07,Shi-Tomasi,gaussian_lowpass,3,True,20.0,0.8272727272727273,0.6263670325279236,182,220,220
noise_curve,syn_07,SIFT,gaussian_lowpass,3,True,0.0,0.8363636363636363,0.2377563714981079,184,220,220
noise_curve,syn_07,SIFT,gaussian_lowpass,3,True,5.0,0.8181818181818182,0.2574203908443451,180,220,220
noise_curve,syn_07,SIFT,gaussian_lowpass,3,True,10.0,0.8272727272727273,0.2880878895521164,182,220,220
noise_curve,syn_07,SIFT,gaussian_lowpass,3,True,20.0,0.8181818181818182,0.35868996381759644,180,220,220
noise_curve,syn_07,Sobel,ideal_highpass,3,True,0.0,0.6272727272727273,1.2925769090652466,138,220,220
noise_curve,syn_07,Sobel,ideal_highpass,3,True,5.0,0.6318181818181818,1.2165663242340088,139,220,220
noise_curve,syn_07,Sobel,ideal_highpass,3,True,10.0,0.6136363636363636,1.4408745765686035,135,220,220
noise_curve,syn_07,Sobel,ideal_highpass,3,True,20.0,0.6090909090909091,1.6235529780387878,134,220,220
noise_curve,syn_07,LoG,ideal_highpass,3,True,0.0,0.6909090909090909,0.5147025287151337,152,220,220
noise_curve,syn_07,LoG,ideal_highpass,3,True,5.0,0.7045454545454546,0.4980732500553131,155,220,220
noise_curve,syn_07,LoG,ideal_highpass,3,True,10.0,0.7090909090909091,0.5079624652862549,156,220,220
noise_curve,syn_07,LoG,ideal_highpass,3,True,20.0,0.6727272727272727,0.5207910537719727,148,220,220
noise_curve,syn_07,Harris,ideal_highpass,3,True,0.0,0.7636363636363637,0.6092008650302887,168,220,220
noise_curve,syn_07,Harris,ideal_highpass,3,True,5.0,0.759090909090909,0.5964372158050537,167,220,220
noise_curve,syn_07,Harris,ideal_highpass,3,True,10.0,0.75,0.600849986076355,165,220,220
noise_curve,syn_07,Harris,ideal_highpass,3,True,20.0,0.7318181818181818,0.7492197155952454,161,220,220
noise_curve,syn_07,Shi-Tomasi,ideal_highpass,3,True,0.0,0.8,0.7050560712814331,176,220,220
noise_curve,syn_07,Shi-Tomasi,ideal_highpass,3,True,5.0,0.7909090909090909,0.7536397576332092,174,220,220
noise_curve,syn_07,Shi-Tomasi,ideal_highpass,3,True,10.0,0.759090909090909,0.7946754693984985,167,220,220
noise_curve,syn_07,Shi-Tomasi,ideal_highpass,3,True,20.0,0.7454545454545455,0.8478268384933472,164,220,220
noise_curve,syn_07,SIFT,ideal_highpass,3,True,0.0,0.6363636363636364,0.3796161562204361,140,220,220
noise_curve,syn_07,SIFT,ideal_highpass,3,True,5.0,0.6181818181818182,0.3933028280735016,136,220,220
noise_curve,syn_07,SIFT,ideal_highpass,3,True,10.0,0.5727272727272728,0.5979071855545044,126,220,220
noise_curve,syn_07,SIFT,ideal_highpass,3,True,20.0,0.4590909090909091,0.4182078540325165,101,220,220
noise_curve,syn_07,Sobel,gaussian_highpass,3,True,0.0,0.6181818181818182,1.2733126878738403,136,220,220
noise_curve,syn_07,Sobel,gaussian_highpass,3,True,5.0,0.6181818181818182,1.6463398933410645,136,220,220
noise_curve,syn_07,Sobel,gaussian_highpass,3,True,10.0,0.5909090909090909,1.673413872718811,130,220,220
noise_curve,syn_07,Sobel,gaussian_highpass,3,True,20.0,0.5818181818181818,1.7817251682281494,128,220,220
noise_curve,syn_07,LoG,gaussian_highpass,3,True,0.0,0.6909090909090909,0.4737359583377838,152,220,220
noise_curve,syn_07,LoG,gaussian_highpass,3,True,5.0,0.7045454545454546,0.5033831596374512,155,220,220
noise_curve,syn_07,LoG,gaussian_highpass,3,True,10.0,0.6818181818181818,0.5043926537036896,150,220,220
noise_curve,syn_07,LoG,gaussian_highpass,3,True,20.0,0.65,0.5933220982551575,143,220,220
noise_curve,syn_07,Harris,gaussian_highpass,3,True,0.0,0.7136363636363636,0.660626232624054,157,220,220
noise_curve,syn_07,Harris,gaussian_highpass,3,True,5.0,0.7090909090909091,0.6750001311302185,156,220,220
noise_curve,syn_07,Harris,gaussian_highpass,3,True,10.0,0.7090909090909091,0.6632083654403687,156,220,220
noise_curve,syn_07,Harris,gaussian_highpass,3,True,20.0,0.6818181818181818,0.7578160464763641,150,220,220
noise_curve,syn_07,Shi-Tomasi,gaussian_highpass,3,True,0.0,0.7636363636363637,0.6497175395488739,168,220,220
noise_curve,syn_07,Shi-Tomasi,gaussian_highpass,3,True,5.0,0.759090909090909,0.6357244849205017,167,220,220
noise_curve,syn_07,Shi-Tomasi,gaussian_highpass,3,True,10.0,0.7454545454545455,0.6726986169815063,164,220,220
noise_curve,syn_07,Shi-Tomasi,gaussian_highpass,3,True,20.0,0.7545454545454545,0.7420390248298645,166,220,220
noise_curve,syn_07,SIFT,gaussian_highpass,3,True,0.0,0.6136363636363636,0.2871895730495453,135,220,220
noise_curve,syn_07,SIFT,gaussian_highpass,3,True,5.0,0.6045454545454545,0.3232502043247223,133,220,220
noise_curve,syn_07,SIFT,gaussian_highpass,3,True,10.0,0.55,0.38416364789009094,121,220,220
noise_curve,syn_07,SIFT,gaussian_highpass,3,True,20.0,0.41818181818181815,0.3969506472349167,92,220,220
noise_curve,syn_08,Sobel,none,3,True,0.0,0.1409090909090909,1.7750530242919922,31,220,220
noise_curve,syn_08,Sobel,none,3,True,5.0,0.1409090909090909,1.8689348697662354,31,220,220
noise_curve,syn_08,Sobel,none,3,True,10.0,0.15454545454545454,1.8399032950401306,34,220,220
noise_curve,syn_08,Sobel,none,3,True,20.0,0.16363636363636364,2.037821054458618,36,220,220
noise_curve,syn_08,LoG,none,3,True,0.0,0.06818181818181818,0.7534621357917786,15,220,220
noise_curve,syn_08,LoG,none,3,True,5.0,0.05454545454545454,0.7791376411914825,12,220,220
noise_curve,syn_08,LoG,none,3,True,10.0,0.05,0.9365302920341492,11,220,220
noise_curve,syn_08,LoG,none,3,True,20.0,0.06363636363636363,1.2439002990722656,14,220,220
noise_curve,syn_08,Harris,none,3,True,0.0,0.6681818181818182,0.8408734202384949,147,220,220
noise_curve,syn_08,Harris,none,3,True,5.0,0.6636363636363637,0.6859888136386871,146,220,220
noise_curve,syn_08,Harris,none,3,True,10.0,0.6727272727272727,0.8496856689453125,148,220,220
noise_curve,syn_08,Harris,none,3,True,20.0,0.509090909090909,1.3509529829025269,112,220,220
noise_curve,syn_08,Shi-Tomasi,none,3,True,0.0,0.7227272727272728,1.0144375562667847,159,220,220
noise_curve,syn_08,Shi-Tomasi,none,3,True,5.0,0.7227272727272728,1.0368456840515137,159,220,220
noise_curve,syn_08,Shi-Tomasi,none,3,True,10.0,0.7363636363636363,1.038034975528717,162,220,220
noise_curve,syn_08,Shi-Tomasi,none,3,True,20.0,0.6909090909090909,1.305507242679596,152,220,220
noise_curve,syn_08,SIFT,none,3,True,0.0,0.42727272727272725,0.6282271444797516,94,220,220
noise_curve,syn_08,SIFT,none,3,True,5.0,0.42727272727272725,0.5851026773452759,94,220,220
noise_curve,syn_08,SIFT,none,3,True,10.0,0.42272727272727273,0.7537136077880859,93,220,220
noise_curve,syn_08,SIFT,none,3,True,20.0,0.29545454545454547,0.6932036876678467,65,220,220
noise_curve,syn_08,Sobel,ideal_lowpass,3,True,0.0,0.4909090909090909,1.7156791687011719,108,220,220
noise_curve,syn_08,Sobel,ideal_lowpass,3,True,5.0,0.4909090909090909,1.6945160627365112,108,220,220
noise_curve,syn_08,Sobel,ideal_lowpass,3,True,10.0,0.4863636363636364,1.660768747329712,107,220,220
noise_curve,syn_08,Sobel,ideal_lowpass,3,True,20.0,0.4772727272727273,1.7983418703079224,105,220,220
noise_curve,syn_08,LoG,ideal_lowpass,3,True,0.0,0.5318181818181819,1.6396979093551636,117,220,220
noise_curve,syn_08,LoG,ideal_lowpass,3,True,5.0,0.55,1.6396979093551636,121,220,220
noise_curve,syn_08,LoG,ideal_lowpass,3,True,10.0,0.55,1.6276140213012695,121,220,220
noise_curve,syn_08,LoG,ideal_lowpass,3,True,20.0,0.5318181818181819,1.7790100574493408,117,220,220
noise_curve,syn_08,Harris,ideal_lowpass,3,True,0.0,0.5318181818181819,1.8599554300308228,117,220,220
noise_curve,syn_08,Harris,ideal_lowpass,3,True,5.0,0.5454545454545454,1.757509469985962,120,220,220
noise_curve,syn_08,Harris,ideal_lowpass,3,True,10.0,0.5363636363636364,1.7950484156608582,118,220,220
noise_curve,syn_08,Harris,ideal_lowpass,3,True,20.0,0.55,1.82981538772583,121,220,220
noise_curve,syn_08,Shi-Tomasi,ideal_lowpass,3,True,0.0,0.6363636363636364,1.6845834255218506,140,220,220
noise_curve,syn_08,Shi-Tomasi,ideal_lowpass,3,True,5.0,0.6045454545454545,1.7119909524917603,133,220,220
noise_curve,syn_08,Shi-Tomasi,ideal_lowpass,3,True,10.0,0.6090909090909091,1.6580211520195007,134,220,220
noise_curve,syn_08,Shi-Tomasi,ideal_lowpass,3,True,20.0,0.6045454545454545,1.6619101762771606,133,220,220
noise_curve,syn_08,SIFT,ideal_lowpass,3,True,0.0,0.5818181818181818,0.8468965291976929,128,220,220
noise_curve,syn_08,SIFT,ideal_lowpass,3,True,5.0,0.5954545454545455,0.7981572151184082,131,220,220
noise_curve,syn_08,SIFT,ideal_lowpass,3,True,10.0,0.5954545454545455,0.7746500968933105,131,220,220
noise_curve,syn_08,SIFT,ideal_lowpass,3,True,20.0,0.5863636363636363,0.8441961407661438,129,220,220
noise_curve,syn_08,Sobel,gaussian_lowpass,3,True,0.0,0.42272727272727273,1.2136127948760986,93,220,220
noise_curve,syn_08,Sobel,gaussian_lowpass,3,True,5.0,0.40454545454545454,1.4874380826950073,89,220,220
noise_curve,syn_08,Sobel,gaussian_lowpass,3,True,10.0,0.39545454545454545,1.5764474868774414,87,220,220
noise_curve,syn_08,Sobel,gaussian_lowpass,3,True,20.0,0.39090909090909093,1.5090895295143127,86,220,220
noise_curve,syn_08,LoG,gaussian_lowpass,3,True,0.0,0.41363636363636364,1.6167100667953491,91,220,220
noise_curve,syn_08,LoG,gaussian_lowpass,3,True,5.0,0.43636363636363634,1.3455278873443604,96,220,220
noise_curve,syn_08,LoG,gaussian_lowpass,3,True,10.0,0.4318181818181818,1.3259252309799194,95,220,220
noise_curve,syn_08,LoG,gaussian_lowpass,3,True,20.0,0.43636363636363634,1.3501994013786316,96,220,220
noise_curve,syn_08,Harris,gaussian_lowpass,3,True,0.0,0.7636363636363637,1.0808279514312744,168,220,220
noise_curve,syn_08,Harris,gaussian_lowpass,3,True,5.0,0.7727272727272727,1.046312928199768,170,220,220
noise_curve,syn_08,Harris,gaussian_lowpass,3,True,10.0,0.7863636363636364,1.055949091911316,173,220,220
noise_curve,syn_08,Harris,gaussian_lowpass,3,True,20.0,0.7818181818181819,1.0997087359428406,172,220,220
noise_curve,syn_08,Shi-Tomasi,gaussian_lowpass,3,True,0.0,0.7636363636363637,0.9793523252010345,168,220,220
noise_curve,syn_08,Shi-Tomasi,gaussian_lowpass,3,True,5.0,0.75,0.9445379972457886,165,220,220
noise_curve,syn_08,Shi-Tomasi,gaussian_lowpass,3,True,10.0,0.7454545454545455,1.0259993076324463,164,220,220
noise_curve,syn_08,Shi-Tomasi,gaussian_lowpass,3,True,20.0,0.759090909090909,1.0295896530151367,167,220,220
noise_curve,syn_08,SIFT,gaussian_lowpass,3,True,0.0,0.7772727272727272,0.4657220244407654,171,220,220
noise_curve,syn_08,SIFT,gaussian_lowpass,3,True,5.0,0.7727272727272727,0.4508117437362671,170,220,220
noise_curve,syn_08,SIFT,gaussian_lowpass,3,True,10.0,0.7772727272727272,0.4430009424686432,171,220,220
noise_curve,syn_08,SIFT,gaussian_lowpass,3,True,20.0,0.7363636363636363,0.5271427929401398,162,220,220
noise_curve,syn_08,Sobel,ideal_highpass,3,True,0.0,0.4,3.2899880409240723,88,220,220
noise_curve,syn_08,Sobel,ideal_highpass,3,True,5.0,0.37272727272727274,3.2232800722122192,82,220,220
noise_curve,syn_08,Sobel,ideal_highpass,3,True,10.0,0.36363636363636365,3.1881847381591797,80,220,220
noise_curve,syn_08,Sobel,ideal_highpass,3,True,20.0,0.38181818181818183,2.8518285751342773,84,220,220
noise_curve,syn_08,LoG,ideal_highpass,3,True,0.0,0.4318181818181818,0.9976871609687805,95,220,220
noise_curve,syn_08,LoG,ideal_highpass,3,True,5.0,0.41363636363636364,0.9917492866516113,91,220,220
noise_curve,syn_08,LoG,ideal_highpass,3,True,10.0,0.40454545454545454,1.017594814300537,89,220,220
noise_curve,syn_08,LoG,ideal_highpass,3,True,20.0,0.31363636363636366,1.5538984537124634,69,220,220
noise_curve,syn_08,Harris,ideal_highpass,3,True,0.0,0.7,1.1981393694877625,154,220,220
noise_curve,syn_08,Harris,ideal_highpass,3,True,5.0,0.6818181818181818,1.188909888267517,150,220,220
noise_curve,syn_08,Harris,ideal_highpass,3,True,10.0,0.6681818181818182,1.5262826681137085,147,220,220
noise_curve,syn_08,Harris,ideal_highpass,3,True,20.0,0.4703196347031963,1.846587896347046,103,220,219
noise_curve,syn_08,Shi-Tomasi,ideal_highpass,3,True,0.0,0.7090909090909091,1.4703611135482788,156,220,220
noise_curve,syn_08,Shi-Tomasi,ideal_highpass,3,True,5.0,0.7090909090909091,1.2937909364700317,156,220,220
noise_curve,syn_08,Shi-Tomasi,ideal_highpass,3,True,10.0,0.6772727272727272,1.2685779333114624,149,220,220
noise_curve,syn_08,Shi-Tomasi,ideal_highpass,3,True,20.0,0.6513761467889908,1.3815885186195374,142,220,218
noise_curve,syn_08,SIFT,ideal_highpass,3,True,0.0,0.4954545454545455,1.3866318464279175,109,220,220
noise_curve,syn_08,SIFT,ideal_highpass,3,True,5.0,0.4909090909090909,1.2076851725578308,108,220,220
noise_curve,syn_08,SIFT,ideal_highpass,3,True,10.0,0.509090909090909,1.3545166850090027,112,220,220
noise_curve,syn_08,SIFT,ideal_highpass,3,True,20.0,0.3409090909090909,1.2964379787445068,75,220,220
noise_curve,syn_08,Sobel,gaussian_highpass,3,True,0.0,0.34545454545454546,2.276790142059326,76,220,220
noise_curve,syn_08,Sobel,gaussian_highpass,3,True,5.0,0.31363636363636366,2.769334554672241,69,220,220
noise_curve,syn_08,Sobel,gaussian_highpass,3,True,10.0,0.32272727272727275,2.5261688232421875,71,220,220
noise_curve,syn_08,Sobel,gaussian_highpass,3,True,20.0,0.3090909090909091,2.497309446334839,68,220,220
noise_curve,syn_08,LoG,gaussian_highpass,3,True,0.0,0.40454545454545454,0.8048131465911865,89,220,220
noise_curve,syn_08,LoG,gaussian_highpass,3,True,5.0,0.39090909090909093,0.7944549918174744,86,220,220
noise_curve,syn_08,LoG,gaussian_highpass,3,True,10.0,0.35454545454545455,1.0076409876346588,78,220,220
noise_curve,syn_08,LoG,gaussian_highpass,3,True,20.0,0.2727272727272727,1.6620115041732788,60,220,220
noise_curve,syn_08,Harris,gaussian_highpass,3,True,0.0,0.6363636363636364,1.1550070643424988,140,220,220
noise_curve,syn_08,Harris,gaussian_highpass,3,True,5.0,0.6090909090909091,1.5048698782920837,134,220,220
noise_curve,syn_08,Harris,gaussian_highpass,3,True,10.0,0.6181818181818182,1.6029377579689026,136,220,220
noise_curve,syn_08,Harris,gaussian_highpass,3,True,20.0,0.4748858447488584,1.6274896264076233,104,220,219
noise_curve,syn_08,Shi-Tomasi,gaussian_highpass,3,True,0.0,0.65,1.183159589767456,143,220,220
noise_curve,syn_08,Shi-Tomasi,gaussian_highpass,3,True,5.0,0.6545454545454545,1.2898470759391785,144,220,220
noise_curve,syn_08,Shi-Tomasi,gaussian_highpass,3,True,10.0,0.6954545454545454,1.2465497255325317,153,220,220
noise_curve,syn_08,Shi-Tomasi,gaussian_highpass,3,True,20.0,0.6467889908256881,1.4226244688034058,141,220,218
noise_curve,syn_08,SIFT,gaussian_highpass,3,True,0.0,0.5318181818181819,0.8258379101753235,117,220,220
noise_curve,syn_08,SIFT,gaussian_highpass,3,True,5.0,0.5136363636363637,0.8080659508705139,113,220,220
noise_curve,syn_08,SIFT,gaussian_highpass,3,True,10.0,0.4590909090909091,0.7312828302383423,101,220,220
noise_curve,syn_08,SIFT,gaussian_highpass,3,True,20.0,0.34545454545454546,1.3502347469329834,76,220,220
noise_curve,syn_09,Sobel,none,3,True,0.0,0.21363636363636362,1.910628318786621,47,220,220
noise_curve,syn_09,Sobel,none,3,True,5.0,0.20454545454545456,2.6231000423431396,45,220,220
noise_curve,syn_09,Sobel,none,3,True,10.0,0.20454545454545456,3.43583345413208,45,220,220
noise_curve,syn_09,Sobel,none,3,True,20.0,0.18181818181818182,2.6553547382354736,40,220,220
noise_curve,syn_09,LoG,none,3,True,0.0,0.4727272727272727,0.5652000606060028,104,220,220
noise_curve,syn_09,LoG,none,3,True,5.0,0.42272727272727273,0.5216730237007141,93,220,220
noise_curve,syn_09,LoG,none,3,True,10.0,0.37727272727272726,0.6474690437316895,83,220,220
noise_curve,syn_09,LoG,none,3,True,20.0,0.2636363636363636,0.7957193553447723,58,220,220
noise_curve,syn_09,Harris,none,3,True,0.0,0.6818181818181818,0.4744647145271301,150,220,220
noise_curve,syn_09,Harris,none,3,True,5.0,0.6818181818181818,0.5487096607685089,150,220,220
noise_curve,syn_09,Harris,none,3,True,10.0,0.6590909090909091,0.616248607635498,145,220,220
noise_curve,syn_09,Harris,none,3,True,20.0,0.5863636363636363,0.9030145406723022,129,220,220
noise_curve,syn_09,Shi-Tomasi,none,3,True,0.0,0.8090909090909091,0.702715665102005,178,220,220
noise_curve,syn_09,Shi-Tomasi,none,3,True,5.0,0.7909090909090909,0.7289895713329315,174,220,220
noise_curve,syn_09,Shi-Tomasi,none,3,True,10.0,0.7818181818181819,0.8172481060028076,172,220,220
noise_curve,syn_09,Shi-Tomasi,none,3,True,20.0,0.7545454545454545,0.9443485736846924,166,220,220
noise_curve,syn_09,SIFT,none,3,True,0.0,0.6090909090909091,0.5788869857788086,134,220,220
noise_curve,syn_09,SIFT,none,3,True,5.0,0.6,0.5721566677093506,132,220,220
noise_curve,syn_09,SIFT,none,3,True,10.0,0.5454545454545454,0.5295837223529816,120,220,220
noise_curve,syn_09,SIFT,none,3,True,20.0,0.36363636363636365,0.4692511558532715,80,220,220
noise_curve,syn_09,Sobel,ideal_lowpass,3,True,0.0,0.6772727272727272,1.1290024518966675,149,220,220
noise_curve,syn_09,Sobel,ideal_lowpass,3,True,5.0,0.6636363636363637,1.1353735327720642,146,220,220
noise_curve,syn_09,Sobel,ideal_lowpass,3,True,10.0,0.6636363636363637,1.1803573966026306,146,220,220
noise_curve,syn_09,Sobel,ideal_lowpass,3,True,20.0,0.6636363636363637,1.308243751525879,146,220,220
noise_curve,syn_09,LoG,ideal_lowpass,3,True,0.0,0.6090909090909091,1.1328427195549011,134,220,220
noise_curve,syn_09,LoG,ideal_lowpass,3,True,5.0,0.6181818181818182,1.2809640169143677,136,220,220
noise_curve,syn_09,LoG,ideal_lowpass,3,True,10.0,0.6136363636363636,1.2996717691421509,135,220,220
noise_curve,syn_09,LoG,ideal_lowpass,3,True,20.0,0.6,1.4001704454421997,132,220,220
noise_curve,syn_09,Harris,ideal_lowpass,3,True,0.0,0.7545454545454545,0.8051438331604004,166,220,220
noise_curve,syn_09,Harris,ideal_lowpass,3,True,5.0,0.7636363636363637,0.8006432056427002,168,220,220
noise_curve,syn_09,Harris,ideal_lowpass,3,True,10.0,0.7636363636363637,0.7883627414703369,168,220,220
noise_curve,syn_09,Harris,ideal_lowpass,3,True,20.0,0.7363636363636363,0.8051438331604004,162,220,220
noise_curve,syn_09,Shi-Tomasi,ideal_lowpass,3,True,0.0,0.759090909090909,0.941041111946106,167,220,220
noise_curve,syn_09,Shi-Tomasi,ideal_lowpass,3,True,5.0,0.7545454545454545,0.9288939237594604,166,220,220
noise_curve,syn_09,Shi-Tomasi,ideal_lowpass,3,True,10.0,0.75,0.9167467355728149,165,220,220
noise_curve,syn_09,Shi-Tomasi,ideal_lowpass,3,True,20.0,0.7363636363636363,0.9970945715904236,162,220,220
noise_curve,syn_09,SIFT,ideal_lowpass,3,True,0.0,0.7545454545454545,0.3557726889848709,166,220,220
noise_curve,syn_09,SIFT,ideal_lowpass,3,True,5.0,0.7636363636363637,0.3571316599845886,168,220,220
noise_curve,syn_09,SIFT,ideal_lowpass,3,True,10.0,0.740909090909091,0.36351388692855835,163,220,220
noise_curve,syn_09,SIFT,ideal_lowpass,3,True,20.0,0.6954545454545454,0.4149026572704315,153,220,220
noise_curve,syn_09,Sobel,gaussian_lowpass,3,True,0.0,0.4318181818181818,1.1483157873153687,95,220,220
noise_curve,syn_09,Sobel,gaussian_lowpass,3,True,5.0,0.39090909090909093,1.1993207335472107,86,220,220
noise_curve,syn_09,Sobel,gaussian_lowpass,3,True,10.0,0.4090909090909091,1.4160492420196533,90,220,220
noise_curve,syn_09,Sobel,gaussian_lowpass,3,True,20.0,0.39545454545454545,1.5392234325408936,87,220,220
noise_curve,syn_09,LoG,gaussian_lowpass,3,True,0.0,0.5227272727272727,1.736756682395935,115,220,220
noise_curve,syn_09,LoG,gaussian_lowpass,3,True,5.0,0.5,1.7395282983779907,110,220,220
noise_curve,syn_09,LoG,gaussian_lowpass,3,True,10.0,0.5,1.5817290544509888,110,220,220
noise_curve,syn_09,LoG,gaussian_lowpass,3,True,20.0,0.509090909090909,1.630210280418396,112,220,220
noise_curve,syn_09,Harris,gaussian_lowpass,3,True,0.0,0.8318181818181818,0.696460485458374,183,220,220
noise_curve,syn_09,Harris,gaussian_lowpass,3,True,5.0,0.8363636363636363,0.7016612589359283,184,220,220
noise_curve,syn_09,Harris,gaussian_lowpass,3,True,10.0,0.8363636363636363,0.7785817086696625,184,220,220
noise_curve,syn_09,Harris,gaussian_lowpass,3,True,20.0,0.8318181818181818,0.7707249522209167,183,220,220
noise_curve,syn_09,Shi-Tomasi,gaussian_lowpass,3,True,0.0,0.8363636363636363,0.7228053212165833,184,220,220
noise_curve,syn_09,Shi-Tomasi,gaussian_lowpass,3,True,5.0,0.8363636363636363,0.7535383999347687,184,220,220
noise_curve,syn_09,Shi-Tomasi,gaussian_lowpass,3,True,10.0,0.8409090909090909,0.7562373876571655,185,220,220
noise_curve,syn_09,Shi-Tomasi,gaussian_lowpass,3,True,20.0,0.8272727272727273,0.7661197781562805,182,220,220
noise_curve,syn_09,SIFT,gaussian_lowpass,3,True,0.0,0.8227272727272728,0.2564184069633484,181,220,220
noise_curve,syn_09,SIFT,gaussian_lowpass,3,True,5.0,0.8181818181818182,0.26770150661468506,180,220,220
noise_curve,syn_09,SIFT,gaussian_lowpass,3,True,10.0,0.8045454545454546,0.25368812680244446,177,220,220
noise_curve,syn_09,SIFT,gaussian_lowpass,3,True,20.0,0.8090909090909091,0.34113040566444397,178,220,220
noise_curve,syn_09,Sobel,ideal_highpass,3,True,0.0,0.5181818181818182,1.74734365940094,114,220,220
noise_curve,syn_09,Sobel,ideal_highpass,3,True,5.0,0.4818181818181818,1.74734365940094,106,220,220
noise_curve,syn_09,Sobel,ideal_highpass,3,True,10.0,0.5045454545454545,1.6804449558258057,111,220,220
noise_curve,syn_09,Sobel,ideal_highpass,3,True,20.0,0.4863636363636364,2.2371156215667725,107,220,220
noise_curve,syn_09,LoG,ideal_highpass,3,True,0.0,0.65,0.5918581485748291,143,220,220
noise_curve,syn_09,LoG,ideal_highpass,3,True,5.0,0.6409090909090909,0.5894361734390259,141,220,220
noise_curve,syn_09,LoG,ideal_highpass,3,True,10.0,0.6409090909090909,0.6220461130142212,141,220,220
noise_curve,syn_09,LoG,ideal_highpass,3,True,20.0,0.5727272727272728,0.7399503588676453,126,220,220
noise_curve,syn_09,Harris,ideal_highpass,3,True,0.0,0.6545454545454545,0.7658905386924744,144,220,220
noise_curve,syn_09,Harris,ideal_highpass,3,True,5.0,0.6727272727272727,0.8532463908195496,148,220,220
noise_curve,syn_09,Harris,ideal_highpass,3,True,10.0,0.6681818181818182,0.9790852069854736,147,220,220
noise_curve,syn_09,Harris,ideal_highpass,3,True,20.0,0.6227272727272727,1.1107794046401978,137,220,220
noise_curve,syn_09,Shi-Tomasi,ideal_highpass,3,True,0.0,0.6954545454545454,0.9356549382209778,153,220,220
noise_curve,syn_09,Shi-Tomasi,ideal_highpass,3,True,5.0,0.7090909090909091,0.9532673954963684,156,220,220
noise_curve,syn_09,Shi-Tomasi,ideal_highpass,3,True,10.0,0.6727272727272727,1.0210792422294617,148,220,220
noise_curve,syn_09,Shi-Tomasi,ideal_highpass,3,True,20.0,0.6818181818181818,1.2636276483535767,150,220,220
noise_curve,syn_09,SIFT,ideal_highpass,3,True,0.0,0.5727272727272728,0.6498402953147888,126,220,220
noise_curve,syn_09,SIFT,ideal_highpass,3,True,5.0,0.5727272727272728,0.6771104335784912,126,220,220
noise_curve,syn_09,SIFT,ideal_highpass,3,True,10.0,0.5409090909090909,0.6541428565979004,119,220,220
noise_curve,syn_09,SIFT,ideal_highpass,3,True,20.0,0.41363636363636364,0.45803549885749817,91,220,220
noise_curve,syn_09,Sobel,gaussian_highpass,3,True,0.0,0.39545454545454545,2.438973903656006,87,220,220
noise_curve,syn_09,Sobel,gaussian_highpass,3,True,5.0,0.35454545454545455,2.3587262630462646,78,220,220
noise_curve,syn_09,Sobel,gaussian_highpass,3,True,10.0,0.34545454545454546,2.1121243238449097,76,220,220
noise_curve,syn_09,Sobel,gaussian_highpass,3,True,20.0,0.36363636363636365,1.9178996086120605,80,220,220
noise_curve,syn_09,LoG,gaussian_highpass,3,True,0.0,0.7,0.5086180567741394,154,220,220
noise_curve,syn_09,LoG,gaussian_highpass,3,True,5.0,0.6863636363636364,0.5269207954406738,151,220,220
noise_curve,syn_09,LoG,gaussian_highpass,3,True,10.0,0.6409090909090909,0.584823727607727,141,220,220
noise_curve,syn_09,LoG,gaussian_highpass,3,True,20.0,0.5590909090909091,0.7712146043777466,123,220,220
noise_curve,syn_09,Harris,gaussian_highpass,3,True,0.0,0.6227272727272727,0.5694659352302551,137,220,220
noise_curve,syn_09,Harris,gaussian_highpass,3,True,5.0,0.6227272727272727,0.6139048337936401,137,220,220
noise_curve,syn_09,Harris,gaussian_highpass,3,True,10.0,0.6272727272727273,0.627036839723587,138,220,220
noise_curve,syn_09,Harris,gaussian_highpass,3,True,20.0,0.5727272727272728,0.9352909326553345,126,220,220
noise_curve,syn_09,Shi-Tomasi,gaussian_highpass,3,True,0.0,0.7363636363636363,0.7688878774642944,162,220,220
noise_curve,syn_09,Shi-Tomasi,gaussian_highpass,3,True,5.0,0.740909090909091,0.7001142501831055,163,220,220
noise_curve,syn_09,Shi-Tomasi,gaussian_highpass,3,True,10.0,0.7090909090909091,0.8644461631774902,156,220,220
noise_curve,syn_09,Shi-Tomasi,gaussian_highpass,3,True,20.0,0.6363636363636364,0.9911596477031708,140,220,220
noise_curve,syn_09,SIFT,gaussian_highpass,3,True,0.0,0.5954545454545455,0.4395184814929962,131,220,220
noise_curve,syn_09,SIFT,gaussian_highpass,3,True,5.0,0.6227272727272727,0.4830775558948517,137,220,220
noise_curve,syn_09,SIFT,gaussian_highpass,3,True,10.0,0.5727272727272728,0.4827713519334793,126,220,220
noise_curve,syn_09,SIFT,gaussian_highpass,3,True,20.0,0.4090909090909091,0.5376758277416229,90,220,220
noise_curve,syn_10,Sobel,none,3,True,0.0,0.07272727272727272,1.937997817993164,16,220,220
noise_curve,syn_10,Sobel,none,3,True,5.0,0.06363636363636363,2.2809265851974487,14,220,220
noise_curve,syn_10,Sobel,none,3,True,10.0,0.06363636363636363,2.210110902786255,14,220,220
noise_curve,syn_10,Sobel,none,3,True,20.0,0.08636363636363636,2.3666350841522217,19,220,220
noise_curve,syn_10,LoG,none,3,True,0.0,0.06363636363636363,1.4483271837234497,14,220,220
noise_curve,syn_10,LoG,none,3,True,5.0,0.06363636363636363,1.2005683183670044,14,220,220
noise_curve,syn_10,LoG,none,3,True,10.0,0.06818181818181818,1.4442394971847534,15,220,220
noise_curve,syn_10,LoG,none,3,True,20.0,0.08636363636363636,2.174571990966797,19,220,220
noise_curve,syn_10,Harris,none,3,True,0.0,0.4409090909090909,1.9606586694717407,97,220,220
noise_curve,syn_10,Harris,none,3,True,5.0,0.38636363636363635,1.9689245223999023,85,220,220
noise_curve,syn_10,Harris,none,3,True,10.0,0.2636363636363636,1.7916464805603027,58,220,220
noise_curve,syn_10,Harris,none,3,True,20.0,0.21363636363636362,2.014078140258789,47,220,220
noise_curve,syn_10,Shi-Tomasi,none,3,True,0.0,0.6409090909090909,1.8357232809066772,141,220,220
noise_curve,syn_10,Shi-Tomasi,none,3,True,5.0,0.5954545454545455,2.0208773612976074,131,220,220
noise_curve,syn_10,Shi-Tomasi,none,3,True,10.0,0.5136363636363637,2.109825372695923,113,220,220
noise_curve,syn_10,Shi-Tomasi,none,3,True,20.0,0.29545454545454547,1.8777995109558105,65,220,220
noise_curve,syn_10,SIFT,none,3,True,0.0,0.37727272727272726,1.3627238273620605,83,220,220
noise_curve,syn_10,SIFT,none,3,True,5.0,0.4090909090909091,1.4217021465301514,90,220,220
noise_curve,syn_10,SIFT,none,3,True,10.0,0.37272727272727274,1.3761719465255737,82,220,220
noise_curve,syn_10,SIFT,none,3,True,20.0,0.2681818181818182,1.2269835472106934,59,220,220
noise_curve,syn_10,Sobel,ideal_lowpass,3,True,0.0,0.5681818181818182,1.5590542554855347,125,220,220
noise_curve,syn_10,Sobel,ideal_lowpass,3,True,5.0,0.55,1.7878618240356445,121,220,220
noise_curve,syn_10,Sobel,ideal_lowpass,3,True,10.0,0.5272727272727272,1.878571331501007,116,220,220
noise_curve,syn_10,Sobel,ideal_lowpass,3,True,20.0,0.4727272727272727,1.8384815454483032,104,220,220
noise_curve,syn_10,LoG,ideal_lowpass,3,True,0.0,0.5318181818181819,2.047084093093872,117,220,220
noise_curve,syn_10,LoG,ideal_lowpass,3,True,5.0,0.5318181818181819,1.9489291906356812,117,220,220
noise_curve,syn_10,LoG,ideal_lowpass,3,True,10.0,0.5227272727272727,1.948516845703125,115,220,220
noise_curve,syn_10,LoG,ideal_lowpass,3,True,20.0,0.5136363636363637,2.0529863834381104,113,220,220
noise_curve,syn_10,Harris,ideal_lowpass,3,True,0.0,0.6181818181818182,1.9897271394729614,136,220,220
noise_curve,syn_10,Harris,ideal_lowpass,3,True,5.0,0.6090909090909091,2.1918410062789917,134,220,220
noise_curve,syn_10,Harris,ideal_lowpass,3,True,10.0,0.6090909090909091,2.15844988822937,134,220,220
noise_curve,syn_10,Harris,ideal_lowpass,3,True,20.0,0.5772727272727273,2.2128989696502686,127,220,220
noise_curve,syn_10,Shi-Tomasi,ideal_lowpass,3,True,0.0,0.6136363636363636,1.95920729637146,135,220,220
noise_curve,syn_10,Shi-Tomasi,ideal_lowpass,3,True,5.0,0.6136363636363636,1.9389078617095947,135,220,220
noise_curve,syn_10,Shi-Tomasi,ideal_lowpass,3,True,10.0,0.6272727272727273,2.0819594860076904,138,220,220
noise_curve,syn_10,Shi-Tomasi,ideal_lowpass,3,True,20.0,0.6045454545454545,1.95920729637146,133,220,220
noise_curve,syn_10,SIFT,ideal_lowpass,3,True,0.0,0.5818181818181818,1.022893488407135,128,220,220
noise_curve,syn_10,SIFT,ideal_lowpass,3,True,5.0,0.5772727272727273,1.2526684999465942,127,220,220
noise_curve,syn_10,SIFT,ideal_lowpass,3,True,10.0,0.5863636363636363,1.18228280544281,129,220,220
noise_curve,syn_10,SIFT,ideal_lowpass,3,True,20.0,0.5272727272727272,1.0603757500648499,116,220,220
noise_curve,syn_10,Sobel,gaussian_lowpass,3,True,0.0,0.5363636363636364,1.2559820413589478,118,220,220
noise_curve,syn_10,Sobel,gaussian_lowpass,3,True,5.0,0.5,1.3450375199317932,110,220,220
noise_curve,syn_10,Sobel,gaussian_lowpass,3,True,10.0,0.4727272727272727,1.4298324584960938,104,220,220
noise_curve,syn_10,Sobel,gaussian_lowpass,3,True,20.0,0.4318181818181818,1.6250088214874268,95,220,220
noise_curve,syn_10,LoG,gaussian_lowpass,3,True,0.0,0.5590909090909091,1.4643117189407349,123,220,220
noise_curve,syn_10,LoG,gaussian_lowpass,3,True,5.0,0.5727272727272728,1.3580793142318726,126,220,220
noise_curve,syn_10,LoG,gaussian_lowpass,3,True,10.0,0.5681818181818182,1.4819695949554443,125,220,220
noise_curve,syn_10,LoG,gaussian_lowpass,3,True,20.0,0.5181818181818182,1.5908057689666748,114,220,220
noise_curve,syn_10,Harris,gaussian_lowpass,3,True,0.0,0.6727272727272727,1.750174880027771,148,220,220
noise_curve,syn_10,Harris,gaussian_lowpass,3,True,5.0,0.6909090909090909,1.6266111731529236,152,220,220
noise_curve,syn_10,Harris,gaussian_lowpass,3,True,10.0,0.6818181818181818,1.9366413354873657,150,220,220
noise_curve,syn_10,Harris,gaussian_lowpass,3,True,20.0,0.6772727272727272,1.9667882919311523,149,220,220
noise_curve,syn_10,Shi-Tomasi,gaussian_lowpass,3,True,0.0,0.6818181818181818,1.8506288528442383,150,220,220
noise_curve,syn_10,Shi-Tomasi,gaussian_lowpass,3,True,5.0,0.6727272727272727,1.9459548592567444,148,220,220
noise_curve,syn_10,Shi-Tomasi,gaussian_lowpass,3,True,10.0,0.6681818181818182,1.9079960584640503,147,220,220
noise_curve,syn_10,Shi-Tomasi,gaussian_lowpass,3,True,20.0,0.6636363636363637,1.886465609073639,146,220,220
noise_curve,syn_10,SIFT,gaussian_lowpass,3,True,0.0,0.7181818181818181,0.836133599281311,158,220,220
noise_curve,syn_10,SIFT,gaussian_lowpass,3,True,5.0,0.7181818181818181,0.8326577544212341,158,220,220
noise_curve,syn_10,SIFT,gaussian_lowpass,3,True,10.0,0.7,0.8645525574684143,154,220,220
noise_curve,syn_10,SIFT,gaussian_lowpass,3,True,20.0,0.6727272727272727,1.0276032090187073,148,220,220
noise_curve,syn_10,Sobel,ideal_highpass,3,True,0.0,0.29545454545454547,3.46588397026062,65,220,220
noise_curve,syn_10,Sobel,ideal_highpass,3,True,5.0,0.2636363636363636,3.4521372318267822,58,220,220
noise_curve,syn_10,Sobel,ideal_highpass,3,True,10.0,0.2727272727272727,3.4521372318267822,60,220,220
noise_curve,syn_10,Sobel,ideal_highpass,3,True,20.0,0.2590909090909091,3.46588397026062,57,220,220
noise_curve,syn_10,LoG,ideal_highpass,3,True,0.0,0.31363636363636366,2.5391318798065186,69,220,220
noise_curve,syn_10,LoG,ideal_highpass,3,True,5.0,0.2772727272727273,2.4510996341705322,61,220,220
noise_curve,syn_10,LoG,ideal_highpass,3,True,10.0,0.2590909090909091,3.0781569480895996,57,220,220
noise_curve,syn_10,LoG,ideal_highpass,3,True,20.0,0.17727272727272728,3.3289966583251953,39,220,220
noise_curve,syn_10,Harris,ideal_highpass,3,True,0.0,0.3378995433789954,2.15127170085907,74,220,219
noise_curve,syn_10,Harris,ideal_highpass,3,True,5.0,0.3333333333333333,2.2748730182647705,73,220,219
noise_curve,syn_10,Harris,ideal_highpass,3,True,10.0,0.29906542056074764,2.2572160959243774,64,220,214
noise_curve,syn_10,Harris,ideal_highpass,3,True,20.0,0.24,2.578602433204651,48,220,200
noise_curve,syn_10,Shi-Tomasi,ideal_highpass,3,True,0.0,0.43317972350230416,2.362223505973816,94,220,217
noise_curve,syn_10,Shi-Tomasi,ideal_highpass,3,True,5.0,0.3944954128440367,2.409234046936035,86,220,218
noise_curve,syn_10,Shi-Tomasi,ideal_highpass,3,True,10.0,0.3696682464454976,2.1402621269226074,78,220,211
noise_curve,syn_10,Shi-Tomasi,ideal_highpass,3,True,20.0,0.26108374384236455,2.2314319610595703,53,220,203
noise_curve,syn_10,SIFT,ideal_highpass,3,True,0.0,0.37727272727272726,2.1215152740478516,83,220,220
noise_curve,syn_10,SIFT,ideal_highpass,3,True,5.0,0.36363636363636365,1.659899652004242,80,220,220
noise_curve,syn_10,SIFT,ideal_highpass,3,True,10.0,0.3023255813953488,1.8507211208343506,65,220,215
noise_curve,syn_10,SIFT,ideal_highpass,3,True,20.0,0.17307692307692307,1.960605502128601,36,220,208
noise_curve,syn_10,Sobel,gaussian_highpass,3,True,0.0,0.15,2.0676116943359375,33,220,220
noise_curve,syn_10,Sobel,gaussian_highpass,3,True,5.0,0.17272727272727273,2.47981595993042,38,220,220
noise_curve,syn_10,Sobel,gaussian_highpass,3,True,10.0,0.16818181818181818,2.2314088344573975,37,220,220
noise_curve,syn_10,Sobel,gaussian_highpass,3,True,20.0,0.15454545454545454,2.5694257020950317,34,220,220
noise_curve,syn_10,LoG,gaussian_highpass,3,True,0.0,0.29545454545454547,1.9321763515472412,65,220,220
noise_curve,syn_10,LoG,gaussian_highpass,3,True,5.0,0.22727272727272727,2.1730226278305054,50,220,220
noise_curve,syn_10,LoG,gaussian_highpass,3,True,10.0,0.18181818181818182,2.324942946434021,40,220,220
noise_curve,syn_10,LoG,gaussian_highpass,3,True,20.0,0.1461187214611872,2.278750419616699,32,220,219
noise_curve,syn_10,Harris,gaussian_highpass,3,True,0.0,0.2968036529680365,2.0783891677856445,65,220,219
noise_curve,syn_10,Harris,gaussian_highpass,3,True,5.0,0.32272727272727275,2.109825372695923,71,220,220
noise_curve,syn_10,Harris,gaussian_highpass,3,True,10.0,0.28837209302325584,2.1984084844589233,62,220,215
noise_curve,syn_10,Harris,gaussian_highpass,3,True,20.0,0.2549019607843137,2.4691412448883057,52,220,204
noise_curve,syn_10,Shi-Tomasi,gaussian_highpass,3,True,0.0,0.4611872146118721,2.311178684234619,101,220,219
noise_curve,syn_10,Shi-Tomasi,gaussian_highpass,3,True,5.0,0.41935483870967744,2.42301082611084,91,220,217
noise_curve,syn_10,Shi-Tomasi,gaussian_highpass,3,True,10.0,0.2980769230769231,2.544625997543335,62,220,208
noise_curve,syn_10,Shi-Tomasi,gaussian_highpass,3,True,20.0,0.145,2.3743903636932373,29,220,200
noise_curve,syn_10,SIFT,gaussian_highpass,3,True,0.0,0.3409090909090909,1.4632431268692017,75,220,220
noise_curve,syn_10,SIFT,gaussian_highpass,3,True,5.0,0.29545454545454547,1.728338599205017,65,220,220
noise_curve,syn_10,SIFT,gaussian_highpass,3,True,10.0,0.22274881516587677,1.846480369567871,47,220,211
noise_curve,syn_10,SIFT,gaussian_highpass,3,True,20.0,0.178743961352657,1.9157493114471436,37,220,207
