scope,image_id,method,frequency_filter,pyramid_levels,nms,image_scale,repeatability,localization_error_px,repeated_points,reference_keypoints,scene_keypoints
scale_curve,syn_01,Sobel,none,3,True,0.5,0.18604651162790697,1.9761410355567932,24,220,129
scale_curve,syn_01,Sobel,none,3,True,0.75,0.20454545454545456,1.898877501487732,45,220,220
scale_curve,syn_01,Sobel,none,3,True,1.0,0.36818181818181817,1.941998839378357,81,220,220
scale_curve,syn_01,Sobel,none,3,True,1.25,0.23636363636363636,2.553350329399109,52,220,220
scale_curve,syn_01,LoG,none,3,True,0.5,0.09545454545454546,2.11342716217041,21,220,220
scale_curve,syn_01,LoG,none,3,True,0.75,0.2772727272727273,1.1593167781829834,61,220,220
scale_curve,syn_01,LoG,none,3,True,1.0,0.7181818181818181,0.5800849199295044,158,220,220
scale_curve,syn_01,LoG,none,3,True,1.25,0.7,0.5098018646240234,154,220,220
scale_curve,syn_01,Harris,none,3,True,0.5,0.4409090909090909,1.5287469625473022,97,220,220
scale_curve,syn_01,Harris,none,3,True,0.75,0.6409090909090909,0.8516935706138611,141,220,220
scale_curve,syn_01,Harris,none,3,True,1.0,0.759090909090909,0.47864681482315063,167,220,220
scale_curve,syn_01,Harris,none,3,True,1.25,0.7136363636363636,0.6500885486602783,157,220,220
scale_curve,syn_01,Shi-Tomasi,none,3,True,0.5,0.6031746031746031,1.3018129467964172,114,220,189
scale_curve,syn_01,Shi-Tomasi,none,3,True,0.75,0.6863636363636364,0.8898695111274719,151,220,220
scale_curve,syn_01,Shi-Tomasi,none,3,True,1.0,0.8409090909090909,0.6241270899772644,185,220,220
scale_curve,syn_01,Shi-Tomasi,none,3,True,1.25,0.759090909090909,0.7390539050102234,167,220,220
scale_curve,syn_01,SIFT,none,3,True,0.5,0.39090909090909093,0.526760458946228,86,220,220
scale_curve,syn_01,SIFT,none,3,True,0.75,0.5181818181818182,0.44291533529758453,114,220,220
scale_curve,syn_01,SIFT,none,3,True,1.0,0.7363636363636363,0.22303633391857147,162,220,220
scale_curve,syn_01,SIFT,none,3,True,1.25,0.65,0.41077589988708496,143,220,220
scale_curve,syn_01,Sobel,ideal_lowpass,3,True,0.5,0.2535211267605634,3.963608503341675,36,220,142
scale_curve,syn_01,Sobel,ideal_lowpass,3,True,0.75,0.44545454545454544,2.5392038822174072,98,220,220
scale_curve,syn_01,Sobel,ideal_lowpass,3,True,1.0,0.5681818181818182,1.313417673110962,125,220,220
scale_curve,syn_01,Sobel,ideal_lowpass,3,True,1.25,0.5954545454545455,2.1959478855133057,131,220,220
scale_curve,syn_01,LoG,ideal_lowpass,3,True,0.5,0.28402366863905326,3.1103850603103638,48,220,169
scale_curve,syn_01,LoG,ideal_lowpass,3,True,0.75,0.36363636363636365,2.234946608543396,80,220,220
scale_curve,syn_01,LoG,ideal_lowpass,3,True,1.0,0.5954545454545455,1.5588840246200562,131,220,220
scale_curve,syn_01,LoG,ideal_lowpass,3,True,1.25,0.5409090909090909,1.98294198513031,119,220,220
scale_curve,syn_01,Harris,ideal_lowpass,3,True,0.5,0.33636363636363636,2.2066229581832886,74,220,220
scale_curve,syn_01,Harris,ideal_lowpass,3,True,0.75,0.4772727272727273,2.3947534561157227,105,220,220
scale_curve,syn_01,Harris,ideal_lowpass,3,True,1.0,0.6772727272727272,1.206237554550171,149,220,220
scale_curve,syn_01,Harris,ideal_lowpass,3,True,1.25,0.6136363636363636,1.6829296350479126,135,220,220
scale_curve,syn_01,Shi-Tomasi,ideal_lowpass,3,True,0.5,0.41899441340782123,2.2132391929626465,75,220,179
scale_curve,syn_01,Shi-Tomasi,ideal_lowpass,3,True,0.75,0.4863636363636364,2.531581401824951,107,220,220
scale_curve,syn_01,Shi-Tomasi,ideal_lowpass,3,True,1.0,0.6590909090909091,1.2439839839935303,145,220,220
scale_curve,syn_01,Shi-Tomasi,ideal_lowpass,3,True,1.25,0.6363636363636364,1.7759625911712646,140,220,220
scale_curve,syn_01,SIFT,ideal_lowpass,3,True,0.5,0.4727272727272727,1.4970937371253967,104,220,220
scale_curve,syn_01,SIFT,ideal_lowpass,3,True,0.75,0.4954545454545455,1.3618659973144531,109,220,220
scale_curve,syn_01,SIFT,ideal_lowpass,3,True,1.0,0.7181818181818181,0.7034590840339661,158,220,220
scale_curve,syn_01,SIFT,ideal_lowpass,3,True,1.25,0.6136363636363636,0.8980725407600403,135,220,220
scale_curve,syn_01,Sobel,gaussian_lowpass,3,True,0.5,0.5272727272727272,1.416427731513977,87,220,165
scale_curve,syn_01,Sobel,gaussian_lowpass,3,True,0.75,0.32727272727272727,1.4038192629814148,72,220,220
scale_curve,syn_01,Sobel,gaussian_lowpass,3,True,1.0,0.25,1.3967363834381104,55,220,220
scale_curve,syn_01,Sobel,gaussian_lowpass,3,True,1.25,0.2318181818181818,1.362583875656128,51,220,220
scale_curve,syn_01,LoG,gaussian_lowpass,3,True,0.5,0.39901477832512317,1.3344827890396118,81,220,203
scale_curve,syn_01,LoG,gaussian_lowpass,3,True,0.75,0.41363636363636364,1.4343605041503906,91,220,220
scale_curve,syn_01,LoG,gaussian_lowpass,3,True,1.0,0.5772727272727273,1.4766664505004883,127,220,220
scale_curve,syn_01,LoG,gaussian_lowpass,3,True,1.25,0.5681818181818182,1.4308141469955444,125,220,220
scale_curve,syn_01,Harris,gaussian_lowpass,3,True,0.5,0.5432692307692307,2.0945188999176025,113,220,208
scale_curve,syn_01,Harris,gaussian_lowpass,3,True,0.75,0.740909090909091,1.693039059638977,163,220,220
scale_curve,syn_01,Harris,gaussian_lowpass,3,True,1.0,0.8727272727272727,0.6520756483078003,192,220,220
scale_curve,syn_01,Harris,gaussian_lowpass,3,True,1.25,0.7954545454545454,0.6694213151931763,175,220,220
scale_curve,syn_01,Shi-Tomasi,gaussian_lowpass,3,True,0.5,0.5493827160493827,2.0796806812286377,89,220,162
scale_curve,syn_01,Shi-Tomasi,gaussian_lowpass,3,True,0.75,0.6590909090909091,1.427490234375,145,220,220
scale_curve,syn_01,Shi-Tomasi,gaussian_lowpass,3,True,1.0,0.8454545454545455,0.7062069177627563,186,220,220
scale_curve,syn_01,Shi-Tomasi,gaussian_lowpass,3,True,1.25,0.7727272727272727,0.6467595994472504,170,220,220
scale_curve,syn_01,SIFT,gaussian_lowpass,3,True,0.5,0.6181818181818182,1.0569836497306824,136,220,220
scale_curve,syn_01,SIFT,gaussian_lowpass,3,True,0.75,0.6909090909090909,0.7105445563793182,152,220,220
scale_curve,syn_01,SIFT,gaussian_lowpass,3,True,1.0,0.8590909090909091,0.28055471181869507,189,220,220
scale_curve,syn_01,SIFT,gaussian_lowpass,3,True,1.25,0.7863636363636364,0.29952701926231384,173,220,220
scale_curve,syn_01,Sobel,ideal_highpass,3,True,0.5,0.18636363636363637,3.887481927871704,41,220,220
scale_curve,syn_01,Sobel,ideal_highpass,3,True,0.75,0.3181818181818182,3.27519428730011,70,220,220
scale_curve,syn_01,Sobel,ideal_highpass,3,True,1.0,0.5909090909090909,1.429274559020996,130,220,220
scale_curve,syn_01,Sobel,ideal_highpass,3,True,1.25,0.4681818181818182,2.192715644836426,103,220,220
scale_curve,syn_01,LoG,ideal_highpass,3,True,0.5,0.16363636363636364,3.512287974357605,36,220,220
scale_curve,syn_01,LoG,ideal_highpass,3,True,0.75,0.31363636363636366,2.091486692428589,69,220,220
scale_curve,syn_01,LoG,ideal_highpass,3,True,1.0,0.6636363636363637,0.594755232334137,146,220,220
scale_curve,syn_01,LoG,ideal_highpass,3,True,1.25,0.5136363636363637,0.8239017128944397,113,220,220
scale_curve,syn_01,Harris,ideal_highpass,3,True,0.5,0.4863636363636364,1.7501344680786133,107,220,220
scale_curve,syn_01,Harris,ideal_highpass,3,True,0.75,0.6272727272727273,1.2708932757377625,138,220,220
scale_curve,syn_01,Harris,ideal_highpass,3,True,1.0,0.740909090909091,0.5585233569145203,163,220,220
scale_curve,syn_01,Harris,ideal_highpass,3,True,1.25,0.7,0.7494679689407349,154,220,220
scale_curve,syn_01,Shi-Tomasi,ideal_highpass,3,True,0.5,0.6420454545454546,1.5887632369995117,113,220,176
scale_curve,syn_01,Shi-Tomasi,ideal_highpass,3,True,0.75,0.6863636363636364,1.588658094406128,151,220,220
scale_curve,syn_01,Shi-Tomasi,ideal_highpass,3,True,1.0,0.8,0.742210865020752,176,220,220
scale_curve,syn_01,Shi-Tomasi,ideal_highpass,3,True,1.25,0.7136363636363636,1.0410926342010498,157,220,220
scale_curve,syn_01,SIFT,ideal_highpass,3,True,0.5,0.34545454545454546,0.7876012921333313,76,220,220
scale_curve,syn_01,SIFT,ideal_highpass,3,True,0.75,0.4590909090909091,0.9695596098899841,101,220,220
scale_curve,syn_01,SIFT,ideal_highpass,3,True,1.0,0.6409090909090909,0.48987138271331787,141,220,220
scale_curve,syn_01,SIFT,ideal_highpass,3,True,1.25,0.5590909090909091,0.4857024550437927,123,220,220
scale_curve,syn_01,Sobel,gaussian_highpass,3,True,0.5,0.22839506172839505,2.4498369693756104,37,220,162
scale_curve,syn_01,Sobel,gaussian_highpass,3,True,0.75,0.35909090909090907,2.4521098136901855,79,220,220
scale_curve,syn_01,Sobel,gaussian_highpass,3,True,1.0,0.509090909090909,1.6361353993415833,112,220,220
scale_curve,syn_01,Sobel,gaussian_highpass,3,True,1.25,0.5636363636363636,2.058898687362671,124,220,220
scale_curve,syn_01,LoG,gaussian_highpass,3,True,0.5,0.11363636363636363,3.1454429626464844,25,220,220
scale_curve,syn_01,LoG,gaussian_highpass,3,True,0.75,0.36818181818181817,1.1403430700302124,81,220,220
scale_curve,syn_01,LoG,gaussian_highpass,3,True,1.0,0.7181818181818181,0.4973732680082321,158,220,220
scale_curve,syn_01,LoG,gaussian_highpass,3,True,1.25,0.5636363636363636,0.6116581857204437,124,220,220
scale_curve,syn_01,Harris,gaussian_highpass,3,True,0.5,0.38636363636363635,1.8949240446090698,85,220,220
scale_curve,syn_01,Harris,gaussian_highpass,3,True,0.75,0.5727272727272728,1.1125061511993408,126,220,220
scale_curve,syn_01,Harris,gaussian_highpass,3,True,1.0,0.7181818181818181,0.5258958637714386,158,220,220
scale_curve,syn_01,Harris,gaussian_highpass,3,True,1.25,0.6727272727272727,0.7160656750202179,148,220,220
scale_curve,syn_01,Shi-Tomasi,gaussian_highpass,3,True,0.5,0.5838150289017341,1.7235673666000366,101,220,173
scale_curve,syn_01,Shi-Tomasi,gaussian_highpass,3,True,0.75,0.6363636363636364,1.3196704387664795,140,220,220
scale_curve,syn_01,Shi-Tomasi,gaussian_highpass,3,True,1.0,0.7636363636363637,0.6207292973995209,168,220,220
scale_curve,syn_01,Shi-Tomasi,gaussian_highpass,3,True,1.25,0.7318181818181818,1.0268962383270264,161,220,220
scale_curve,syn_01,SIFT,gaussian_highpass,3,True,0.5,0.32272727272727275,1.028681993484497,71,220,220
scale_curve,syn_01,SIFT,gaussian_highpass,3,True,0.75,0.41363636363636364,0.6701798439025879,91,220,220
scale_curve,syn_01,SIFT,gaussian_highpass,3,True,1.0,0.6681818181818182,0.3451002240180969,147,220,220
scale_curve,syn_01,SIFT,gaussian_highpass,3,True,1.25,0.6136363636363636,0.2961362898349762,135,220,220
scale_curve,syn_02,Sobel,none,3,True,0.5,0.1656441717791411,2.9303371906280518,27,220,163
scale_curve,syn_02,Sobel,none,3,True,0.75,0.2681818181818182,2.1656064987182617,59,220,220
scale_curve,syn_02,Sobel,none,3,True,1.0,0.3181818181818182,2.0473564863204956,70,220,220
scale_curve,syn_02,Sobel,none,3,True,1.25,0.20909090909090908,1.8627179861068726,46,220,220
scale_curve,syn_02,LoG,none,3,True,0.5,0.12272727272727273,1.8988916873931885,27,220,220
scale_curve,syn_02,LoG,none,3,True,0.75,0.20909090909090908,0.9656724333763123,46,220,220
scale_curve,syn_02,LoG,none,3,True,1.0,0.6818181818181818,0.5603074729442596,150,220,220
scale_curve,syn_02,LoG,none,3,True,1.25,0.6363636363636364,0.4647514224052429,140,220,220
scale_curve,syn_02,Harris,none,3,True,0.5,0.5023255813953489,1.4450246095657349,108,220,215
scale_curve,syn_02,Harris,none,3,True,0.75,0.7363636363636363,0.8036789000034332,162,220,220
scale_curve,syn_02,Harris,none,3,True,1.0,0.8045454545454546,0.4796711206436157,177,220,220
scale_curve,syn_02,Harris,none,3,True,1.25,0.7363636363636363,0.5403381288051605,162,220,220
scale_curve,syn_02,Shi-Tomasi,none,3,True,0.5,0.612565445026178,1.427006483078003,117,220,191
scale_curve,syn_02,Shi-Tomasi,none,3,True,0.75,0.7545454545454545,0.9716150462627411,166,220,220
scale_curve,syn_02,Shi-Tomasi,none,3,True,1.0,0.8045454545454546,0.6441096663475037,177,220,220
scale_curve,syn_02,Shi-Tomasi,none,3,True,1.25,0.7454545454545455,0.5754839777946472,164,220,220
scale_curve,syn_02,SIFT,none,3,True,0.5,0.36818181818181817,0.38856562972068787,81,220,220
scale_curve,syn_02,SIFT,none,3,True,0.75,0.5863636363636363,0.4571451246738434,129,220,220
scale_curve,syn_02,SIFT,none,3,True,1.0,0.6772727272727272,0.39218267798423767,149,220,220
scale_curve,syn_02,SIFT,none,3,True,1.25,0.6272727272727273,0.5702385604381561,138,220,220
scale_curve,syn_02,Sobel,ideal_lowpass,3,True,0.5,0.39097744360902253,3.1303908824920654,52,220,133
scale_curve,syn_02,Sobel,ideal_lowpass,3,True,0.75,0.4636363636363636,2.199557662010193,102,220,220
scale_curve,syn_02,Sobel,ideal_lowpass,3,True,1.0,0.6272727272727273,0.9727466106414795,138,220,220
scale_curve,syn_02,Sobel,ideal_lowpass,3,True,1.25,0.4909090909090909,2.576154351234436,108,220,220
scale_curve,syn_02,LoG,ideal_lowpass,3,True,0.5,0.4031413612565445,1.9677097797393799,77,220,191
scale_curve,syn_02,LoG,ideal_lowpass,3,True,0.75,0.4681818181818182,2.935920476913452,103,220,220
scale_curve,syn_02,LoG,ideal_lowpass,3,True,1.0,0.6818181818181818,1.0538924932479858,150,220,220
scale_curve,syn_02,LoG,ideal_lowpass,3,True,1.25,0.4590909090909091,1.9952149391174316,101,220,220
scale_curve,syn_02,Harris,ideal_lowpass,3,True,0.5,0.42272727272727273,1.8966609239578247,93,220,220
scale_curve,syn_02,Harris,ideal_lowpass,3,True,0.75,0.5409090909090909,2.1843671798706055,119,220,220
scale_curve,syn_02,Harris,ideal_lowpass,3,True,1.0,0.7681818181818182,0.9030733108520508,169,220,220
scale_curve,syn_02,Harris,ideal_lowpass,3,True,1.25,0.5363636363636364,1.8303075432777405,118,220,220
scale_curve,syn_02,Shi-Tomasi,ideal_lowpass,3,True,0.5,0.563953488372093,1.995516300201416,97,220,172
scale_curve,syn_02,Shi-Tomasi,ideal_lowpass,3,True,0.75,0.5363636363636364,2.1218210458755493,118,220,220
scale_curve,syn_02,Shi-Tomasi,ideal_lowpass,3,True,1.0,0.7818181818181819,0.916797012090683,172,220,220
scale_curve,syn_02,Shi-Tomasi,ideal_lowpass,3,True,1.25,0.5818181818181818,1.5131040811538696,128,220,220
scale_curve,syn_02,SIFT,ideal_lowpass,3,True,0.5,0.44545454545454544,1.300222635269165,98,220,220
scale_curve,syn_02,SIFT,ideal_lowpass,3,True,0.75,0.5409090909090909,1.169607400894165,119,220,220
scale_curve,syn_02,SIFT,ideal_lowpass,3,True,1.0,0.6818181818181818,0.42618776857852936,150,220,220
scale_curve,syn_02,SIFT,ideal_lowpass,3,True,1.25,0.5909090909090909,1.2321088314056396,130,220,220
scale_curve,syn_02,Sobel,gaussian_lowpass,3,True,0.5,0.6571428571428571,1.4181095361709595,92,220,140
scale_curve,syn_02,Sobel,gaussian_lowpass,3,True,0.75,0.43636363636363634,1.350606083869934,96,220,220
scale_curve,syn_02,Sobel,gaussian_lowpass,3,True,1.0,0.4818181818181818,1.131486713886261,106,220,220
scale_curve,syn_02,Sobel,gaussian_lowpass,3,True,1.25,0.5181818181818182,1.186643660068512,114,220,220
scale_curve,syn_02,LoG,gaussian_lowpass,3,True,0.5,0.46733668341708545,1.6149955987930298,93,220,199
scale_curve,syn_02,LoG,gaussian_lowpass,3,True,0.75,0.5590909090909091,1.437599539756775,123,220,220
scale_curve,syn_02,LoG,gaussian_lowpass,3,True,1.0,0.5590909090909091,1.5008641481399536,123,220,220
scale_curve,syn_02,LoG,gaussian_lowpass,3,True,1.25,0.5136363636363637,1.5119376182556152,113,220,220
scale_curve,syn_02,Harris,gaussian_lowpass,3,True,0.5,0.5824742268041238,1.9910439252853394,113,220,194
scale_curve,syn_02,Harris,gaussian_lowpass,3,True,0.75,0.7681818181818182,1.1902101039886475,169,220,220
scale_curve,syn_02,Harris,gaussian_lowpass,3,True,1.0,0.8954545454545455,0.6319666504859924,197,220,220
scale_curve,syn_02,Harris,gaussian_lowpass,3,True,1.25,0.7909090909090909,0.7019740045070648,174,220,220
scale_curve,syn_02,Shi-Tomasi,gaussian_lowpass,3,True,0.5,0.660377358490566,1.7820284366607666,105,220,159
scale_curve,syn_02,Shi-Tomasi,gaussian_lowpass,3,True,0.75,0.6954545454545454,1.2108412981033325,153,220,220
scale_curve,syn_02,Shi-Tomasi,gaussian_lowpass,3,True,1.0,0.8409090909090909,0.6573042273521423,185,220,220
scale_curve,syn_02,Shi-Tomasi,gaussian_lowpass,3,True,1.25,0.8045454545454546,0.7911093831062317,177,220,220
scale_curve,syn_02,SIFT,gaussian_lowpass,3,True,0.5,0.6454545454545455,0.7631555795669556,142,220,220
scale_curve,syn_02,SIFT,gaussian_lowpass,3,True,0.75,0.7318181818181818,0.6563267707824707,161,220,220
scale_curve,syn_02,SIFT,gaussian_lowpass,3,True,1.0,0.8181818181818182,0.2117391675710678,180,220,220
scale_curve,syn_02,SIFT,gaussian_lowpass,3,True,1.25,0.7909090909090909,0.41531114280223846,174,220,220
scale_curve,syn_02,Sobel,ideal_highpass,3,True,0.5,0.2112676056338028,3.8760392665863037,45,220,213
scale_curve,syn_02,Sobel,ideal_highpass,3,True,0.75,0.36363636363636365,3.167130947113037,80,220,220
scale_curve,syn_02,Sobel,ideal_highpass,3,True,1.0,0.5681818181818182,1.7186967134475708,125,220,220
scale_curve,syn_02,Sobel,ideal_highpass,3,True,1.25,0.37727272727272726,2.362867832183838,83,220,220
scale_curve,syn_02,LoG,ideal_highpass,3,True,0.5,0.15454545454545454,3.4038374423980713,34,220,220
scale_curve,syn_02,LoG,ideal_highpass,3,True,0.75,0.33181818181818185,2.2422313690185547,73,220,220
scale_curve,syn_02,LoG,ideal_highpass,3,True,1.0,0.7045454545454546,0.5290215015411377,155,220,220
scale_curve,syn_02,LoG,ideal_highpass,3,True,1.25,0.5272727272727272,0.7639963328838348,116,220,220
scale_curve,syn_02,Harris,ideal_highpass,3,True,0.5,0.509090909090909,1.6089699268341064,112,220,220
scale_curve,syn_02,Harris,ideal_highpass,3,True,0.75,0.6909090909090909,1.0731946229934692,152,220,220
scale_curve,syn_02,Harris,ideal_highpass,3,True,1.0,0.7909090909090909,0.5557823181152344,174,220,220
scale_curve,syn_02,Harris,ideal_highpass,3,True,1.25,0.7136363636363636,0.8794049024581909,157,220,220
scale_curve,syn_02,Shi-Tomasi,ideal_highpass,3,True,0.5,0.5978260869565217,1.7429216504096985,110,220,184
scale_curve,syn_02,Shi-Tomasi,ideal_highpass,3,True,0.75,0.7,1.3254383206367493,154,220,220
scale_curve,syn_02,Shi-Tomasi,ideal_highpass,3,True,1.0,0.8045454545454546,0.6612458825111389,177,220,220
scale_curve,syn_02,Shi-Tomasi,ideal_highpass,3,True,1.25,0.7,1.033093273639679,154,220,220
scale_curve,syn_02,SIFT,ideal_highpass,3,True,0.5,0.35454545454545455,0.8287895619869232,78,220,220
scale_curve,syn_02,SIFT,ideal_highpass,3,True,0.75,0.4954545454545455,0.9586353898048401,109,220,220
scale_curve,syn_02,SIFT,ideal_highpass,3,True,1.0,0.6272727272727273,0.6611464619636536,138,220,220
scale_curve,syn_02,SIFT,ideal_highpass,3,True,1.25,0.5454545454545454,0.5493455529212952,120,220,220
scale_curve,syn_02,Sobel,gaussian_highpass,3,True,0.5,0.22404371584699453,2.711759090423584,41,220,183
scale_curve,syn_02,Sobel,gaussian_highpass,3,True,0.75,0.36363636363636365,1.6773115396499634,80,220,220
scale_curve,syn_02,Sobel,gaussian_highpass,3,True,1.0,0.4909090909090909,1.3875547051429749,108,220,220
scale_curve,syn_02,Sobel,gaussian_highpass,3,True,1.25,0.42272727272727273,1.8691225051879883,93,220,220
scale_curve,syn_02,LoG,gaussian_highpass,3,True,0.5,0.13636363636363635,2.536128044128418,30,220,220
scale_curve,syn_02,LoG,gaussian_highpass,3,True,0.75,0.35,1.1080235242843628,77,220,220
scale_curve,syn_02,LoG,gaussian_highpass,3,True,1.0,0.6909090909090909,0.5441928207874298,152,220,220
scale_curve,syn_02,LoG,gaussian_highpass,3,True,1.25,0.5409090909090909,0.6259264349937439,119,220,220
scale_curve,syn_02,Harris,gaussian_highpass,3,True,0.5,0.4727272727272727,1.7653483748435974,104,220,220
scale_curve,syn_02,Harris,gaussian_highpass,3,True,0.75,0.6681818181818182,1.0462965965270996,147,220,220
scale_curve,syn_02,Harris,gaussian_highpass,3,True,1.0,0.759090909090909,0.5883511304855347,167,220,220
scale_curve,syn_02,Harris,gaussian_highpass,3,True,1.25,0.7,0.772018313407898,154,220,220
scale_curve,syn_02,Shi-Tomasi,gaussian_highpass,3,True,0.5,0.5454545454545454,1.7371664643287659,96,220,176
scale_curve,syn_02,Shi-Tomasi,gaussian_highpass,3,True,0.75,0.7,1.1011766195297241,154,220,220
scale_curve,syn_02,Shi-Tomasi,gaussian_highpass,3,True,1.0,0.8136363636363636,0.5618721842765808,179,220,220
scale_curve,syn_02,Shi-Tomasi,gaussian_highpass,3,True,1.25,0.6590909090909091,0.6894490718841553,145,220,220
scale_curve,syn_02,SIFT,gaussian_highpass,3,True,0.5,0.30454545454545456,1.3874229192733765,67,220,220
scale_curve,syn_02,SIFT,gaussian_highpass,3,True,0.75,0.5045454545454545,0.6605347394943237,111,220,220
scale_curve,syn_02,SIFT,gaussian_highpass,3,True,1.0,0.6454545454545455,0.30451247096061707,142,220,220
scale_curve,syn_02,SIFT,gaussian_highpass,3,True,1.25,0.6045454545454545,0.45729705691337585,133,220,220
scale_curve,syn_03,Sobel,none,3,True,0.5,0.15853658536585366,2.212807536125183,26,220,164
scale_curve,syn_03,Sobel,none,3,True,0.75,0.2,2.115010976791382,44,220,220
scale_curve,syn_03,Sobel,none,3,True,1.0,0.2,1.9009516835212708,44,220,220
scale_curve,syn_03,Sobel,none,3,True,1.25,0.1,1.648165225982666,22,220,220
scale_curve,syn_03,LoG,none,3,True,0.5,0.06363636363636363,2.362804651260376,14,220,220
scale_curve,syn_03,LoG,none,3,True,0.75,0.045454545454545456,1.0809952914714813,10,220,220
scale_curve,syn_03,LoG,none,3,True,1.0,0.07727272727272727,0.6141663193702698,17,220,220
scale_curve,syn_03,LoG,none,3,True,1.25,0.14545454545454545,0.6941730380058289,32,220,220
scale_curve,syn_03,Harris,none,3,True,0.5,0.475,1.612022876739502,95,220,200
scale_curve,syn_03,Harris,none,3,True,0.75,0.6090909090909091,1.0239001512527466,134,220,220
scale_curve,syn_03,Harris,none,3,True,1.0,0.6772727272727272,0.615203857421875,149,220,220
scale_curve,syn_03,Harris,none,3,True,1.25,0.6681818181818182,0.7034948468208313,147,220,220
scale_curve,syn_03,Shi-Tomasi,none,3,True,0.5,0.6196319018404908,1.3222072124481201,101,220,163
scale_curve,syn_03,Shi-Tomasi,none,3,True,0.75,0.6863636363636364,1.0715566873550415,151,220,220
scale_curve,syn_03,Shi-Tomasi,none,3,True,1.0,0.6818181818181818,0.8671824038028717,150,220,220
scale_curve,syn_03,Shi-Tomasi,none,3,True,1.25,0.6681818181818182,0.8775776028633118,147,220,220
scale_curve,syn_03,SIFT,none,3,True,0.5,0.31336405529953915,0.5852797329425812,68,220,217
scale_curve,syn_03,SIFT,none,3,True,0.75,0.39545454545454545,0.6180752515792847,87,220,220
scale_curve,syn_03,SIFT,none,3,True,1.0,0.45454545454545453,0.47289322316646576,100,220,220
scale_curve,syn_03,SIFT,none,3,True,1.25,0.43636363636363634,0.5648098289966583,96,220,220
scale_curve,syn_03,Sobel,ideal_lowpass,3,True,0.5,0.19047619047619047,3.909139633178711,20,220,105
scale_curve,syn_03,Sobel,ideal_lowpass,3,True,0.75,0.3456221198156682,2.9120736122131348,75,220,217
scale_curve,syn_03,Sobel,ideal_lowpass,3,True,1.0,0.42727272727272725,1.7199699878692627,94,220,220
scale_curve,syn_03,Sobel,ideal_lowpass,3,True,1.25,0.45454545454545453,2.0291131734848022,100,220,220
scale_curve,syn_03,LoG,ideal_lowpass,3,True,0.5,0.22058823529411764,2.6865724325180054,30,220,136
scale_curve,syn_03,LoG,ideal_lowpass,3,True,0.75,0.30952380952380953,2.2745277881622314,65,220,210
scale_curve,syn_03,LoG,ideal_lowpass,3,True,1.0,0.4636363636363636,2.135752558708191,102,220,220
scale_curve,syn_03,LoG,ideal_lowpass,3,True,1.25,0.42727272727272725,1.738915503025055,94,220,220
scale_curve,syn_03,Harris,ideal_lowpass,3,True,0.5,0.3,2.841350793838501,66,220,220
scale_curve,syn_03,Harris,ideal_lowpass,3,True,0.75,0.4318181818181818,2.375098943710327,95,220,220
scale_curve,syn_03,Harris,ideal_lowpass,3,True,1.0,0.5272727272727272,1.9628728032112122,116,220,220
scale_curve,syn_03,Harris,ideal_lowpass,3,True,1.25,0.6136363636363636,1.215496301651001,135,220,220
scale_curve,syn_03,Shi-Tomasi,ideal_lowpass,3,True,0.5,0.3192771084337349,2.732732057571411,53,220,166
scale_curve,syn_03,Shi-Tomasi,ideal_lowpass,3,True,0.75,0.44545454545454544,2.3015334606170654,98,220,220
scale_curve,syn_03,Shi-Tomasi,ideal_lowpass,3,True,1.0,0.5681818181818182,1.8923388719558716,125,220,220
scale_curve,syn_03,Shi-Tomasi,ideal_lowpass,3,True,1.25,0.65,1.3061739206314087,143,220,220
scale_curve,syn_03,SIFT,ideal_lowpass,3,True,0.5,0.35909090909090907,1.4330190420150757,79,220,220
scale_curve,syn_03,SIFT,ideal_lowpass,3,True,0.75,0.40454545454545454,1.5044022798538208,89,220,220
scale_curve,syn_03,SIFT,ideal_lowpass,3,True,1.0,0.5636363636363636,0.882245659828186,124,220,220
scale_curve,syn_03,SIFT,ideal_lowpass,3,True,1.25,0.5636363636363636,0.7294411063194275,124,220,220
scale_curve,syn_03,Sobel,gaussian_lowpass,3,True,0.5,0.504950495049505,1.8434756994247437,51,220,101
scale_curve,syn_03,Sobel,gaussian_lowpass,3,True,0.75,0.3711340206185567,1.252414584159851,72,220,194
scale_curve,syn_03,Sobel,gaussian_lowpass,3,True,1.0,0.4,1.4818214178085327,88,220,220
scale_curve,syn_03,Sobel,gaussian_lowpass,3,True,1.25,0.2863636363636364,1.2982690334320068,63,220,220
scale_curve,syn_03,LoG,gaussian_lowpass,3,True,0.5,0.41911764705882354,1.5232120752334595,57,220,136
scale_curve,syn_03,LoG,gaussian_lowpass,3,True,0.75,0.41363636363636364,1.5452178716659546,91,220,220
scale_curve,syn_03,LoG,gaussian_lowpass,3,True,1.0,0.41363636363636364,1.648869276046753,91,220,220
scale_curve,syn_03,LoG,gaussian_lowpass,3,True,1.25,0.36818181818181817,1.5266324281692505,81,220,220
scale_curve,syn_03,Harris,gaussian_lowpass,3,True,0.5,0.4787234042553192,1.9731464982032776,90,220,188
scale_curve,syn_03,Harris,gaussian_lowpass,3,True,0.75,0.6818181818181818,1.7194697260856628,150,220,220
scale_curve,syn_03,Harris,gaussian_lowpass,3,True,1.0,0.7681818181818182,0.9376679062843323,169,220,220
scale_curve,syn_03,Harris,gaussian_lowpass,3,True,1.25,0.7727272727272727,0.7792931795120239,170,220,220
scale_curve,syn_03,Shi-Tomasi,gaussian_lowpass,3,True,0.5,0.5251798561151079,1.7668811082839966,73,220,139
scale_curve,syn_03,Shi-Tomasi,gaussian_lowpass,3,True,0.75,0.6227272727272727,1.6370549201965332,137,220,220
scale_curve,syn_03,Shi-Tomasi,gaussian_lowpass,3,True,1.0,0.7636363636363637,0.9674363136291504,168,220,220
scale_curve,syn_03,Shi-Tomasi,gaussian_lowpass,3,True,1.25,0.8090909090909091,0.7572055757045746,178,220,220
scale_curve,syn_03,SIFT,gaussian_lowpass,3,True,0.5,0.5772727272727273,1.0798146724700928,127,220,220
scale_curve,syn_03,SIFT,gaussian_lowpass,3,True,0.75,0.6863636363636364,0.879770815372467,151,220,220
scale_curve,syn_03,SIFT,gaussian_lowpass,3,True,1.0,0.759090909090909,0.44660326838493347,167,220,220
scale_curve,syn_03,SIFT,gaussian_lowpass,3,True,1.25,0.7772727272727272,0.37003958225250244,171,220,220
scale_curve,syn_03,Sobel,ideal_highpass,3,True,0.5,0.12727272727272726,3.345494508743286,28,220,220
scale_curve,syn_03,Sobel,ideal_highpass,3,True,0.75,0.2727272727272727,3.5835394859313965,60,220,220
scale_curve,syn_03,Sobel,ideal_highpass,3,True,1.0,0.35,2.9341559410095215,77,220,220
scale_curve,syn_03,Sobel,ideal_highpass,3,True,1.25,0.34545454545454546,2.6507498025894165,76,220,220
scale_curve,syn_03,LoG,ideal_highpass,3,True,0.5,0.15454545454545454,3.4214441776275635,34,220,220
scale_curve,syn_03,LoG,ideal_highpass,3,True,0.75,0.2545454545454545,2.35692298412323,56,220,220
scale_curve,syn_03,LoG,ideal_highpass,3,True,1.0,0.37727272727272726,1.058188557624817,83,220,220
scale_curve,syn_03,LoG,ideal_highpass,3,True,1.25,0.5727272727272728,0.6886016726493835,126,220,220
scale_curve,syn_03,Harris,ideal_highpass,3,True,0.5,0.47549019607843135,2.019224166870117,97,220,204
scale_curve,syn_03,Harris,ideal_highpass,3,True,0.75,0.5818181818181818,1.4735397100448608,128,220,220
scale_curve,syn_03,Harris,ideal_highpass,3,True,1.0,0.7136363636363636,1.0266225337982178,157,220,220
scale_curve,syn_03,Harris,ideal_highpass,3,True,1.25,0.6363636363636364,1.1215835213661194,140,220,220
scale_curve,syn_03,Shi-Tomasi,ideal_highpass,3,True,0.5,0.5796178343949044,2.016620635986328,91,220,157
scale_curve,syn_03,Shi-Tomasi,ideal_highpass,3,True,0.75,0.5863636363636363,1.6800403594970703,129,220,220
scale_curve,syn_03,Shi-Tomasi,ideal_highpass,3,True,1.0,0.6681818181818182,1.6007965803146362,147,220,220
scale_curve,syn_03,Shi-Tomasi,ideal_highpass,3,True,1.25,0.7,1.119865894317627,154,220,220
scale_curve,syn_03,SIFT,ideal_highpass,3,True,0.5,0.33181818181818185,1.8741358518600464,73,220,220
scale_curve,syn_03,SIFT,ideal_highpass,3,True,0.75,0.39090909090909093,1.853716254234314,86,220,220
scale_curve,syn_03,SIFT,ideal_highpass,3,True,1.0,0.509090909090909,1.733873426914215,112,220,220
scale_curve,syn_03,SIFT,ideal_highpass,3,True,1.25,0.5772727272727273,1.0584584474563599,127,220,220
scale_curve,syn_03,Sobel,gaussian_highpass,3,True,0.5,0.20588235294117646,3.2751717567443848,35,220,170
scale_curve,syn_03,Sobel,gaussian_highpass,3,True,0.75,0.2545454545454545,2.333443522453308,56,220,220
scale_curve,syn_03,Sobel,gaussian_highpass,3,True,1.0,0.33181818181818185,1.850611686706543,73,220,220
scale_curve,syn_03,Sobel,gaussian_highpass,3,True,1.25,0.29545454545454547,2.010077953338623,65,220,220
scale_curve,syn_03,LoG,gaussian_highpass,3,True,0.5,0.1,3.7550543546676636,22,220,220
scale_curve,syn_03,LoG,gaussian_highpass,3,True,0.75,0.20909090909090908,2.179762601852417,46,220,220
scale_curve,syn_03,LoG,gaussian_highpass,3,True,1.0,0.39545454545454545,0.7900553345680237,87,220,220
scale_curve,syn_03,LoG,gaussian_highpass,3,True,1.25,0.4590909090909091,0.6224663853645325,101,220,220
scale_curve,syn_03,Harris,gaussian_highpass,3,True,0.5,0.4057971014492754,2.0966910123825073,84,220,207
scale_curve,syn_03,Harris,gaussian_highpass,3,True,0.75,0.5454545454545454,1.3959949016571045,120,220,220
scale_curve,syn_03,Harris,gaussian_highpass,3,True,1.0,0.6181818181818182,1.0877344012260437,136,220,220
scale_curve,syn_03,Harris,gaussian_highpass,3,True,1.25,0.6363636363636364,0.8274500966072083,140,220,220
scale_curve,syn_03,Shi-Tomasi,gaussian_highpass,3,True,0.5,0.5705128205128205,1.8256739377975464,89,220,156
scale_curve,syn_03,Shi-Tomasi,gaussian_highpass,3,True,0.75,0.5727272727272728,1.7892805933952332,126,220,220
scale_curve,syn_03,Shi-Tomasi,gaussian_highpass,3,True,1.0,0.6727272727272727,1.205272138118744,148,220,220
scale_curve,syn_03,Shi-Tomasi,gaussian_highpass,3,True,1.25,0.6590909090909091,1.065895676612854,145,220,220
scale_curve,syn_03,SIFT,gaussian_highpass,3,True,0.5,0.2727272727272727,2.102542996406555,60,220,220
scale_curve,syn_03,SIFT,gaussian_highpass,3,True,0.75,0.39090909090909093,1.1510836482048035,86,220,220
scale_curve,syn_03,SIFT,gaussian_highpass,3,True,1.0,0.5272727272727272,0.7600386440753937,116,220,220
scale_curve,syn_03,SIFT,gaussian_highpass,3,True,1.25,0.5590909090909091,0.8054893016815186,123,220,220
scale_curve,syn_04,Sobel,none,3,True,0.5,0.11818181818181818,1.9204583168029785,26,220,220
scale_curve,syn_04,Sobel,none,3,True,0.75,0.09545454545454546,2.3885271549224854,21,220,220
scale_curve,syn_04,Sobel,none,3,True,1.0,0.08636363636363636,2.146296501159668,19,220,220
scale_curve,syn_04,Sobel,none,3,True,1.25,0.05909090909090909,2.247225761413574,13,220,220
scale_curve,syn_04,LoG,none,3,True,0.5,0.08636363636363636,2.0574448108673096,19,220,220
scale_curve,syn_04,LoG,none,3,True,0.75,0.10909090909090909,1.046705722808838,24,220,220
scale_curve,syn_04,LoG,none,3,True,1.0,0.29545454545454547,0.8453409671783447,65,220,220
scale_curve,syn_04,LoG,none,3,True,1.25,0.37727272727272726,0.9388607740402222,83,220,220
scale_curve,syn_04,Harris,none,3,True,0.5,0.5136363636363637,1.4287288188934326,113,220,220
scale_curve,syn_04,Harris,none,3,True,0.75,0.6818181818181818,1.0386033654212952,150,220,220
scale_curve,syn_04,Harris,none,3,True,1.0,0.7045454545454546,0.8728578686714172,155,220,220
scale_curve,syn_04,Harris,none,3,True,1.25,0.7045454545454546,0.9074780344963074,155,220,220
scale_curve,syn_04,Shi-Tomasi,none,3,True,0.5,0.5990566037735849,1.1610050201416016,127,220,212
scale_curve,syn_04,Shi-Tomasi,none,3,True,0.75,0.7136363636363636,1.069446086883545,157,220,220
scale_curve,syn_04,Shi-Tomasi,none,3,True,1.0,0.7545454545454545,0.8882051408290863,166,220,220
scale_curve,syn_04,Shi-Tomasi,none,3,True,1.25,0.7363636363636363,1.0317374467849731,162,220,220
scale_curve,syn_04,SIFT,none,3,True,0.5,0.40454545454545454,0.6831257343292236,89,220,220
scale_curve,syn_04,SIFT,none,3,True,0.75,0.4954545454545455,0.900060772895813,109,220,220
scale_curve,syn_04,SIFT,none,3,True,1.0,0.509090909090909,0.5989250540733337,112,220,220
scale_curve,syn_04,SIFT,none,3,True,1.25,0.5318181818181819,0.6743530631065369,117,220,220
scale_curve,syn_04,Sobel,ideal_lowpass,3,True,0.5,0.3893129770992366,3.408651351928711,51,220,131
scale_curve,syn_04,Sobel,ideal_lowpass,3,True,0.75,0.5318181818181819,2.3715546131134033,117,220,220
scale_curve,syn_04,Sobel,ideal_lowpass,3,True,1.0,0.6545454545454545,1.6516336798667908,144,220,220
scale_curve,syn_04,Sobel,ideal_lowpass,3,True,1.25,0.5818181818181818,2.4339613914489746,128,220,220
scale_curve,syn_04,LoG,ideal_lowpass,3,True,0.5,0.3348623853211009,2.530463695526123,73,220,218
scale_curve,syn_04,LoG,ideal_lowpass,3,True,0.75,0.4590909090909091,2.5331265926361084,101,220,220
scale_curve,syn_04,LoG,ideal_lowpass,3,True,1.0,0.5818181818181818,1.0806238055229187,128,220,220
scale_curve,syn_04,LoG,ideal_lowpass,3,True,1.25,0.5227272727272727,2.0698039531707764,115,220,220
scale_curve,syn_04,Harris,ideal_lowpass,3,True,0.5,0.4409090909090909,2.3386244773864746,97,220,220
scale_curve,syn_04,Harris,ideal_lowpass,3,True,0.75,0.5045454545454545,2.3666110038757324,111,220,220
scale_curve,syn_04,Harris,ideal_lowpass,3,True,1.0,0.7136363636363636,1.2056294679641724,157,220,220
scale_curve,syn_04,Harris,ideal_lowpass,3,True,1.25,0.5136363636363637,1.8159453868865967,113,220,220
scale_curve,syn_04,Shi-Tomasi,ideal_lowpass,3,True,0.5,0.4212962962962963,2.11792254447937,91,220,216
scale_curve,syn_04,Shi-Tomasi,ideal_lowpass,3,True,0.75,0.5,2.342274308204651,110,220,220
scale_curve,syn_04,Shi-Tomasi,ideal_lowpass,3,True,1.0,0.7227272727272728,1.2548038959503174,159,220,220
scale_curve,syn_04,Shi-Tomasi,ideal_lowpass,3,True,1.25,0.5681818181818182,1.5848870277404785,125,220,220
scale_curve,syn_04,SIFT,ideal_lowpass,3,True,0.5,0.4318181818181818,1.3891674280166626,95,220,220
scale_curve,syn_04,SIFT,ideal_lowpass,3,True,0.75,0.4954545454545455,1.1882736682891846,109,220,220
scale_curve,syn_04,SIFT,ideal_lowpass,3,True,1.0,0.6090909090909091,0.5666178464889526,134,220,220
scale_curve,syn_04,SIFT,ideal_lowpass,3,True,1.25,0.5227272727272727,1.0918805599212646,115,220,220
scale_curve,syn_04,Sobel,gaussian_lowpass,3,True,0.5,0.5217391304347826,1.5521913170814514,84,220,161
scale_curve,syn_04,Sobel,gaussian_lowpass,3,True,0.75,0.41363636363636364,1.406613826751709,91,220,220
scale_curve,syn_04,Sobel,gaussian_lowpass,3,True,1.0,0.4590909090909091,1.2063827514648438,101,220,220
scale_curve,syn_04,Sobel,gaussian_lowpass,3,True,1.25,0.45,1.400955080986023,99,220,220
scale_curve,syn_04,LoG,gaussian_lowpass,3,True,0.5,0.4318181818181818,1.5703394412994385,95,220,220
scale_curve,syn_04,LoG,gaussian_lowpass,3,True,0.75,0.5045454545454545,1.4300739765167236,111,220,220
scale_curve,syn_04,LoG,gaussian_lowpass,3,True,1.0,0.5818181818181818,1.588581383228302,128,220,220
scale_curve,syn_04,LoG,gaussian_lowpass,3,True,1.25,0.6227272727272727,1.4482760429382324,137,220,220
scale_curve,syn_04,Harris,gaussian_lowpass,3,True,0.5,0.5769230769230769,2.0801223516464233,120,220,208
scale_curve,syn_04,Harris,gaussian_lowpass,3,True,0.75,0.7454545454545455,1.4841498136520386,164,220,220
scale_curve,syn_04,Harris,gaussian_lowpass,3,True,1.0,0.8363636363636363,0.7990727126598358,184,220,220
scale_curve,syn_04,Harris,gaussian_lowpass,3,True,1.25,0.8,0.6737355589866638,176,220,220
scale_curve,syn_04,Shi-Tomasi,gaussian_lowpass,3,True,0.5,0.5780346820809249,1.6813448071479797,100,220,173
scale_curve,syn_04,Shi-Tomasi,gaussian_lowpass,3,True,0.75,0.7181818181818181,1.4357238411903381,158,220,220
scale_curve,syn_04,Shi-Tomasi,gaussian_lowpass,3,True,1.0,0.85,0.9125080704689026,187,220,220
scale_curve,syn_04,Shi-Tomasi,gaussian_lowpass,3,True,1.25,0.75,0.8518124222755432,165,220,220
scale_curve,syn_04,SIFT,gaussian_lowpass,3,True,0.5,0.6590909090909091,0.7700455188751221,145,220,220
scale_curve,syn_04,SIFT,gaussian_lowpass,3,True,0.75,0.7454545454545455,0.6988297402858734,164,220,220
scale_curve,syn_04,SIFT,gaussian_lowpass,3,True,1.0,0.8363636363636363,0.3446706682443619,184,220,220
scale_curve,syn_04,SIFT,gaussian_lowpass,3,True,1.25,0.8090909090909091,0.3978820890188217,178,220,220
scale_curve,syn_04,Sobel,ideal_highpass,3,True,0.5,0.20454545454545456,3.6856517791748047,45,220,220
scale_curve,syn_04,Sobel,ideal_highpass,3,True,0.75,0.30454545454545456,3.508880615234375,67,220,220
scale_curve,syn_04,Sobel,ideal_highpass,3,True,1.0,0.4409090909090909,2.6263890266418457,97,220,220
scale_curve,syn_04,Sobel,ideal_highpass,3,True,1.25,0.4318181818181818,2.507936477661133,95,220,220
scale_curve,syn_04,LoG,ideal_highpass,3,True,0.5,0.17272727272727273,3.2755494117736816,38,220,220
scale_curve,syn_04,LoG,ideal_highpass,3,True,0.75,0.33181818181818185,1.8228179216384888,73,220,220
scale_curve,syn_04,LoG,ideal_highpass,3,True,1.0,0.5863636363636363,0.7805624604225159,129,220,220
scale_curve,syn_04,LoG,ideal_highpass,3,True,1.25,0.5,1.081752598285675,110,220,220
scale_curve,syn_04,Harris,ideal_highpass,3,True,0.5,0.5,1.784589946269989,110,220,220
scale_curve,syn_04,Harris,ideal_highpass,3,True,0.75,0.6181818181818182,1.511702835559845,136,220,220
scale_curve,syn_04,Harris,ideal_highpass,3,True,1.0,0.6818181818181818,1.288726270198822,150,220,220
scale_curve,syn_04,Harris,ideal_highpass,3,True,1.25,0.65,1.3422396183013916,143,220,220
scale_curve,syn_04,Shi-Tomasi,ideal_highpass,3,True,0.5,0.5561497326203209,1.7480005025863647,104,220,187
scale_curve,syn_04,Shi-Tomasi,ideal_highpass,3,True,0.75,0.65,1.7051762342453003,143,220,220
scale_curve,syn_04,Shi-Tomasi,ideal_highpass,3,True,1.0,0.6636363636363637,1.293947458267212,146,220,220
scale_curve,syn_04,Shi-Tomasi,ideal_highpass,3,True,1.25,0.6227272727272727,1.7612507343292236,137,220,220
scale_curve,syn_04,SIFT,ideal_highpass,3,True,0.5,0.35454545454545455,1.072771430015564,78,220,220
scale_curve,syn_04,SIFT,ideal_highpass,3,True,0.75,0.45454545454545453,1.547009289264679,100,220,220
scale_curve,syn_04,SIFT,ideal_highpass,3,True,1.0,0.5818181818181818,1.265661358833313,128,220,220
scale_curve,syn_04,SIFT,ideal_highpass,3,True,1.25,0.5363636363636364,1.018495261669159,118,220,220
scale_curve,syn_04,Sobel,gaussian_highpass,3,True,0.5,0.17272727272727273,2.9253156185150146,38,220,220
scale_curve,syn_04,Sobel,gaussian_highpass,3,True,0.75,0.21818181818181817,1.923740804195404,48,220,220
scale_curve,syn_04,Sobel,gaussian_highpass,3,True,1.0,0.37727272727272726,2.436715841293335,83,220,220
scale_curve,syn_04,Sobel,gaussian_highpass,3,True,1.25,0.39090909090909093,2.643623948097229,86,220,220
scale_curve,syn_04,LoG,gaussian_highpass,3,True,0.5,0.12727272727272726,1.647523581981659,28,220,220
scale_curve,syn_04,LoG,gaussian_highpass,3,True,0.75,0.35909090909090907,1.236363410949707,79,220,220
scale_curve,syn_04,LoG,gaussian_highpass,3,True,1.0,0.6318181818181818,0.7990420460700989,139,220,220
scale_curve,syn_04,LoG,gaussian_highpass,3,True,1.25,0.5045454545454545,0.8177992105484009,111,220,220
scale_curve,syn_04,Harris,gaussian_highpass,3,True,0.5,0.4909090909090909,1.4904107451438904,108,220,220
scale_curve,syn_04,Harris,gaussian_highpass,3,True,0.75,0.6,1.2521615028381348,132,220,220
scale_curve,syn_04,Harris,gaussian_highpass,3,True,1.0,0.6454545454545455,0.9909084737300873,142,220,220
scale_curve,syn_04,Harris,gaussian_highpass,3,True,1.25,0.6590909090909091,1.0310243368148804,145,220,220
scale_curve,syn_04,Shi-Tomasi,gaussian_highpass,3,True,0.5,0.5297297297297298,1.7039466500282288,98,220,185
scale_curve,syn_04,Shi-Tomasi,gaussian_highpass,3,True,0.75,0.6363636363636364,1.5797887444496155,140,220,220
scale_curve,syn_04,Shi-Tomasi,gaussian_highpass,3,True,1.0,0.6363636363636364,1.012649416923523,140,220,220
scale_curve,syn_04,Shi-Tomasi,gaussian_highpass,3,True,1.25,0.6181818181818182,1.2629941701889038,136,220,220
scale_curve,syn_04,SIFT,gaussian_highpass,3,True,0.5,0.35454545454545455,1.3893238306045532,78,220,220
scale_curve,syn_04,SIFT,gaussian_highpass,3,True,0.75,0.5363636363636364,1.1851230263710022,118,220,220
scale_curve,syn_04,SIFT,gaussian_highpass,3,True,1.0,0.5727272727272728,1.123487949371338,126,220,220
scale_curve,syn_04,SIFT,gaussian_highpass,3,True,1.25,0.5727272727272728,0.9867835640907288,126,220,220
scale_curve,syn_05,Sobel,none,3,True,0.5,0.1865671641791045,1.6546140909194946,25,220,134
scale_curve,syn_05,Sobel,none,3,True,0.75,0.2772727272727273,2.5449845790863037,61,220,220
scale_curve,syn_05,Sobel,none,3,True,1.0,0.37272727272727274,2.3865848779678345,82,220,220
scale_curve,syn_05,Sobel,none,3,True,1.25,0.2590909090909091,2.313129186630249,57,220,220
scale_curve,syn_05,LoG,none,3,True,0.5,0.08181818181818182,2.1393415927886963,18,220,220
scale_curve,syn_05,LoG,none,3,True,0.75,0.2318181818181818,1.2056362628936768,51,220,220
scale_curve,syn_05,LoG,none,3,True,1.0,0.6772727272727272,0.5390335321426392,149,220,220
scale_curve,syn_05,LoG,none,3,True,1.25,0.6227272727272727,0.4687696099281311,137,220,220
scale_curve,syn_05,Harris,none,3,True,0.5,0.4318181818181818,1.481931209564209,95,220,220
scale_curve,syn_05,Harris,none,3,True,0.75,0.6363636363636364,0.9332980215549469,140,220,220
scale_curve,syn_05,Harris,none,3,True,1.0,0.7272727272727273,0.5315681099891663,160,220,220
scale_curve,syn_05,Harris,none,3,True,1.25,0.65,0.6884302496910095,143,220,220
scale_curve,syn_05,Shi-Tomasi,none,3,True,0.5,0.6020408163265306,1.3845794796943665,118,220,196
scale_curve,syn_05,Shi-Tomasi,none,3,True,0.75,0.6772727272727272,0.9658318161964417,149,220,220
scale_curve,syn_05,Shi-Tomasi,none,3,True,1.0,0.7818181818181819,0.592915415763855,172,220,220
scale_curve,syn_05,Shi-Tomasi,none,3,True,1.25,0.7272727272727273,0.6184093654155731,160,220,220
scale_curve,syn_05,SIFT,none,3,True,0.5,0.36818181818181817,0.48304814100265503,81,220,220
scale_curve,syn_05,SIFT,none,3,True,0.75,0.5136363636363637,0.40456581115722656,113,220,220
scale_curve,syn_05,SIFT,none,3,True,1.0,0.6863636363636364,0.2561236619949341,151,220,220
scale_curve,syn_05,SIFT,none,3,True,1.25,0.6318181818181818,0.47449883818626404,139,220,220
scale_curve,syn_05,Sobel,ideal_lowpass,3,True,0.5,0.21804511278195488,3.635468006134033,29,220,133
scale_curve,syn_05,Sobel,ideal_lowpass,3,True,0.75,0.4681818181818182,2.2666361331939697,103,220,220
scale_curve,syn_05,Sobel,ideal_lowpass,3,True,1.0,0.7227272727272728,0.9620365500450134,159,220,220
scale_curve,syn_05,Sobel,ideal_lowpass,3,True,1.25,0.4772727272727273,2.112445116043091,105,220,220
scale_curve,syn_05,LoG,ideal_lowpass,3,True,0.5,0.26785714285714285,3.427708387374878,45,220,168
scale_curve,syn_05,LoG,ideal_lowpass,3,True,0.75,0.38181818181818183,2.457859516143799,84,220,220
scale_curve,syn_05,LoG,ideal_lowpass,3,True,1.0,0.6545454545454545,1.1542227864265442,144,220,220
scale_curve,syn_05,LoG,ideal_lowpass,3,True,1.25,0.40454545454545454,1.8414242267608643,89,220,220
scale_curve,syn_05,Harris,ideal_lowpass,3,True,0.5,0.3944954128440367,1.949887752532959,86,220,218
scale_curve,syn_05,Harris,ideal_lowpass,3,True,0.75,0.4885844748858447,2.5516092777252197,107,220,219
scale_curve,syn_05,Harris,ideal_lowpass,3,True,1.0,0.8045454545454546,0.7792256474494934,177,220,220
scale_curve,syn_05,Harris,ideal_lowpass,3,True,1.25,0.5772727272727273,1.7526904344558716,127,220,220
scale_curve,syn_05,Shi-Tomasi,ideal_lowpass,3,True,0.5,0.4581005586592179,2.1045161485671997,82,220,179
scale_curve,syn_05,Shi-Tomasi,ideal_lowpass,3,True,0.75,0.5,2.5136847496032715,110,220,220
scale_curve,syn_05,Shi-Tomasi,ideal_lowpass,3,True,1.0,0.8,0.770913302898407,176,220,220
scale_curve,syn_05,Shi-Tomasi,ideal_lowpass,3,True,1.25,0.5545454545454546,1.7173290848731995,122,220,220
scale_curve,syn_05,SIFT,ideal_lowpass,3,True,0.5,0.5318181818181819,1.1333345174789429,117,220,220
scale_curve,syn_05,SIFT,ideal_lowpass,3,True,0.75,0.509090909090909,1.298203945159912,112,220,220
scale_curve,syn_05,SIFT,ideal_lowpass,3,True,1.0,0.7772727272727272,0.35688528418540955,171,220,220
scale_curve,syn_05,SIFT,ideal_lowpass,3,True,1.25,0.5863636363636363,0.9085934162139893,129,220,220
scale_curve,syn_05,Sobel,gaussian_lowpass,3,True,0.5,0.6356589147286822,1.39201158285141,82,220,129
scale_curve,syn_05,Sobel,gaussian_lowpass,3,True,0.75,0.4772727272727273,1.5201857089996338,84,220,176
scale_curve,syn_05,Sobel,gaussian_lowpass,3,True,1.0,0.42727272727272725,1.2899520993232727,94,220,220
scale_curve,syn_05,Sobel,gaussian_lowpass,3,True,1.25,0.30454545454545456,1.9076740741729736,67,220,220
scale_curve,syn_05,LoG,gaussian_lowpass,3,True,0.5,0.4433497536945813,1.3568583130836487,90,220,203
scale_curve,syn_05,LoG,gaussian_lowpass,3,True,0.75,0.33636363636363636,1.6768052577972412,74,220,220
scale_curve,syn_05,LoG,gaussian_lowpass,3,True,1.0,0.5727272727272728,1.4749146103858948,126,220,220
scale_curve,syn_05,LoG,gaussian_lowpass,3,True,1.25,0.4681818181818182,1.7157081365585327,103,220,220
scale_curve,syn_05,Harris,gaussian_lowpass,3,True,0.5,0.5169082125603864,2.019757032394409,107,220,207
scale_curve,syn_05,Harris,gaussian_lowpass,3,True,0.75,0.759090909090909,1.480981707572937,167,220,220
scale_curve,syn_05,Harris,gaussian_lowpass,3,True,1.0,0.8772727272727273,0.6349597573280334,193,220,220
scale_curve,syn_05,Harris,gaussian_lowpass,3,True,1.25,0.7818181818181819,0.6844690442085266,172,220,220
scale_curve,syn_05,Shi-Tomasi,gaussian_lowpass,3,True,0.5,0.5783132530120482,1.8550713062286377,96,220,166
scale_curve,syn_05,Shi-Tomasi,gaussian_lowpass,3,True,0.75,0.6818181818181818,1.5578938126564026,150,220,220
scale_curve,syn_05,Shi-Tomasi,gaussian_lowpass,3,True,1.0,0.8545454545454545,0.6866984665393829,188,220,220
scale_curve,syn_05,Shi-Tomasi,gaussian_lowpass,3,True,1.25,0.759090909090909,0.7906771302223206,167,220,220
scale_curve,syn_05,SIFT,gaussian_lowpass,3,True,0.5,0.6681818181818182,0.6690579056739807,147,220,220
scale_curve,syn_05,SIFT,gaussian_lowpass,3,True,0.75,0.7136363636363636,0.6188957095146179,157,220,220
scale_curve,syn_05,SIFT,gaussian_lowpass,3,True,1.0,0.8772727272727273,0.2293039709329605,193,220,220
scale_curve,syn_05,SIFT,gaussian_lowpass,3,True,1.25,0.7727272727272727,0.3582026809453964,170,220,220
scale_curve,syn_05,Sobel,ideal_highpass,3,True,0.5,0.14545454545454545,3.831684947013855,32,220,220
scale_curve,syn_05,Sobel,ideal_highpass,3,True,0.75,0.33636363636363636,3.4202892780303955,74,220,220
scale_curve,syn_05,Sobel,ideal_highpass,3,True,1.0,0.6318181818181818,1.0777699947357178,139,220,220
scale_curve,syn_05,Sobel,ideal_highpass,3,True,1.25,0.5272727272727272,1.9720947742462158,116,220,220
scale_curve,syn_05,LoG,ideal_highpass,3,True,0.5,0.15,3.4192214012145996,33,220,220
scale_curve,syn_05,LoG,ideal_highpass,3,True,0.75,0.29545454545454547,1.6492513418197632,65,220,220
scale_curve,syn_05,LoG,ideal_highpass,3,True,1.0,0.7181818181818181,0.5106873214244843,158,220,220
scale_curve,syn_05,LoG,ideal_highpass,3,True,1.25,0.5363636363636364,0.6895162165164948,118,220,220
scale_curve,syn_05,Harris,ideal_highpass,3,True,0.5,0.5045454545454545,1.4963089227676392,111,220,220
scale_curve,syn_05,Harris,ideal_highpass,3,True,0.75,0.6272727272727273,1.3421540260314941,138,220,220
scale_curve,syn_05,Harris,ideal_highpass,3,True,1.0,0.740909090909091,0.6281997561454773,163,220,220
scale_curve,syn_05,Harris,ideal_highpass,3,True,1.25,0.7,0.7732493579387665,154,220,220
scale_curve,syn_05,Shi-Tomasi,ideal_highpass,3,True,0.5,0.6243093922651933,1.8858213424682617,113,220,181
scale_curve,syn_05,Shi-Tomasi,ideal_highpass,3,True,0.75,0.7,1.362353265285492,154,220,220
scale_curve,syn_05,Shi-Tomasi,ideal_highpass,3,True,1.0,0.7727272727272727,0.882785826921463,170,220,220
scale_curve,syn_05,Shi-Tomasi,ideal_highpass,3,True,1.25,0.6863636363636364,0.877573549747467,151,220,220
scale_curve,syn_05,SIFT,ideal_highpass,3,True,0.5,0.35454545454545455,0.688515692949295,78,220,220
scale_curve,syn_05,SIFT,ideal_highpass,3,True,0.75,0.45454545454545453,0.8444958627223969,100,220,220
scale_curve,syn_05,SIFT,ideal_highpass,3,True,1.0,0.6545454545454545,0.33024224638938904,144,220,220
scale_curve,syn_05,SIFT,ideal_highpass,3,True,1.25,0.55,0.4212400019168854,121,220,220
scale_curve,syn_05,Sobel,gaussian_highpass,3,True,0.5,0.17708333333333334,3.409716486930847,34,220,192
scale_curve,syn_05,Sobel,gaussian_highpass,3,True,0.75,0.3409090909090909,2.6058146953582764,75,220,220
scale_curve,syn_05,Sobel,gaussian_highpass,3,True,1.0,0.5681818181818182,1.3555915355682373,125,220,220
scale_curve,syn_05,Sobel,gaussian_highpass,3,True,1.25,0.4954545454545455,1.8257291316986084,109,220,220
scale_curve,syn_05,LoG,gaussian_highpass,3,True,0.5,0.13636363636363635,2.1591018438339233,30,220,220
scale_curve,syn_05,LoG,gaussian_highpass,3,True,0.75,0.30454545454545456,1.2755175828933716,67,220,220
scale_curve,syn_05,LoG,gaussian_highpass,3,True,1.0,0.7363636363636363,0.4948709160089493,162,220,220
scale_curve,syn_05,LoG,gaussian_highpass,3,True,1.25,0.6045454545454545,0.7337202429771423,133,220,220
scale_curve,syn_05,Harris,gaussian_highpass,3,True,0.5,0.41818181818181815,1.768184244632721,92,220,220
scale_curve,syn_05,Harris,gaussian_highpass,3,True,0.75,0.5636363636363636,1.3430489301681519,124,220,220
scale_curve,syn_05,Harris,gaussian_highpass,3,True,1.0,0.6772727272727272,0.5561826825141907,149,220,220
scale_curve,syn_05,Harris,gaussian_highpass,3,True,1.25,0.6363636363636364,0.697660893201828,140,220,220
scale_curve,syn_05,Shi-Tomasi,gaussian_highpass,3,True,0.5,0.559322033898305,1.620041012763977,99,220,177
scale_curve,syn_05,Shi-Tomasi,gaussian_highpass,3,True,0.75,0.6590909090909091,1.2325488328933716,145,220,220
scale_curve,syn_05,Shi-Tomasi,gaussian_highpass,3,True,1.0,0.8045454545454546,0.626361608505249,177,220,220
scale_curve,syn_05,Shi-Tomasi,gaussian_highpass,3,True,1.25,0.6727272727272727,0.834650456905365,148,220,220
scale_curve,syn_05,SIFT,gaussian_highpass,3,True,0.5,0.35,1.3484642505645752,77,220,220
scale_curve,syn_05,SIFT,gaussian_highpass,3,True,0.75,0.42727272727272725,0.5737517476081848,94,220,220
scale_curve,syn_05,SIFT,gaussian_highpass,3,True,1.0,0.6318181818181818,0.2906216084957123,139,220,220
scale_curve,syn_05,SIFT,gaussian_highpass,3,True,1.25,0.6136363636363636,0.42677170038223267,135,220,220
scale_curve,syn_06,Sobel,none,3,True,0.5,0.08391608391608392,2.8404541015625,12,220,143
scale_curve,syn_06,Sobel,none,3,True,0.75,0.08181818181818182,2.7568740844726562,18,220,220
scale_curve,syn_06,Sobel,none,3,True,1.0,0.06363636363636363,2.1009888648986816,14,220,220
scale_curve,syn_06,Sobel,none,3,True,1.25,0.05909090909090909,1.5613654851913452,13,220,220
scale_curve,syn_06,LoG,none,3,True,0.5,0.06818181818181818,1.8942536115646362,15,220,220
scale_curve,syn_06,LoG,none,3,True,0.75,0.05909090909090909,1.233518362045288,13,220,220
scale_curve,syn_06,LoG,none,3,True,1.0,0.03636363636363636,0.7724608480930328,8,220,220
scale_curve,syn_06,LoG,none,3,True,1.25,0.03636363636363636,1.4221470355987549,8,220,220
scale_curve,syn_06,Harris,none,3,True,0.5,0.46153846153846156,1.9414877891540527,90,220,195
scale_curve,syn_06,Harris,none,3,True,0.75,0.5590909090909091,1.7775380611419678,123,220,220
scale_curve,syn_06,Harris,none,3,True,1.0,0.5636363636363636,1.8903239369392395,124,220,220
scale_curve,syn_06,Harris,none,3,True,1.25,0.5409090909090909,1.8686010837554932,119,220,220
scale_curve,syn_06,Shi-Tomasi,none,3,True,0.5,0.5508982035928144,1.9116452932357788,92,220,167
scale_curve,syn_06,Shi-Tomasi,none,3,True,0.75,0.5772727272727273,1.7637277841567993,127,220,220
scale_curve,syn_06,Shi-Tomasi,none,3,True,1.0,0.6318181818181818,1.670605182647705,139,220,220
scale_curve,syn_06,Shi-Tomasi,none,3,True,1.25,0.6181818181818182,1.9739943146705627,136,220,220
scale_curve,syn_06,SIFT,none,3,True,0.5,0.3181818181818182,1.3547189831733704,70,220,220
scale_curve,syn_06,SIFT,none,3,True,0.75,0.40454545454545454,1.4758331775665283,89,220,220
scale_curve,syn_06,SIFT,none,3,True,1.0,0.37727272727272726,1.2984498739242554,83,220,220
scale_curve,syn_06,SIFT,none,3,True,1.25,0.39545454545454545,1.357021450996399,87,220,220
scale_curve,syn_06,Sobel,ideal_lowpass,3,True,0.5,0.34615384615384615,2.989919900894165,27,220,78
scale_curve,syn_06,Sobel,ideal_lowpass,3,True,0.75,0.2751322751322751,2.619171619415283,52,220,189
scale_curve,syn_06,Sobel,ideal_lowpass,3,True,1.0,0.3409090909090909,2.1810004711151123,75,220,220
scale_curve,syn_06,Sobel,ideal_lowpass,3,True,1.25,0.35,1.2133442163467407,77,220,220
scale_curve,syn_06,LoG,ideal_lowpass,3,True,0.5,0.3235294117647059,3.266430139541626,33,220,102
scale_curve,syn_06,LoG,ideal_lowpass,3,True,0.75,0.42473118279569894,2.7098541259765625,79,220,186
scale_curve,syn_06,LoG,ideal_lowpass,3,True,1.0,0.42660550458715596,2.7040674686431885,93,220,218
scale_curve,syn_06,LoG,ideal_lowpass,3,True,1.25,0.4931506849315068,1.4347643852233887,108,220,219
scale_curve,syn_06,Harris,ideal_lowpass,3,True,0.5,0.2962962962962963,2.656185746192932,64,220,216
scale_curve,syn_06,Harris,ideal_lowpass,3,True,0.75,0.43119266055045874,2.3852511644363403,94,220,218
scale_curve,syn_06,Harris,ideal_lowpass,3,True,1.0,0.4863636363636364,2.4587414264678955,107,220,220
scale_curve,syn_06,Harris,ideal_lowpass,3,True,1.25,0.6590909090909091,1.363623857498169,145,220,220
scale_curve,syn_06,Shi-Tomasi,ideal_lowpass,3,True,0.5,0.2896551724137931,2.845548391342163,42,220,145
scale_curve,syn_06,Shi-Tomasi,ideal_lowpass,3,True,0.75,0.40825688073394495,2.0213236808776855,89,220,218
scale_curve,syn_06,Shi-Tomasi,ideal_lowpass,3,True,1.0,0.4818181818181818,1.9110646843910217,106,220,220
scale_curve,syn_06,Shi-Tomasi,ideal_lowpass,3,True,1.25,0.6681818181818182,1.187825322151184,147,220,220
scale_curve,syn_06,SIFT,ideal_lowpass,3,True,0.5,0.35454545454545455,2.164114832878113,78,220,220
scale_curve,syn_06,SIFT,ideal_lowpass,3,True,0.75,0.4318181818181818,1.4895023107528687,95,220,220
scale_curve,syn_06,SIFT,ideal_lowpass,3,True,1.0,0.5227272727272727,1.3891295194625854,115,220,220
scale_curve,syn_06,SIFT,ideal_lowpass,3,True,1.25,0.5636363636363636,0.7971813976764679,124,220,220
scale_curve,syn_06,Sobel,gaussian_lowpass,3,True,0.5,0.43529411764705883,1.32369863986969,37,220,85
scale_curve,syn_06,Sobel,gaussian_lowpass,3,True,0.75,0.2702702702702703,1.1645196676254272,50,220,185
scale_curve,syn_06,Sobel,gaussian_lowpass,3,True,1.0,0.21818181818181817,1.5075880885124207,48,220,220
scale_curve,syn_06,Sobel,gaussian_lowpass,3,True,1.25,0.18636363636363637,1.7262113094329834,41,220,220
scale_curve,syn_06,LoG,gaussian_lowpass,3,True,0.5,0.35714285714285715,1.5897072553634644,45,220,126
scale_curve,syn_06,LoG,gaussian_lowpass,3,True,0.75,0.36363636363636365,1.437943935394287,80,220,220
scale_curve,syn_06,LoG,gaussian_lowpass,3,True,1.0,0.3090909090909091,1.6177030205726624,68,220,220
scale_curve,syn_06,LoG,gaussian_lowpass,3,True,1.25,0.2694300518134715,1.6716629266738892,52,220,193
scale_curve,syn_06,Harris,gaussian_lowpass,3,True,0.5,0.425531914893617,1.9719671607017517,80,220,188
scale_curve,syn_06,Harris,gaussian_lowpass,3,True,0.75,0.5954545454545455,2.085905075073242,131,220,220
scale_curve,syn_06,Harris,gaussian_lowpass,3,True,1.0,0.6681818181818182,1.8211872577667236,147,220,220
scale_curve,syn_06,Harris,gaussian_lowpass,3,True,1.25,0.6954545454545454,1.660230040550232,153,220,220
scale_curve,syn_06,Shi-Tomasi,gaussian_lowpass,3,True,0.5,0.4959349593495935,1.8984522819519043,61,220,123
scale_curve,syn_06,Shi-Tomasi,gaussian_lowpass,3,True,0.75,0.5818181818181818,2.249314546585083,128,220,220
scale_curve,syn_06,Shi-Tomasi,gaussian_lowpass,3,True,1.0,0.6363636363636364,1.9048871397972107,140,220,220
scale_curve,syn_06,Shi-Tomasi,gaussian_lowpass,3,True,1.25,0.7045454545454546,1.7582505941390991,155,220,220
scale_curve,syn_06,SIFT,gaussian_lowpass,3,True,0.5,0.5342465753424658,1.4297430515289307,117,220,219
scale_curve,syn_06,SIFT,gaussian_lowpass,3,True,0.75,0.6772727272727272,0.7882139086723328,149,220,220
scale_curve,syn_06,SIFT,gaussian_lowpass,3,True,1.0,0.6818181818181818,0.8218339383602142,150,220,220
scale_curve,syn_06,SIFT,gaussian_lowpass,3,True,1.25,0.7454545454545455,0.6400724351406097,164,220,220
scale_curve,syn_06,Sobel,ideal_highpass,3,True,0.5,0.08636363636363636,4.19494104385376,19,220,220
scale_curve,syn_06,Sobel,ideal_highpass,3,True,0.75,0.21818181818181817,3.6204417943954468,48,220,220
scale_curve,syn_06,Sobel,ideal_highpass,3,True,1.0,0.31363636363636366,3.250537872314453,69,220,220
scale_curve,syn_06,Sobel,ideal_highpass,3,True,1.25,0.3090909090909091,3.3152512311935425,68,220,220
scale_curve,syn_06,LoG,ideal_highpass,3,True,0.5,0.1318181818181818,2.8339173793792725,29,220,220
scale_curve,syn_06,LoG,ideal_highpass,3,True,0.75,0.17727272727272728,2.9810495376586914,39,220,220
scale_curve,syn_06,LoG,ideal_highpass,3,True,1.0,0.31363636363636366,2.223562479019165,69,220,220
scale_curve,syn_06,LoG,ideal_highpass,3,True,1.25,0.3287671232876712,1.665067970752716,72,220,219
scale_curve,syn_06,Harris,ideal_highpass,3,True,0.5,0.44642857142857145,2.0221216678619385,75,220,168
scale_curve,syn_06,Harris,ideal_highpass,3,True,0.75,0.5318181818181819,2.019430637359619,117,220,220
scale_curve,syn_06,Harris,ideal_highpass,3,True,1.0,0.45454545454545453,2.209936499595642,100,220,220
scale_curve,syn_06,Harris,ideal_highpass,3,True,1.25,0.2890995260663507,2.497135639190674,61,220,211
scale_curve,syn_06,Shi-Tomasi,ideal_highpass,3,True,0.5,0.5723270440251572,2.207681655883789,91,220,159
scale_curve,syn_06,Shi-Tomasi,ideal_highpass,3,True,0.75,0.5272727272727272,2.0324342250823975,116,220,220
scale_curve,syn_06,Shi-Tomasi,ideal_highpass,3,True,1.0,0.5681818181818182,2.533153772354126,125,220,220
scale_curve,syn_06,Shi-Tomasi,ideal_highpass,3,True,1.25,0.3333333333333333,2.3688483238220215,71,220,213
scale_curve,syn_06,SIFT,ideal_highpass,3,True,0.5,0.2772727272727273,1.4264181852340698,61,220,220
scale_curve,syn_06,SIFT,ideal_highpass,3,True,0.75,0.2909090909090909,2.289516568183899,64,220,220
scale_curve,syn_06,SIFT,ideal_highpass,3,True,1.0,0.38181818181818183,1.574361801147461,84,220,220
scale_curve,syn_06,SIFT,ideal_highpass,3,True,1.25,0.41818181818181815,1.8616734147071838,92,220,220
scale_curve,syn_06,Sobel,gaussian_highpass,3,True,0.5,0.12376237623762376,2.8480374813079834,25,220,202
scale_curve,syn_06,Sobel,gaussian_highpass,3,True,0.75,0.16363636363636364,2.694487452507019,36,220,220
scale_curve,syn_06,Sobel,gaussian_highpass,3,True,1.0,0.21818181818181817,3.0123324394226074,48,220,220
scale_curve,syn_06,Sobel,gaussian_highpass,3,True,1.25,0.1409090909090909,2.844024658203125,31,220,220
scale_curve,syn_06,LoG,gaussian_highpass,3,True,0.5,0.08636363636363636,3.2557389736175537,19,220,220
scale_curve,syn_06,LoG,gaussian_highpass,3,True,0.75,0.10454545454545454,2.583411931991577,23,220,220
scale_curve,syn_06,LoG,gaussian_highpass,3,True,1.0,0.25,2.239354372024536,55,220,220
scale_curve,syn_06,LoG,gaussian_highpass,3,True,1.25,0.30454545454545456,1.6826800107955933,67,220,220
scale_curve,syn_06,Harris,gaussian_highpass,3,True,0.5,0.4198895027624309,2.057093381881714,76,220,181
scale_curve,syn_06,Harris,gaussian_highpass,3,True,0.75,0.5272727272727272,1.7413192987442017,116,220,220
scale_curve,syn_06,Harris,gaussian_highpass,3,True,1.0,0.4090909090909091,1.9898439049720764,90,220,220
scale_curve,syn_06,Harris,gaussian_highpass,3,True,1.25,0.3013698630136986,2.1397323608398438,66,220,219
scale_curve,syn_06,Shi-Tomasi,gaussian_highpass,3,True,0.5,0.5822784810126582,2.6394153833389282,92,220,158
scale_curve,syn_06,Shi-Tomasi,gaussian_highpass,3,True,0.75,0.5409090909090909,1.944298267364502,119,220,220
scale_curve,syn_06,Shi-Tomasi,gaussian_highpass,3,True,1.0,0.5753424657534246,1.9607911109924316,126,220,219
scale_curve,syn_06,Shi-Tomasi,gaussian_highpass,3,True,1.25,0.4604651162790698,1.9640374183654785,99,220,215
scale_curve,syn_06,SIFT,gaussian_highpass,3,True,0.5,0.2545454545454545,2.149129867553711,56,220,220
scale_curve,syn_06,SIFT,gaussian_highpass,3,True,0.75,0.3181818181818182,1.8515841960906982,70,220,220
scale_curve,syn_06,SIFT,gaussian_highpass,3,True,1.0,0.38181818181818183,1.9491856694221497,84,220,220
scale_curve,syn_06,SIFT,gaussian_highpass,3,True,1.25,0.41363636363636364,1.3622604608535767,91,220,220
scale_curve,syn_07,Sobel,none,3,True,0.5,0.3333333333333333,1.9085254669189453,47,220,141
scale_curve,syn_07,Sobel,none,3,True,0.75,0.39090909090909093,2.3940106630325317,86,220,220
scale_curve,syn_07,Sobel,none,3,True,1.0,0.2909090909090909,2.3312209844589233,64,220,220
scale_curve,syn_07,Sobel,none,3,True,1.25,0.18181818181818182,2.475950002670288,40,220,220
scale_curve,syn_07,LoG,none,3,True,0.5,0.1409090909090909,1.8290458917617798,31,220,220
scale_curve,syn_07,LoG,none,3,True,0.75,0.32727272727272727,0.9001018702983856,72,220,220
scale_curve,syn_07,LoG,none,3,True,1.0,0.7272727272727273,0.5516303777694702,160,220,220
scale_curve,syn_07,LoG,none,3,True,1.25,0.5227272727272727,0.4583097994327545,115,220,220
scale_curve,syn_07,Harris,none,3,True,0.5,0.5454545454545454,1.4570041298866272,120,220,220
scale_curve,syn_07,Harris,none,3,True,0.75,0.7090909090909091,0.9132046401500702,156,220,220
scale_curve,syn_07,Harris,none,3,True,1.0,0.7681818181818182,0.6311913728713989,169,220,220
scale_curve,syn_07,Harris,none,3,True,1.25,0.6681818181818182,0.7536078691482544,147,220,220
scale_curve,syn_07,Shi-Tomasi,none,3,True,0.5,0.6368421052631579,1.1119650602340698,121,220,190
scale_curve,syn_07,Shi-Tomasi,none,3,True,0.75,0.7772727272727272,0.8288425207138062,171,220,220
scale_curve,syn_07,Shi-Tomasi,none,3,True,1.0,0.8,0.5305368602275848,176,220,220
scale_curve,syn_07,Shi-Tomasi,none,3,True,1.25,0.759090909090909,0.7996591925621033,167,220,220
scale_curve,syn_07,SIFT,none,3,True,0.5,0.3409090909090909,0.400572270154953,75,220,220
scale_curve,syn_07,SIFT,none,3,True,0.75,0.5454545454545454,0.3442883938550949,120,220,220
scale_curve,syn_07,SIFT,none,3,True,1.0,0.6681818181818182,0.2552149295806885,147,220,220
scale_curve,syn_07,SIFT,none,3,True,1.25,0.6181818181818182,0.44031861424446106,136,220,220
scale_curve,syn_07,Sobel,ideal_lowpass,3,True,0.5,0.38926174496644295,3.156471610069275,58,220,149
scale_curve,syn_07,Sobel,ideal_lowpass,3,True,0.75,0.509090909090909,2.166600823402405,112,220,220
scale_curve,syn_07,Sobel,ideal_lowpass,3,True,1.0,0.5909090909090909,1.466770589351654,130,220,220
scale_curve,syn_07,Sobel,ideal_lowpass,3,True,1.25,0.5181818181818182,2.3561770915985107,114,220,220
scale_curve,syn_07,LoG,ideal_lowpass,3,True,0.5,0.36507936507936506,1.957929015159607,69,220,189
scale_curve,syn_07,LoG,ideal_lowpass,3,True,0.75,0.37727272727272726,2.186073064804077,83,220,220
scale_curve,syn_07,LoG,ideal_lowpass,3,True,1.0,0.5272727272727272,1.2060583233833313,116,220,220
scale_curve,syn_07,LoG,ideal_lowpass,3,True,1.25,0.4727272727272727,1.9890228509902954,104,220,220
scale_curve,syn_07,Harris,ideal_lowpass,3,True,0.5,0.44545454545454544,2.3690320253372192,98,220,220
scale_curve,syn_07,Harris,ideal_lowpass,3,True,0.75,0.5363636363636364,2.1457637548446655,118,220,220
scale_curve,syn_07,Harris,ideal_lowpass,3,True,1.0,0.7318181818181818,1.0822938680648804,161,220,220
scale_curve,syn_07,Harris,ideal_lowpass,3,True,1.25,0.5318181818181819,2.099547863006592,117,220,220
scale_curve,syn_07,Shi-Tomasi,ideal_lowpass,3,True,0.5,0.457286432160804,1.947406530380249,91,220,199
scale_curve,syn_07,Shi-Tomasi,ideal_lowpass,3,True,0.75,0.5181818181818182,1.9103503227233887,114,220,220
scale_curve,syn_07,Shi-Tomasi,ideal_lowpass,3,True,1.0,0.7045454545454546,1.0684821605682373,155,220,220
scale_curve,syn_07,Shi-Tomasi,ideal_lowpass,3,True,1.25,0.55,1.8044227361679077,121,220,220
scale_curve,syn_07,SIFT,ideal_lowpass,3,True,0.5,0.45,1.5032501220703125,99,220,220
scale_curve,syn_07,SIFT,ideal_lowpass,3,True,0.75,0.5454545454545454,0.9995752573013306,120,220,220
scale_curve,syn_07,SIFT,ideal_lowpass,3,True,1.0,0.6409090909090909,0.6557556390762329,141,220,220
scale_curve,syn_07,SIFT,ideal_lowpass,3,True,1.25,0.4954545454545455,0.9703304171562195,109,220,220
scale_curve,syn_07,Sobel,gaussian_lowpass,3,True,0.5,0.6220472440944882,1.3525995016098022,79,220,127
scale_curve,syn_07,Sobel,gaussian_lowpass,3,True,0.75,0.42272727272727273,1.2728193998336792,93,220,220
scale_curve,syn_07,Sobel,gaussian_lowpass,3,True,1.0,0.34545454545454546,1.4987975358963013,76,220,220
scale_curve,syn_07,Sobel,gaussian_lowpass,3,True,1.25,0.42727272727272725,1.4631421566009521,94,220,220
scale_curve,syn_07,LoG,gaussian_lowpass,3,True,0.5,0.4852941176470588,1.4545921087265015,99,220,204
scale_curve,syn_07,LoG,gaussian_lowpass,3,True,0.75,0.509090909090909,1.4391111731529236,112,220,220
scale_curve,syn_07,LoG,gaussian_lowpass,3,True,1.0,0.5681818181818182,1.324798345565796,125,220,220
scale_curve,syn_07,LoG,gaussian_lowpass,3,True,1.25,0.5727272727272728,1.3349725604057312,126,220,220
scale_curve,syn_07,Harris,gaussian_lowpass,3,True,0.5,0.539906103286385,1.8087778091430664,115,220,213
scale_curve,syn_07,Harris,gaussian_lowpass,3,True,0.75,0.7727272727272727,1.2340316772460938,170,220,220
scale_curve,syn_07,Harris,gaussian_lowpass,3,True,1.0,0.8818181818181818,0.5914782881736755,194,220,220
scale_curve,syn_07,Harris,gaussian_lowpass,3,True,1.25,0.7363636363636363,0.8238399028778076,162,220,220
scale_curve,syn_07,Shi-Tomasi,gaussian_lowpass,3,True,0.5,0.6055555555555555,1.734265685081482,109,220,180
scale_curve,syn_07,Shi-Tomasi,gaussian_lowpass,3,True,0.75,0.7454545454545455,1.1957546472549438,164,220,220
scale_curve,syn_07,Shi-Tomasi,gaussian_lowpass,3,True,1.0,0.8454545454545455,0.6437216699123383,186,220,220
scale_curve,syn_07,Shi-Tomasi,gaussian_lowpass,3,True,1.25,0.6954545454545454,0.573620080947876,153,220,220
scale_curve,syn_07,SIFT,gaussian_lowpass,3,True,0.5,0.6363636363636364,0.8695426285266876,140,220,220
scale_curve,syn_07,SIFT,gaussian_lowpass,3,True,0.75,0.7363636363636363,0.5348732173442841,162,220,220
scale_curve,syn_07,SIFT,gaussian_lowpass,3,True,1.0,0.8363636363636363,0.2377563714981079,184,220,220
scale_curve,syn_07,SIFT,gaussian_lowpass,3,True,1.25,0.7681818181818182,0.4585729241371155,169,220,220
scale_curve,syn_07,Sobel,ideal_highpass,3,True,0.5,0.23636363636363636,3.7179418802261353,52,220,220
scale_curve,syn_07,Sobel,ideal_highpass,3,True,0.75,0.45,3.0759434700012207,99,220,220
scale_curve,syn_07,Sobel,ideal_highpass,3,True,1.0,0.6272727272727273,1.2925769090652466,138,220,220
scale_curve,syn_07,Sobel,ideal_highpass,3,True,1.25,0.4636363636363636,2.457665205001831,102,220,220
scale_curve,syn_07,LoG,ideal_highpass,3,True,0.5,0.18181818181818182,3.525847911834717,40,220,220
scale_curve,syn_07,LoG,ideal_highpass,3,True,0.75,0.42272727272727273,1.7480356693267822,93,220,220
scale_curve,syn_07,LoG,ideal_highpass,3,True,1.0,0.6909090909090909,0.5147025287151337,152,220,220
scale_curve,syn_07,LoG,ideal_highpass,3,True,1.25,0.5136363636363637,0.9067857265472412,113,220,220
scale_curve,syn_07,Harris,ideal_highpass,3,True,0.5,0.5045454545454545,1.453019142150879,111,220,220
scale_curve,syn_07,Harris,ideal_highpass,3,True,0.75,0.6954545454545454,1.1943919658660889,153,220,220
scale_curve,syn_07,Harris,ideal_highpass,3,True,1.0,0.7636363636363637,0.6092008650302887,168,220,220
scale_curve,syn_07,Harris,ideal_highpass,3,True,1.25,0.7136363636363636,0.9277596473693848,157,220,220
scale_curve,syn_07,Shi-Tomasi,ideal_highpass,3,True,0.5,0.6030927835051546,1.920519471168518,117,220,194
scale_curve,syn_07,Shi-Tomasi,ideal_highpass,3,True,0.75,0.7045454545454546,1.2441877126693726,155,220,220
scale_curve,syn_07,Shi-Tomasi,ideal_highpass,3,True,1.0,0.8,0.7050560712814331,176,220,220
scale_curve,syn_07,Shi-Tomasi,ideal_highpass,3,True,1.25,0.6727272727272727,0.9927135705947876,148,220,220
scale_curve,syn_07,SIFT,ideal_highpass,3,True,0.5,0.31363636363636366,0.8435371518135071,69,220,220
scale_curve,syn_07,SIFT,ideal_highpass,3,True,0.75,0.45,0.8617860078811646,99,220,220
scale_curve,syn_07,SIFT,ideal_highpass,3,True,1.0,0.6363636363636364,0.3796161562204361,140,220,220
scale_curve,syn_07,SIFT,ideal_highpass,3,True,1.25,0.5409090909090909,0.4585093855857849,119,220,220
scale_curve,syn_07,Sobel,gaussian_highpass,3,True,0.5,0.2717391304347826,2.8876938819885254,50,220,184
scale_curve,syn_07,Sobel,gaussian_highpass,3,True,0.75,0.4409090909090909,2.0077269077301025,97,220,220
scale_curve,syn_07,Sobel,gaussian_highpass,3,True,1.0,0.6181818181818182,1.2733126878738403,136,220,220
scale_curve,syn_07,Sobel,gaussian_highpass,3,True,1.25,0.4772727272727273,1.98566734790802,105,220,220
scale_curve,syn_07,LoG,gaussian_highpass,3,True,0.5,0.1318181818181818,2.768767833709717,29,220,220
scale_curve,syn_07,LoG,gaussian_highpass,3,True,0.75,0.36818181818181817,1.1883643865585327,81,220,220
scale_curve,syn_07,LoG,gaussian_highpass,3,True,1.0,0.6909090909090909,0.4737359583377838,152,220,220
scale_curve,syn_07,LoG,gaussian_highpass,3,True,1.25,0.509090909090909,0.740610271692276,112,220,220
scale_curve,syn_07,Harris,gaussian_highpass,3,True,0.5,0.4727272727272727,1.643772304058075,104,220,220
scale_curve,syn_07,Harris,gaussian_highpass,3,True,0.75,0.65,1.0034855604171753,143,220,220
scale_curve,syn_07,Harris,gaussian_highpass,3,True,1.0,0.7136363636363636,0.660626232624054,157,220,220
scale_curve,syn_07,Harris,gaussian_highpass,3,True,1.25,0.6909090909090909,0.7616277933120728,152,220,220
scale_curve,syn_07,Shi-Tomasi,gaussian_highpass,3,True,0.5,0.5869565217391305,1.6529881358146667,108,220,184
scale_curve,syn_07,Shi-Tomasi,gaussian_highpass,3,True,0.75,0.6636363636363637,1.0524980425834656,146,220,220
scale_curve,syn_07,Shi-Tomasi,gaussian_highpass,3,True,1.0,0.7636363636363637,0.6497175395488739,168,220,220
scale_curve,syn_07,Shi-Tomasi,gaussian_highpass,3,True,1.25,0.6727272727272727,0.842909574508667,148,220,220
scale_curve,syn_07,SIFT,gaussian_highpass,3,True,0.5,0.3181818181818182,1.306878924369812,70,220,220
scale_curve,syn_07,SIFT,gaussian_highpass,3,True,0.75,0.4727272727272727,0.6856479942798615,104,220,220
scale_curve,syn_07,SIFT,gaussian_highpass,3,True,1.0,0.6136363636363636,0.2871895730495453,135,220,220
scale_curve,syn_07,SIFT,gaussian_highpass,3,True,1.25,0.5681818181818182,0.41113314032554626,125,220,220
scale_curve,syn_08,Sobel,none,3,True,0.5,0.16393442622950818,2.7252126932144165,30,220,183
scale_curve,syn_08,Sobel,none,3,True,0.75,0.17272727272727273,2.191447615623474,38,220,220
scale_curve,syn_08,Sobel,none,3,True,1.0,0.1409090909090909,1.7750530242919922,31,220,220
scale_curve,syn_08,Sobel,none,3,True,1.25,0.07727272727272727,2.4076507091522217,17,220,220
scale_curve,syn_08,LoG,none,3,True,0.5,0.08181818181818182,1.6802716851234436,18,220,220
scale_curve,syn_08,LoG,none,3,True,0.75,0.05454545454545454,1.2128721475601196,12,220,220
scale_curve,syn_08,LoG,none,3,True,1.0,0.06818181818181818,0.7534621357917786,15,220,220
scale_curve,syn_08,LoG,none,3,True,1.25,0.07272727272727272,0.5173022300004959,16,220,220
scale_curve,syn_08,Harris,none,3,True,0.5,0.49261083743842365,1.5005280375480652,100,220,203
scale_curve,syn_08,Harris,none,3,True,0.75,0.6409090909090909,1.2486659288406372,141,220,220
scale_curve,syn_08,Harris,none,3,True,1.0,0.6681818181818182,0.8408734202384949,147,220,220
scale_curve,syn_08,Harris,none,3,True,1.25,0.6772727272727272,0.9962947368621826,149,220,220
scale_curve,syn_08,Shi-Tomasi,none,3,True,0.5,0.6333333333333333,1.5579376816749573,114,220,180
scale_curve,syn_08,Shi-Tomasi,none,3,True,0.75,0.6727272727272727,1.255353331565857,148,220,220
scale_curve,syn_08,Shi-Tomasi,none,3,True,1.0,0.7227272727272728,1.0144375562667847,159,220,220
scale_curve,syn_08,Shi-Tomasi,none,3,True,1.25,0.6772727272727272,0.9313838481903076,149,220,220
scale_curve,syn_08,SIFT,none,3,True,0.5,0.3409090909090909,0.7376619577407837,75,220,220
scale_curve,syn_08,SIFT,none,3,True,0.75,0.42727272727272725,0.6065209805965424,94,220,220
scale_curve,syn_08,SIFT,none,3,True,1.0,0.42727272727272725,0.6282271444797516,94,220,220
scale_curve,syn_08,SIFT,none,3,True,1.25,0.42727272727272725,0.5918896198272705,94,220,220
scale_curve,syn_08,Sobel,ideal_lowpass,3,True,0.5,0.3302752293577982,3.3029439449310303,36,220,109
scale_curve,syn_08,Sobel,ideal_lowpass,3,True,0.75,0.35,2.5942225456237793,77,220,220
scale_curve,syn_08,Sobel,ideal_lowpass,3,True,1.0,0.4909090909090909,1.7156791687011719,108,220,220
scale_curve,syn_08,Sobel,ideal_lowpass,3,True,1.25,0.5045454545454545,1.730858564376831,111,220,220
scale_curve,syn_08,LoG,ideal_lowpass,3,True,0.5,0.27941176470588236,2.9785192012786865,38,220,136
scale_curve,syn_08,LoG,ideal_lowpass,3,True,0.75,0.4228855721393035,2.897325277328491,85,220,201
scale_curve,syn_08,LoG,ideal_lowpass,3,True,1.0,0.5318181818181819,1.6396979093551636,117,220,220
scale_curve,syn_08,LoG,ideal_lowpass,3,True,1.25,0.4954545454545455,1.6218827962875366,109,220,220
scale_curve,syn_08,Harris,ideal_lowpass,3,True,0.5,0.2818181818181818,2.421200394630432,62,220,220
scale_curve,syn_08,Harris,ideal_lowpass,3,True,0.75,0.4772727272727273,2.788562536239624,105,220,220
scale_curve,syn_08,Harris,ideal_lowpass,3,True,1.0,0.5318181818181819,1.8599554300308228,117,220,220
scale_curve,syn_08,Harris,ideal_lowpass,3,True,1.25,0.6318181818181818,1.4020558595657349,139,220,220
scale_curve,syn_08,Shi-Tomasi,ideal_lowpass,3,True,0.5,0.33519553072625696,2.947666049003601,60,220,179
scale_curve,syn_08,Shi-Tomasi,ideal_lowpass,3,True,0.75,0.45454545454545453,2.5255160331726074,100,220,220
scale_curve,syn_08,Shi-Tomasi,ideal_lowpass,3,True,1.0,0.6363636363636364,1.6845834255218506,140,220,220
scale_curve,syn_08,Shi-Tomasi,ideal_lowpass,3,True,1.25,0.6318181818181818,1.6232362985610962,139,220,220
scale_curve,syn_08,SIFT,ideal_lowpass,3,True,0.5,0.4,1.7036349177360535,88,220,220
scale_curve,syn_08,SIFT,ideal_lowpass,3,True,0.75,0.44545454545454544,1.5596075654029846,98,220,220
scale_curve,syn_08,SIFT,ideal_lowpass,3,True,1.0,0.5818181818181818,0.8468965291976929,128,220,220
scale_curve,syn_08,SIFT,ideal_lowpass,3,True,1.25,0.5772727272727273,0.8938903212547302,127,220,220
scale_curve,syn_08,Sobel,gaussian_lowpass,3,True,0.5,0.5585585585585585,1.6307703256607056,62,220,111
scale_curve,syn_08,Sobel,gaussian_lowpass,3,True,0.75,0.36818181818181817,1.321850299835205,81,220,220
scale_curve,syn_08,Sobel,gaussian_lowpass,3,True,1.0,0.42272727272727273,1.2136127948760986,93,220,220
scale_curve,syn_08,Sobel,gaussian_lowpass,3,True,1.25,0.33636363636363636,1.1373339891433716,74,220,220
scale_curve,syn_08,LoG,gaussian_lowpass,3,True,0.5,0.423841059602649,1.681399643421173,64,220,151
scale_curve,syn_08,LoG,gaussian_lowpass,3,True,0.75,0.4409090909090909,1.4219850301742554,97,220,220
scale_curve,syn_08,LoG,gaussian_lowpass,3,True,1.0,0.41363636363636364,1.6167100667953491,91,220,220
scale_curve,syn_08,LoG,gaussian_lowpass,3,True,1.25,0.36818181818181817,1.7748109102249146,81,220,220
scale_curve,syn_08,Harris,gaussian_lowpass,3,True,0.5,0.531578947368421,2.356107473373413,101,220,190
scale_curve,syn_08,Harris,gaussian_lowpass,3,True,0.75,0.6909090909090909,1.8139393329620361,152,220,220
scale_curve,syn_08,Harris,gaussian_lowpass,3,True,1.0,0.7636363636363637,1.0808279514312744,168,220,220
scale_curve,syn_08,Harris,gaussian_lowpass,3,True,1.25,0.7772727272727272,0.8750610947608948,171,220,220
scale_curve,syn_08,Shi-Tomasi,gaussian_lowpass,3,True,0.5,0.5652173913043478,1.7692159414291382,78,220,138
scale_curve,syn_08,Shi-Tomasi,gaussian_lowpass,3,True,0.75,0.6727272727272727,1.8341960310935974,148,220,220
scale_curve,syn_08,Shi-Tomasi,gaussian_lowpass,3,True,1.0,0.7636363636363637,0.9793523252010345,168,220,220
scale_curve,syn_08,Shi-Tomasi,gaussian_lowpass,3,True,1.25,0.7727272727272727,0.7232391834259033,170,220,220
scale_curve,syn_08,SIFT,gaussian_lowpass,3,True,0.5,0.5909090909090909,1.3825194239616394,130,220,220
scale_curve,syn_08,SIFT,gaussian_lowpass,3,True,0.75,0.6772727272727272,0.9306142926216125,149,220,220
scale_curve,syn_08,SIFT,gaussian_lowpass,3,True,1.0,0.7772727272727272,0.4657220244407654,171,220,220
scale_curve,syn_08,SIFT,gaussian_lowpass,3,True,1.25,0.7909090909090909,0.3457387834787369,174,220,220
scale_curve,syn_08,Sobel,ideal_highpass,3,True,0.5,0.16666666666666666,3.7362483739852905,36,220,216
scale_curve,syn_08,Sobel,ideal_highpass,3,True,0.75,0.34545454545454546,3.491717219352722,76,220,220
scale_curve,syn_08,Sobel,ideal_highpass,3,True,1.0,0.4,3.2899880409240723,88,220,220
scale_curve,syn_08,Sobel,ideal_highpass,3,True,1.25,0.35,2.7376511096954346,77,220,220
scale_curve,syn_08,LoG,ideal_highpass,3,True,0.5,0.16818181818181818,3.0043489933013916,37,220,220
scale_curve,syn_08,LoG,ideal_highpass,3,True,0.75,0.29545454545454547,2.2972545623779297,65,220,220
scale_curve,syn_08,LoG,ideal_highpass,3,True,1.0,0.4318181818181818,0.9976871609687805,95,220,220
scale_curve,syn_08,LoG,ideal_highpass,3,True,1.25,0.5727272727272728,0.6531040966510773,126,220,220
scale_curve,syn_08,Harris,ideal_highpass,3,True,0.5,0.5126903553299492,1.965545415878296,101,220,197
scale_curve,syn_08,Harris,ideal_highpass,3,True,0.75,0.6227272727272727,1.3394778966903687,137,220,220
scale_curve,syn_08,Harris,ideal_highpass,3,True,1.0,0.7,1.1981393694877625,154,220,220
scale_curve,syn_08,Harris,ideal_highpass,3,True,1.25,0.6863636363636364,1.1878715753555298,151,220,220
scale_curve,syn_08,Shi-Tomasi,ideal_highpass,3,True,0.5,0.5930232558139535,2.0166013836860657,102,220,172
scale_curve,syn_08,Shi-Tomasi,ideal_highpass,3,True,0.75,0.6136363636363636,1.645851731300354,135,220,220
scale_curve,syn_08,Shi-Tomasi,ideal_highpass,3,True,1.0,0.7090909090909091,1.4703611135482788,156,220,220
scale_curve,syn_08,Shi-Tomasi,ideal_highpass,3,True,1.25,0.65,1.4061863422393799,143,220,220
scale_curve,syn_08,SIFT,ideal_highpass,3,True,0.5,0.2818181818181818,1.0646407902240753,62,220,220
scale_curve,syn_08,SIFT,ideal_highpass,3,True,0.75,0.42272727272727273,1.6746751070022583,93,220,220
scale_curve,syn_08,SIFT,ideal_highpass,3,True,1.0,0.4954545454545455,1.3866318464279175,109,220,220
scale_curve,syn_08,SIFT,ideal_highpass,3,True,1.25,0.5681818181818182,0.869147539138794,125,220,220
scale_curve,syn_08,Sobel,gaussian_highpass,3,True,0.5,0.20212765957446807,3.475661039352417,38,220,188
scale_curve,syn_08,Sobel,gaussian_highpass,3,True,0.75,0.29545454545454547,2.039771318435669,65,220,220
scale_curve,syn_08,Sobel,gaussian_highpass,3,True,1.0,0.34545454545454546,2.276790142059326,76,220,220
scale_curve,syn_08,Sobel,gaussian_highpass,3,True,1.25,0.3181818181818182,2.3064358234405518,70,220,220
scale_curve,syn_08,LoG,gaussian_highpass,3,True,0.5,0.1,2.8530333042144775,22,220,220
scale_curve,syn_08,LoG,gaussian_highpass,3,True,0.75,0.2318181818181818,1.6874667406082153,51,220,220
scale_curve,syn_08,LoG,gaussian_highpass,3,True,1.0,0.40454545454545454,0.8048131465911865,89,220,220
scale_curve,syn_08,LoG,gaussian_highpass,3,True,1.25,0.509090909090909,0.6374126076698303,112,220,220
scale_curve,syn_08,Harris,gaussian_highpass,3,True,0.5,0.4666666666666667,1.9917806386947632,91,220,195
scale_curve,syn_08,Harris,gaussian_highpass,3,True,0.75,0.5909090909090909,1.446242094039917,130,220,220
scale_curve,syn_08,Harris,gaussian_highpass,3,True,1.0,0.6363636363636364,1.1550070643424988,140,220,220
scale_curve,syn_08,Harris,gaussian_highpass,3,True,1.25,0.6409090909090909,0.9837446212768555,141,220,220
scale_curve,syn_08,Shi-Tomasi,gaussian_highpass,3,True,0.5,0.5759493670886076,2.0059897899627686,91,220,158
scale_curve,syn_08,Shi-Tomasi,gaussian_highpass,3,True,0.75,0.5818181818181818,1.3545451760292053,128,220,220
scale_curve,syn_08,Shi-Tomasi,gaussian_highpass,3,True,1.0,0.65,1.183159589767456,143,220,220
scale_curve,syn_08,Shi-Tomasi,gaussian_highpass,3,True,1.25,0.6136363636363636,0.9721867442131042,135,220,220
scale_curve,syn_08,SIFT,gaussian_highpass,3,True,0.5,0.29493087557603687,1.5395446419715881,64,220,217
scale_curve,syn_08,SIFT,gaussian_highpass,3,True,0.75,0.42272727272727273,1.2112414836883545,93,220,220
scale_curve,syn_08,SIFT,gaussian_highpass,3,True,1.0,0.5318181818181819,0.8258379101753235,117,220,220
scale_curve,syn_08,SIFT,gaussian_highpass,3,True,1.25,0.5681818181818182,0.8789517283439636,125,220,220
scale_curve,syn_09,Sobel,none,3,True,0.5,0.136986301369863,1.5636993050575256,30,220,219
scale_curve,syn_09,Sobel,none,3,True,0.75,0.19545454545454546,1.988136649131775,43,220,220
scale_curve,syn_09,Sobel,none,3,True,1.0,0.21363636363636362,1.910628318786621,47,220,220
scale_curve,syn_09,Sobel,none,3,True,1.25,0.045454545454545456,2.6494972705841064,10,220,220
scale_curve,syn_09,LoG,none,3,True,0.5,0.07272727272727272,1.6267132759094238,16,220,220
scale_curve,syn_09,LoG,none,3,True,0.75,0.1409090909090909,1.054680347442627,31,220,220
scale_curve,syn_09,LoG,none,3,True,1.0,0.4727272727272727,0.5652000606060028,104,220,220
scale_curve,syn_09,LoG,none,3,True,1.25,0.5954545454545455,0.5191332697868347,131,220,220
scale_curve,syn_09,Harris,none,3,True,0.5,0.44545454545454544,1.2142581343650818,98,220,220
scale_curve,syn_09,Harris,none,3,True,0.75,0.5863636363636363,0.7700960636138916,129,220,220
scale_curve,syn_09,Harris,none,3,True,1.0,0.6818181818181818,0.4744647145271301,150,220,220
scale_curve,syn_09,Harris,none,3,True,1.25,0.6409090909090909,0.7040243744850159,141,220,220
scale_curve,syn_09,Shi-Tomasi,none,3,True,0.5,0.6190476190476191,1.2761764526367188,117,220,189
scale_curve,syn_09,Shi-Tomasi,none,3,True,0.75,0.7,1.0021569728851318,154,220,220
scale_curve,syn_09,Shi-Tomasi,none,3,True,1.0,0.8090909090909091,0.702715665102005,178,220,220
scale_curve,syn_09,Shi-Tomasi,none,3,True,1.25,0.740909090909091,0.7958961725234985,163,220,220
scale_curve,syn_09,SIFT,none,3,True,0.5,0.36818181818181817,0.5350231528282166,81,220,220
scale_curve,syn_09,SIFT,none,3,True,0.75,0.5363636363636364,0.5480988919734955,118,220,220
scale_curve,syn_09,SIFT,none,3,True,1.0,0.6090909090909091,0.5788869857788086,134,220,220
scale_curve,syn_09,SIFT,none,3,True,1.25,0.5545454545454546,0.6042058169841766,122,220,220
scale_curve,syn_09,Sobel,ideal_lowpass,3,True,0.5,0.2564102564102564,4.170536994934082,30,220,117
scale_curve,syn_09,Sobel,ideal_lowpass,3,True,0.75,0.4590909090909091,2.6689069271087646,101,220,220
scale_curve,syn_09,Sobel,ideal_lowpass,3,True,1.0,0.6772727272727272,1.1290024518966675,149,220,220
scale_curve,syn_09,Sobel,ideal_lowpass,3,True,1.25,0.5318181818181819,2.1791443824768066,117,220,220
scale_curve,syn_09,LoG,ideal_lowpass,3,True,0.5,0.26,3.159118413925171,52,220,200
scale_curve,syn_09,LoG,ideal_lowpass,3,True,0.75,0.4090909090909091,2.6457513570785522,90,220,220
scale_curve,syn_09,LoG,ideal_lowpass,3,True,1.0,0.6090909090909091,1.1328427195549011,134,220,220
scale_curve,syn_09,LoG,ideal_lowpass,3,True,1.25,0.4318181818181818,1.927598476409912,95,220,220
scale_curve,syn_09,Harris,ideal_lowpass,3,True,0.5,0.43577981651376146,2.5155348777770996,95,220,218
scale_curve,syn_09,Harris,ideal_lowpass,3,True,0.75,0.509090909090909,2.3562369346618652,112,220,220
scale_curve,syn_09,Harris,ideal_lowpass,3,True,1.0,0.7545454545454545,0.8051438331604004,166,220,220
scale_curve,syn_09,Harris,ideal_lowpass,3,True,1.25,0.5454545454545454,1.5604209303855896,120,220,220
scale_curve,syn_09,Shi-Tomasi,ideal_lowpass,3,True,0.5,0.43915343915343913,2.358394145965576,83,220,189
scale_curve,syn_09,Shi-Tomasi,ideal_lowpass,3,True,0.75,0.5,2.2573126554489136,110,220,220
scale_curve,syn_09,Shi-Tomasi,ideal_lowpass,3,True,1.0,0.759090909090909,0.941041111946106,167,220,220
scale_curve,syn_09,Shi-Tomasi,ideal_lowpass,3,True,1.25,0.5636363636363636,1.2608792781829834,124,220,220
scale_curve,syn_09,SIFT,ideal_lowpass,3,True,0.5,0.5363636363636364,1.2406480312347412,118,220,220
scale_curve,syn_09,SIFT,ideal_lowpass,3,True,0.75,0.5136363636363637,1.0322620868682861,113,220,220
scale_curve,syn_09,SIFT,ideal_lowpass,3,True,1.0,0.7545454545454545,0.3557726889848709,166,220,220
scale_curve,syn_09,SIFT,ideal_lowpass,3,True,1.25,0.5909090909090909,0.8136483430862427,130,220,220
scale_curve,syn_09,Sobel,gaussian_lowpass,3,True,0.5,0.6176470588235294,1.2688469886779785,84,220,136
scale_curve,syn_09,Sobel,gaussian_lowpass,3,True,0.75,0.4681818181818182,1.2260136604309082,103,220,220
scale_curve,syn_09,Sobel,gaussian_lowpass,3,True,1.0,0.4318181818181818,1.1483157873153687,95,220,220
scale_curve,syn_09,Sobel,gaussian_lowpass,3,True,1.25,0.42727272727272725,1.2854175567626953,94,220,220
scale_curve,syn_09,LoG,gaussian_lowpass,3,True,0.5,0.4321608040201005,1.3689525723457336,86,220,199
scale_curve,syn_09,LoG,gaussian_lowpass,3,True,0.75,0.5363636363636364,1.49130517244339,118,220,220
scale_curve,syn_09,LoG,gaussian_lowpass,3,True,1.0,0.5227272727272727,1.736756682395935,115,220,220
scale_curve,syn_09,LoG,gaussian_lowpass,3,True,1.25,0.43636363636363634,1.4558582305908203,96,220,220
scale_curve,syn_09,Harris,gaussian_lowpass,3,True,0.5,0.5265700483091788,1.9859890937805176,109,220,207
scale_curve,syn_09,Harris,gaussian_lowpass,3,True,0.75,0.7681818181818182,1.6231725215911865,169,220,220
scale_curve,syn_09,Harris,gaussian_lowpass,3,True,1.0,0.8318181818181818,0.696460485458374,183,220,220
scale_curve,syn_09,Harris,gaussian_lowpass,3,True,1.25,0.8,0.7195881307125092,176,220,220
scale_curve,syn_09,Shi-Tomasi,gaussian_lowpass,3,True,0.5,0.591715976331361,1.7587558031082153,100,220,169
scale_curve,syn_09,Shi-Tomasi,gaussian_lowpass,3,True,0.75,0.6727272727272727,1.2553828358650208,148,220,220
scale_curve,syn_09,Shi-Tomasi,gaussian_lowpass,3,True,1.0,0.8363636363636363,0.7228053212165833,184,220,220
scale_curve,syn_09,Shi-Tomasi,gaussian_lowpass,3,True,1.25,0.7818181818181819,0.7260642349720001,172,220,220
scale_curve,syn_09,SIFT,gaussian_lowpass,3,True,0.5,0.6318181818181818,0.8289402723312378,139,220,220
scale_curve,syn_09,SIFT,gaussian_lowpass,3,True,0.75,0.7136363636363636,0.6564339399337769,157,220,220
scale_curve,syn_09,SIFT,gaussian_lowpass,3,True,1.0,0.8227272727272728,0.2564184069633484,181,220,220
scale_curve,syn_09,SIFT,gaussian_lowpass,3,True,1.25,0.7909090909090909,0.3322242945432663,174,220,220
scale_curve,syn_09,Sobel,ideal_highpass,3,True,0.5,0.15454545454545454,3.5019490718841553,34,220,220
scale_curve,syn_09,Sobel,ideal_highpass,3,True,0.75,0.38181818181818183,3.5959062576293945,84,220,220
scale_curve,syn_09,Sobel,ideal_highpass,3,True,1.0,0.5181818181818182,1.74734365940094,114,220,220
scale_curve,syn_09,Sobel,ideal_highpass,3,True,1.25,0.43636363636363634,2.381297469139099,96,220,220
scale_curve,syn_09,LoG,ideal_highpass,3,True,0.5,0.14545454545454545,3.287789225578308,32,220,220
scale_curve,syn_09,LoG,ideal_highpass,3,True,0.75,0.2772727272727273,2.5656843185424805,61,220,220
scale_curve,syn_09,LoG,ideal_highpass,3,True,1.0,0.65,0.5918581485748291,143,220,220
scale_curve,syn_09,LoG,ideal_highpass,3,True,1.25,0.5681818181818182,0.7136722207069397,125,220,220
scale_curve,syn_09,Harris,ideal_highpass,3,True,0.5,0.4772727272727273,1.7371348142623901,105,220,220
scale_curve,syn_09,Harris,ideal_highpass,3,True,0.75,0.5954545454545455,1.1905674934387207,131,220,220
scale_curve,syn_09,Harris,ideal_highpass,3,True,1.0,0.6545454545454545,0.7658905386924744,144,220,220
scale_curve,syn_09,Harris,ideal_highpass,3,True,1.25,0.6454545454545455,0.8460312187671661,142,220,220
scale_curve,syn_09,Shi-Tomasi,ideal_highpass,3,True,0.5,0.5714285714285714,1.7821369171142578,104,220,182
scale_curve,syn_09,Shi-Tomasi,ideal_highpass,3,True,0.75,0.6409090909090909,1.5333062410354614,141,220,220
scale_curve,syn_09,Shi-Tomasi,ideal_highpass,3,True,1.0,0.6954545454545454,0.9356549382209778,153,220,220
scale_curve,syn_09,Shi-Tomasi,ideal_highpass,3,True,1.25,0.6409090909090909,1.180044174194336,141,220,220
scale_curve,syn_09,SIFT,ideal_highpass,3,True,0.5,0.3181818181818182,0.9595767855644226,70,220,220
scale_curve,syn_09,SIFT,ideal_highpass,3,True,0.75,0.5136363636363637,1.000551462173462,113,220,220
scale_curve,syn_09,SIFT,ideal_highpass,3,True,1.0,0.5727272727272728,0.6498402953147888,126,220,220
scale_curve,syn_09,SIFT,ideal_highpass,3,True,1.25,0.6045454545454545,0.5610485672950745,133,220,220
scale_curve,syn_09,Sobel,gaussian_highpass,3,True,0.5,0.15454545454545454,2.842196464538574,34,220,220
scale_curve,syn_09,Sobel,gaussian_highpass,3,True,0.75,0.30454545454545456,2.314365863800049,67,220,220
scale_curve,syn_09,Sobel,gaussian_highpass,3,True,1.0,0.39545454545454545,2.438973903656006,87,220,220
scale_curve,syn_09,Sobel,gaussian_highpass,3,True,1.25,0.3,2.371940851211548,66,220,220
scale_curve,syn_09,LoG,gaussian_highpass,3,True,0.5,0.11818181818181818,2.861446738243103,26,220,220
scale_curve,syn_09,LoG,gaussian_highpass,3,True,0.75,0.3090909090909091,1.203955054283142,68,220,220
scale_curve,syn_09,LoG,gaussian_highpass,3,True,1.0,0.7,0.5086180567741394,154,220,220
scale_curve,syn_09,LoG,gaussian_highpass,3,True,1.25,0.5909090909090909,0.6210956573486328,130,220,220
scale_curve,syn_09,Harris,gaussian_highpass,3,True,0.5,0.38636363636363635,1.5946011543273926,85,220,220
scale_curve,syn_09,Harris,gaussian_highpass,3,True,0.75,0.5409090909090909,1.0769503116607666,119,220,220
scale_curve,syn_09,Harris,gaussian_highpass,3,True,1.0,0.6227272727272727,0.5694659352302551,137,220,220
scale_curve,syn_09,Harris,gaussian_highpass,3,True,1.25,0.6181818181818182,0.7386195957660675,136,220,220
scale_curve,syn_09,Shi-Tomasi,gaussian_highpass,3,True,0.5,0.5792349726775956,1.5174992084503174,106,220,183
scale_curve,syn_09,Shi-Tomasi,gaussian_highpass,3,True,0.75,0.6409090909090909,1.2936034202575684,141,220,220
scale_curve,syn_09,Shi-Tomasi,gaussian_highpass,3,True,1.0,0.7363636363636363,0.7688878774642944,162,220,220
scale_curve,syn_09,Shi-Tomasi,gaussian_highpass,3,True,1.25,0.6318181818181818,1.047731876373291,139,220,220
scale_curve,syn_09,SIFT,gaussian_highpass,3,True,0.5,0.2636363636363636,1.296028971672058,58,220,220
scale_curve,syn_09,SIFT,gaussian_highpass,3,True,0.75,0.4727272727272727,0.6801511943340302,104,220,220
scale_curve,syn_09,SIFT,gaussian_highpass,3,True,1.0,0.5954545454545455,0.4395184814929962,131,220,220
scale_curve,syn_09,SIFT,gaussian_highpass,3,True,1.25,0.6,0.5117453336715698,132,220,220
scale_curve,syn_10,Sobel,none,3,True,0.5,0.12272727272727273,2.3755686283111572,27,220,220
scale_curve,syn_10,Sobel,none,3,True,0.75,0.09545454545454546,1.7950618267059326,21,220,220
scale_curve,syn_10,Sobel,none,3,True,1.0,0.07272727272727272,1.937997817993164,16,220,220
scale_curve,syn_10,Sobel,none,3,True,1.25,0.06363636363636363,2.641422152519226,14,220,220
scale_curve,syn_10,LoG,none,3,True,0.5,0.05909090909090909,1.5579959154129028,13,220,220
scale_curve,syn_10,LoG,none,3,True,0.75,0.07272727272727272,2.070065498352051,16,220,220
scale_curve,syn_10,LoG,none,3,True,1.0,0.06363636363636363,1.4483271837234497,14,220,220
scale_curve,syn_10,LoG,none,3,True,1.25,0.06818181818181818,1.1616504192352295,15,220,220
scale_curve,syn_10,Harris,none,3,True,0.5,0.4975124378109453,1.8431692123413086,100,220,201
scale_curve,syn_10,Harris,none,3,True,0.75,0.5454545454545454,1.8420050740242004,120,220,220
scale_curve,syn_10,Harris,none,3,True,1.0,0.4409090909090909,1.9606586694717407,97,220,220
scale_curve,syn_10,Harris,none,3,True,1.25,0.4681818181818182,1.9729557037353516,103,220,220
scale_curve,syn_10,Shi-Tomasi,none,3,True,0.5,0.5675675675675675,1.7929134368896484,105,220,185
scale_curve,syn_10,Shi-Tomasi,none,3,True,0.75,0.5909090909090909,2.065382719039917,130,220,220
scale_curve,syn_10,Shi-Tomasi,none,3,True,1.0,0.6409090909090909,1.8357232809066772,141,220,220
scale_curve,syn_10,Shi-Tomasi,none,3,True,1.25,0.5545454545454546,2.1956716775894165,122,220,220
scale_curve,syn_10,SIFT,none,3,True,0.5,0.35,1.527880072593689,77,220,220
scale_curve,syn_10,SIFT,none,3,True,0.75,0.37727272727272726,1.3262600898742676,83,220,220
scale_curve,syn_10,SIFT,none,3,True,1.0,0.37727272727272726,1.3627238273620605,83,220,220
scale_curve,syn_10,SIFT,none,3,True,1.25,0.48295454545454547,1.376343011856079,85,220,176
scale_curve,syn_10,Sobel,ideal_lowpass,3,True,0.5,0.34545454545454546,3.2875444889068604,38,220,110
scale_curve,syn_10,Sobel,ideal_lowpass,3,True,0.75,0.4,2.627632737159729,88,220,220
scale_curve,syn_10,Sobel,ideal_lowpass,3,True,1.0,0.5681818181818182,1.5590542554855347,125,220,220
scale_curve,syn_10,Sobel,ideal_lowpass,3,True,1.25,0.5863636363636363,1.7356804609298706,129,220,220
scale_curve,syn_10,LoG,ideal_lowpass,3,True,0.5,0.2962962962962963,3.065389394760132,48,220,162
scale_curve,syn_10,LoG,ideal_lowpass,3,True,0.75,0.4318181818181818,2.455491304397583,95,220,220
scale_curve,syn_10,LoG,ideal_lowpass,3,True,1.0,0.5318181818181819,2.047084093093872,117,220,220
scale_curve,syn_10,LoG,ideal_lowpass,3,True,1.25,0.5954545454545455,1.547798991203308,131,220,220
scale_curve,syn_10,Harris,ideal_lowpass,3,True,0.5,0.33181818181818185,2.7376208305358887,73,220,220
scale_curve,syn_10,Harris,ideal_lowpass,3,True,0.75,0.5318181818181819,2.6389853954315186,117,220,220
scale_curve,syn_10,Harris,ideal_lowpass,3,True,1.0,0.6181818181818182,1.9897271394729614,136,220,220
scale_curve,syn_10,Harris,ideal_lowpass,3,True,1.25,0.6590909090909091,1.3655292987823486,145,220,220
scale_curve,syn_10,Shi-Tomasi,ideal_lowpass,3,True,0.5,0.38596491228070173,2.628928303718567,66,220,171
scale_curve,syn_10,Shi-Tomasi,ideal_lowpass,3,True,0.75,0.4909090909090909,2.68720543384552,108,220,220
scale_curve,syn_10,Shi-Tomasi,ideal_lowpass,3,True,1.0,0.6136363636363636,1.95920729637146,135,220,220
scale_curve,syn_10,Shi-Tomasi,ideal_lowpass,3,True,1.25,0.6863636363636364,1.5003554821014404,151,220,220
scale_curve,syn_10,SIFT,ideal_lowpass,3,True,0.5,0.39090909090909093,1.6622734665870667,86,220,220
scale_curve,syn_10,SIFT,ideal_lowpass,3,True,0.75,0.4727272727272727,1.568095862865448,104,220,220
scale_curve,syn_10,SIFT,ideal_lowpass,3,True,1.0,0.5818181818181818,1.022893488407135,128,220,220
scale_curve,syn_10,SIFT,ideal_lowpass,3,True,1.25,0.5909090909090909,0.7927760779857635,130,220,220
scale_curve,syn_10,Sobel,gaussian_lowpass,3,True,0.5,0.5149253731343284,1.7886601686477661,69,220,134
scale_curve,syn_10,Sobel,gaussian_lowpass,3,True,0.75,0.4681818181818182,1.3892641067504883,103,220,220
scale_curve,syn_10,Sobel,gaussian_lowpass,3,True,1.0,0.5363636363636364,1.2559820413589478,118,220,220
scale_curve,syn_10,Sobel,gaussian_lowpass,3,True,1.25,0.509090909090909,1.161312222480774,112,220,220
scale_curve,syn_10,LoG,gaussian_lowpass,3,True,0.5,0.4120603015075377,1.6653239130973816,82,220,199
scale_curve,syn_10,LoG,gaussian_lowpass,3,True,0.75,0.4590909090909091,1.4767770767211914,101,220,220
scale_curve,syn_10,LoG,gaussian_lowpass,3,True,1.0,0.5590909090909091,1.4643117189407349,123,220,220
scale_curve,syn_10,LoG,gaussian_lowpass,3,True,1.25,0.6227272727272727,1.591269612312317,137,220,220
scale_curve,syn_10,Harris,gaussian_lowpass,3,True,0.5,0.4887640449438202,2.3523614406585693,87,220,178
scale_curve,syn_10,Harris,gaussian_lowpass,3,True,0.75,0.6090909090909091,2.0351890325546265,134,220,220
scale_curve,syn_10,Harris,gaussian_lowpass,3,True,1.0,0.6727272727272727,1.750174880027771,148,220,220
scale_curve,syn_10,Harris,gaussian_lowpass,3,True,1.25,0.740909090909091,1.7630897760391235,163,220,220
scale_curve,syn_10,Shi-Tomasi,gaussian_lowpass,3,True,0.5,0.5797101449275363,2.130444645881653,80,220,138
scale_curve,syn_10,Shi-Tomasi,gaussian_lowpass,3,True,0.75,0.5909090909090909,1.8917410373687744,130,220,220
scale_curve,syn_10,Shi-Tomasi,gaussian_lowpass,3,True,1.0,0.6818181818181818,1.8506288528442383,150,220,220
scale_curve,syn_10,Shi-Tomasi,gaussian_lowpass,3,True,1.25,0.7045454545454546,1.7858611345291138,155,220,220
scale_curve,syn_10,SIFT,gaussian_lowpass,3,True,0.5,0.5363636363636364,1.4285879731178284,118,220,220
scale_curve,syn_10,SIFT,gaussian_lowpass,3,True,0.75,0.6818181818181818,0.8765793442726135,150,220,220
scale_curve,syn_10,SIFT,gaussian_lowpass,3,True,1.0,0.7181818181818181,0.836133599281311,158,220,220
scale_curve,syn_10,SIFT,gaussian_lowpass,3,True,1.25,0.7454545454545455,0.6503683924674988,164,220,220
scale_curve,syn_10,Sobel,ideal_highpass,3,True,0.5,0.17272727272727273,3.437021017074585,38,220,220
scale_curve,syn_10,Sobel,ideal_highpass,3,True,0.75,0.2,3.87463641166687,44,220,220
scale_curve,syn_10,Sobel,ideal_highpass,3,True,1.0,0.29545454545454547,3.46588397026062,65,220,220
scale_curve,syn_10,Sobel,ideal_highpass,3,True,1.25,0.31363636363636366,3.1006340980529785,69,220,220
scale_curve,syn_10,LoG,ideal_highpass,3,True,0.5,0.18181818181818182,3.4128551483154297,40,220,220
scale_curve,syn_10,LoG,ideal_highpass,3,True,0.75,0.23636363636363636,2.408500075340271,52,220,220
scale_curve,syn_10,LoG,ideal_highpass,3,True,1.0,0.31363636363636366,2.5391318798065186,69,220,220
scale_curve,syn_10,LoG,ideal_highpass,3,True,1.25,0.24413145539906103,2.918933868408203,52,220,213
scale_curve,syn_10,Harris,ideal_highpass,3,True,0.5,0.4221105527638191,2.246451497077942,84,220,199
scale_curve,syn_10,Harris,ideal_highpass,3,True,0.75,0.5181818181818182,2.2174112796783447,114,220,220
scale_curve,syn_10,Harris,ideal_highpass,3,True,1.0,0.3378995433789954,2.15127170085907,74,220,219
scale_curve,syn_10,Harris,ideal_highpass,3,True,1.25,0.26865671641791045,2.8817204236984253,54,220,201
scale_curve,syn_10,Shi-Tomasi,ideal_highpass,3,True,0.5,0.46808510638297873,2.3519245386123657,88,220,188
scale_curve,syn_10,Shi-Tomasi,ideal_highpass,3,True,0.75,0.5227272727272727,2.2862675189971924,115,220,220
scale_curve,syn_10,Shi-Tomasi,ideal_highpass,3,True,1.0,0.43317972350230416,2.362223505973816,94,220,217
scale_curve,syn_10,Shi-Tomasi,ideal_highpass,3,True,1.25,0.3,2.593104124069214,60,220,200
scale_curve,syn_10,SIFT,ideal_highpass,3,True,0.5,0.2727272727272727,1.7011269330978394,60,220,220
scale_curve,syn_10,SIFT,ideal_highpass,3,True,0.75,0.41363636363636364,2.4365322589874268,91,220,220
scale_curve,syn_10,SIFT,ideal_highpass,3,True,1.0,0.37727272727272726,2.1215152740478516,83,220,220
scale_curve,syn_10,SIFT,ideal_highpass,3,True,1.25,0.355,2.81461763381958,71,220,200
scale_curve,syn_10,Sobel,gaussian_highpass,3,True,0.5,0.12727272727272726,2.547011613845825,28,220,220
scale_curve,syn_10,Sobel,gaussian_highpass,3,True,0.75,0.20454545454545456,2.3022308349609375,45,220,220
scale_curve,syn_10,Sobel,gaussian_highpass,3,True,1.0,0.15,2.0676116943359375,33,220,220
scale_curve,syn_10,Sobel,gaussian_highpass,3,True,1.25,0.16818181818181818,1.7396461963653564,37,220,220
scale_curve,syn_10,LoG,gaussian_highpass,3,True,0.5,0.12272727272727273,3.0409584045410156,27,220,220
scale_curve,syn_10,LoG,gaussian_highpass,3,True,0.75,0.15454545454545454,1.984656810760498,34,220,220
scale_curve,syn_10,LoG,gaussian_highpass,3,True,1.0,0.29545454545454547,1.9321763515472412,65,220,220
scale_curve,syn_10,LoG,gaussian_highpass,3,True,1.25,0.2962962962962963,1.6239486932754517,64,220,216
scale_curve,syn_10,Harris,gaussian_highpass,3,True,0.5,0.4322916666666667,2.2408499717712402,83,220,192
scale_curve,syn_10,Harris,gaussian_highpass,3,True,0.75,0.5636363636363636,2.4604430198669434,124,220,220
scale_curve,syn_10,Harris,gaussian_highpass,3,True,1.0,0.2968036529680365,2.0783891677856445,65,220,219
scale_curve,syn_10,Harris,gaussian_highpass,3,True,1.25,0.3119266055045872,2.2819489240646362,68,220,218
scale_curve,syn_10,Shi-Tomasi,gaussian_highpass,3,True,0.5,0.5359116022099447,2.91259503364563,97,220,181
scale_curve,syn_10,Shi-Tomasi,gaussian_highpass,3,True,0.75,0.5909090909090909,2.073215126991272,130,220,220
scale_curve,syn_10,Shi-Tomasi,gaussian_highpass,3,True,1.0,0.4611872146118721,2.311178684234619,101,220,219
scale_curve,syn_10,Shi-Tomasi,gaussian_highpass,3,True,1.25,0.3130841121495327,2.2699344158172607,67,220,214
scale_curve,syn_10,SIFT,gaussian_highpass,3,True,0.5,0.2409090909090909,1.9796228408813477,53,220,220
scale_curve,syn_10,SIFT,gaussian_highpass,3,True,0.75,0.35454545454545455,1.7904965281486511,78,220,220
scale_curve,syn_10,SIFT,gaussian_highpass,3,True,1.0,0.3409090909090909,1.4632431268692017,75,220,220
scale_curve,syn_10,SIFT,gaussian_highpass,3,True,1.25,0.3813953488372093,1.554691731929779,82,220,215
