scope,image_id,capture_group,visible_blur,notes,method,frequency_filter,pyramid_levels,nms,repeatability,matching_accuracy,localization_error_px,matching_error_px,runtime_ms,reference_keypoints,scene_keypoints,raw_reference_keypoints,raw_scene_keypoints,repeated_points,accepted_matches,correct_matches
main_grid,IMG_0258,near laptop,low,"Close view, cool illumination; right page cropped.",Sobel,none,1,True,0.9736842105263158,nan,1.857620358467102,nan,51.86020000019198,38,118,47,118,37,0,0
main_grid,IMG_0258,near laptop,low,"Close view, cool illumination; right page cropped.",LoG,none,1,True,0.7169811320754716,0.0,2.4425241947174072,6.4826250076293945,51.71939999945607,53,209,63,211,38,1,0
main_grid,IMG_0258,near laptop,low,"Close view, cool illumination; right page cropped.",Harris,none,1,True,0.6805555555555556,nan,2.685671806335449,nan,80.237400000442,72,218,89,220,49,0,0
main_grid,IMG_0258,near laptop,low,"Close view, cool illumination; right page cropped.",Shi-Tomasi,none,1,True,0.6164383561643836,nan,2.6488254070281982,nan,79.50159999927564,73,201,86,201,45,0,0
main_grid,IMG_0258,near laptop,low,"Close view, cool illumination; right page cropped.",SIFT,none,1,True,0.3333333333333333,1.0,2.285759210586548,2.285759210586548,460.346899999422,4,3,5,4,1,1,1
main_grid,IMG_0258,near laptop,low,"Close view, cool illumination; right page cropped.",Sobel,none,2,True,0.975,0.0,1.9075438976287842,4.107555389404297,61.84480000047188,40,120,49,120,39,1,0
main_grid,IMG_0258,near laptop,low,"Close view, cool illumination; right page cropped.",LoG,none,2,True,0.8135593220338984,0.0,2.40216064453125,6.4826250076293945,68.21080000008806,59,218,69,220,48,1,0
main_grid,IMG_0258,near laptop,low,"Close view, cool illumination; right page cropped.",Harris,none,2,True,0.7236842105263158,nan,2.3899526596069336,nan,102.67810000004829,76,217,93,220,55,0,0
main_grid,IMG_0258,near laptop,low,"Close view, cool illumination; right page cropped.",Shi-Tomasi,none,2,True,0.68,0.5,2.6452600955963135,4.357797145843506,93.66429999954562,75,220,89,220,51,2,1
main_grid,IMG_0258,near laptop,low,"Close view, cool illumination; right page cropped.",SIFT,none,2,True,0.8888888888888888,1.0,1.3311384916305542,1.3311384916305542,577.2870000000694,9,14,10,15,8,6,6
main_grid,IMG_0258,near laptop,low,"Close view, cool illumination; right page cropped.",Sobel,none,3,True,0.975,0.0,1.9075438976287842,4.107555389404297,72.35469999977795,40,123,50,123,39,1,0
main_grid,IMG_0258,near laptop,low,"Close view, cool illumination; right page cropped.",LoG,none,3,True,0.796875,0.0,2.389559030532837,6.4826250076293945,71.23729999966599,64,218,74,220,51,1,0
main_grid,IMG_0258,near laptop,low,"Close view, cool illumination; right page cropped.",Harris,none,3,True,0.7307692307692307,nan,2.537604570388794,nan,102.67430000021704,78,217,95,220,57,0,0
main_grid,IMG_0258,near laptop,low,"Close view, cool illumination; right page cropped.",Shi-Tomasi,none,3,True,0.6933333333333334,0.5,2.647042751312256,4.357797145843506,91.1405000006198,75,220,89,220,52,2,1
main_grid,IMG_0258,near laptop,low,"Close view, cool illumination; right page cropped.",SIFT,none,3,True,0.5555555555555556,1.0,1.4198413491249084,1.4059137105941772,618.3467999999266,18,26,19,27,10,7,7
main_grid,IMG_0258,near laptop,low,"Close view, cool illumination; right page cropped.",Sobel,ideal_lowpass,1,True,0.8,0.0,3.0013036727905273,10.598302841186523,251.44730000010895,20,55,21,55,16,1,0
main_grid,IMG_0258,near laptop,low,"Close view, cool illumination; right page cropped.",LoG,ideal_lowpass,1,True,0.48148148148148145,0.0,2.745978593826294,9.219593048095703,245.5467999998291,27,102,29,102,13,2,0
main_grid,IMG_0258,near laptop,low,"Close view, cool illumination; right page cropped.",Harris,ideal_lowpass,1,True,0.463768115942029,0.5,1.9966515898704529,4.8817853927612305,292.38009999971837,69,176,74,176,32,2,1
main_grid,IMG_0258,near laptop,low,"Close view, cool illumination; right page cropped.",Shi-Tomasi,ideal_lowpass,1,True,0.5294117647058824,nan,2.9757914543151855,nan,283.1252999994831,51,149,59,149,27,0,0
main_grid,IMG_0258,near laptop,low,"Close view, cool illumination; right page cropped.",SIFT,ideal_lowpass,1,True,0.5,1.0,2.0354091823101044,2.0354092121124268,582.1961000001465,4,14,4,15,2,2,2
main_grid,IMG_0258,near laptop,low,"Close view, cool illumination; right page cropped.",Sobel,ideal_lowpass,2,True,0.8461538461538461,nan,2.8350237607955933,nan,309.801399999742,26,59,27,59,22,0,0
main_grid,IMG_0258,near laptop,low,"Close view, cool illumination; right page cropped.",LoG,ideal_lowpass,2,True,0.5588235294117647,0.0,2.4773635864257812,4.81060266494751,300.6905000002007,34,113,36,113,19,1,0
main_grid,IMG_0258,near laptop,low,"Close view, cool illumination; right page cropped.",Harris,ideal_lowpass,2,True,0.5595238095238095,0.5,2.373270034790039,4.296390056610107,337.61539999977686,84,204,89,204,47,2,1
main_grid,IMG_0258,near laptop,low,"Close view, cool illumination; right page cropped.",Shi-Tomasi,ideal_lowpass,2,True,0.5806451612903226,nan,3.111082673072815,nan,330.56370000031166,62,164,70,164,36,0,0
main_grid,IMG_0258,near laptop,low,"Close view, cool illumination; right page cropped.",SIFT,ideal_lowpass,2,True,0.5714285714285714,1.0,1.9379751086235046,2.0354092121124268,739.5901999998387,14,33,14,35,8,2,2
main_grid,IMG_0258,near laptop,low,"Close view, cool illumination; right page cropped.",Sobel,ideal_lowpass,3,True,0.7857142857142857,nan,2.8350237607955933,nan,322.1274000006815,28,62,29,62,22,0,0
main_grid,IMG_0258,near laptop,low,"Close view, cool illumination; right page cropped.",LoG,ideal_lowpass,3,True,0.5135135135135135,0.0,2.4773635864257812,11.03320026397705,319.7117999998227,37,119,39,119,19,2,0
main_grid,IMG_0258,near laptop,low,"Close view, cool illumination; right page cropped.",Harris,ideal_lowpass,3,True,0.5842696629213483,1.0,2.388207197189331,3.8439369201660156,361.2352000000101,89,214,94,214,52,1,1
main_grid,IMG_0258,near laptop,low,"Close view, cool illumination; right page cropped.",Shi-Tomasi,ideal_lowpass,3,True,0.5671641791044776,nan,3.164693236351013,nan,348.8784000001033,67,170,75,170,38,0,0
main_grid,IMG_0258,near laptop,low,"Close view, cool illumination; right page cropped.",SIFT,ideal_lowpass,3,True,0.5555555555555556,0.75,2.258955955505371,2.985889196395874,768.2633999993413,18,55,19,57,10,4,3
main_grid,IMG_0258,near laptop,low,"Close view, cool illumination; right page cropped.",Sobel,gaussian_lowpass,1,True,0.9,0.0,1.750857949256897,87.7071304321289,286.70429999965563,30,65,32,65,27,2,0
main_grid,IMG_0258,near laptop,low,"Close view, cool illumination; right page cropped.",LoG,gaussian_lowpass,1,True,0.696969696969697,0.0,2.2421605587005615,6.012446880340576,268.90670000011596,33,102,39,102,23,2,0
main_grid,IMG_0258,near laptop,low,"Close view, cool illumination; right page cropped.",Harris,gaussian_lowpass,1,True,0.7058823529411765,0.5,2.318606734275818,5.095394611358643,323.65909999953146,51,194,60,197,36,2,1
main_grid,IMG_0258,near laptop,low,"Close view, cool illumination; right page cropped.",Shi-Tomasi,gaussian_lowpass,1,True,0.6666666666666666,0.5,2.1655715703964233,4.163971424102783,338.1219000002602,45,174,56,174,30,2,1
main_grid,IMG_0258,near laptop,low,"Close view, cool illumination; right page cropped.",SIFT,gaussian_lowpass,1,True,0.5714285714285714,1.0,1.148780733346939,0.887917160987854,656.448900000214,7,14,7,14,4,2,2
main_grid,IMG_0258,near laptop,low,"Close view, cool illumination; right page cropped.",Sobel,gaussian_lowpass,2,True,0.9032258064516129,0.3333333333333333,1.7374844551086426,10.598302841186523,360.3696999998647,31,67,34,67,28,3,1
main_grid,IMG_0258,near laptop,low,"Close view, cool illumination; right page cropped.",LoG,gaussian_lowpass,2,True,0.7428571428571429,0.3333333333333333,1.9926683902740479,6.333919048309326,359.80970000036905,35,108,41,108,26,3,1
main_grid,IMG_0258,near laptop,low,"Close view, cool illumination; right page cropped.",Harris,gaussian_lowpass,2,True,0.7368421052631579,0.5,2.3229992389678955,3.926274299621582,407.31830000004265,57,206,69,209,42,4,2
main_grid,IMG_0258,near laptop,low,"Close view, cool illumination; right page cropped.",Shi-Tomasi,gaussian_lowpass,2,True,0.6981132075471698,0.6666666666666666,2.408308744430542,3.3701589107513428,378.28429999990476,53,187,67,187,37,3,2
main_grid,IMG_0258,near laptop,low,"Close view, cool illumination; right page cropped.",SIFT,gaussian_lowpass,2,True,0.4117647058823529,0.5,1.6805524826049805,3.160956382751465,794.5382000007157,17,28,17,30,7,4,2
main_grid,IMG_0258,near laptop,low,"Close view, cool illumination; right page cropped.",Sobel,gaussian_lowpass,3,True,0.875,0.3333333333333333,1.7374844551086426,10.598302841186523,365.270899999814,32,68,35,68,28,3,1
main_grid,IMG_0258,near laptop,low,"Close view, cool illumination; right page cropped.",LoG,gaussian_lowpass,3,True,0.7567567567567568,0.5,1.7526417970657349,3.856981039047241,363.6533999997482,37,114,43,114,28,2,1
main_grid,IMG_0258,near laptop,low,"Close view, cool illumination; right page cropped.",Harris,gaussian_lowpass,3,True,0.7457627118644068,0.6,2.3207069635391235,3.2588746547698975,423.4193000002051,59,210,71,213,44,5,3
main_grid,IMG_0258,near laptop,low,"Close view, cool illumination; right page cropped.",Shi-Tomasi,gaussian_lowpass,3,True,0.7142857142857143,0.6666666666666666,2.4585723876953125,3.3701589107513428,377.4479000003339,56,190,70,190,40,3,2
main_grid,IMG_0258,near laptop,low,"Close view, cool illumination; right page cropped.",SIFT,gaussian_lowpass,3,True,0.5217391304347826,0.6666666666666666,1.790915846824646,2.0237457752227783,837.9844000000958,23,46,23,49,12,6,4
main_grid,IMG_0258,near laptop,low,"Close view, cool illumination; right page cropped.",Sobel,ideal_highpass,1,True,0.8095238095238095,nan,2.4170643091201782,nan,312.32639999961975,42,149,52,150,34,0,0
main_grid,IMG_0258,near laptop,low,"Close view, cool illumination; right page cropped.",LoG,ideal_highpass,1,True,0.6923076923076923,nan,2.6099131107330322,nan,316.99099999968894,78,208,90,210,54,0,0
main_grid,IMG_0258,near laptop,low,"Close view, cool illumination; right page cropped.",Harris,ideal_highpass,1,True,0.6746987951807228,nan,2.8184938430786133,nan,332.7856999994765,83,218,102,220,56,0,0
main_grid,IMG_0258,near laptop,low,"Close view, cool illumination; right page cropped.",Shi-Tomasi,ideal_highpass,1,True,0.6612903225806451,nan,3.1083767414093018,nan,333.2838999995147,62,187,75,187,41,0,0
main_grid,IMG_0258,near laptop,low,"Close view, cool illumination; right page cropped.",SIFT,ideal_highpass,1,True,0.0,nan,nan,nan,823.6997000003612,5,4,8,4,0,0,0
main_grid,IMG_0258,near laptop,low,"Close view, cool illumination; right page cropped.",Sobel,ideal_highpass,2,True,0.6909090909090909,nan,1.7221019864082336,nan,380.08540000009816,55,174,65,176,38,0,0
main_grid,IMG_0258,near laptop,low,"Close view, cool illumination; right page cropped.",LoG,ideal_highpass,2,True,0.6774193548387096,nan,2.465054512023926,nan,376.2534000006781,93,217,107,220,63,0,0
main_grid,IMG_0258,near laptop,low,"Close view, cool illumination; right page cropped.",Harris,ideal_highpass,2,True,0.6956521739130435,nan,2.46239697933197,nan,436.0433000001649,92,219,111,220,64,0,0
main_grid,IMG_0258,near laptop,low,"Close view, cool illumination; right page cropped.",Shi-Tomasi,ideal_highpass,2,True,0.7464788732394366,nan,2.945499897003174,nan,408.00580000086484,71,220,85,220,53,0,0
main_grid,IMG_0258,near laptop,low,"Close view, cool illumination; right page cropped.",SIFT,ideal_highpass,2,True,0.2222222222222222,nan,1.4330054223537445,nan,1022.2699000005377,9,11,14,12,2,0,0
main_grid,IMG_0258,near laptop,low,"Close view, cool illumination; right page cropped.",Sobel,ideal_highpass,3,True,0.7192982456140351,nan,1.946379542350769,nan,381.5975999996226,57,181,67,183,41,0,0
main_grid,IMG_0258,near laptop,low,"Close view, cool illumination; right page cropped.",LoG,ideal_highpass,3,True,0.66,nan,2.5441718101501465,nan,401.0130999995454,100,217,114,220,66,0,0
main_grid,IMG_0258,near laptop,low,"Close view, cool illumination; right page cropped.",Harris,ideal_highpass,3,True,0.6770833333333334,nan,2.472034215927124,nan,416.5331000003789,96,219,115,220,65,0,0
main_grid,IMG_0258,near laptop,low,"Close view, cool illumination; right page cropped.",Shi-Tomasi,ideal_highpass,3,True,0.7066666666666667,nan,2.7620060443878174,nan,402.8187000003527,75,220,89,220,53,0,0
main_grid,IMG_0258,near laptop,low,"Close view, cool illumination; right page cropped.",SIFT,ideal_highpass,3,True,0.15,nan,0.9034962058067322,nan,1039.8928000004162,20,28,25,29,3,0,0
main_grid,IMG_0258,near laptop,low,"Close view, cool illumination; right page cropped.",Sobel,gaussian_highpass,1,True,0.85,nan,1.9635462760925293,nan,326.03949999975157,40,147,51,148,34,0,0
main_grid,IMG_0258,near laptop,low,"Close view, cool illumination; right page cropped.",LoG,gaussian_highpass,1,True,0.7142857142857143,nan,2.90529465675354,nan,314.01610000011715,77,218,89,220,55,0,0
main_grid,IMG_0258,near laptop,low,"Close view, cool illumination; right page cropped.",Harris,gaussian_highpass,1,True,0.6265060240963856,nan,2.8035179376602173,nan,364.43619999954535,83,218,100,220,52,0,0
main_grid,IMG_0258,near laptop,low,"Close view, cool illumination; right page cropped.",Shi-Tomasi,gaussian_highpass,1,True,0.6103896103896104,nan,2.947692394256592,nan,349.5339999999487,77,184,90,185,47,0,0
main_grid,IMG_0258,near laptop,low,"Close view, cool illumination; right page cropped.",SIFT,gaussian_highpass,1,True,0.0,nan,nan,nan,803.2766999995147,4,4,6,4,0,0,0
main_grid,IMG_0258,near laptop,low,"Close view, cool illumination; right page cropped.",Sobel,gaussian_highpass,2,True,0.8260869565217391,nan,1.833099603652954,nan,379.74279999980354,46,158,57,159,38,0,0
main_grid,IMG_0258,near laptop,low,"Close view, cool illumination; right page cropped.",LoG,gaussian_highpass,2,True,0.7159090909090909,nan,2.654127359390259,nan,398.7675999997009,88,218,101,220,63,0,0
main_grid,IMG_0258,near laptop,low,"Close view, cool illumination; right page cropped.",Harris,gaussian_highpass,2,True,0.7078651685393258,nan,3.0725996494293213,nan,426.2024999998175,89,220,107,220,63,0,0
main_grid,IMG_0258,near laptop,low,"Close view, cool illumination; right page cropped.",Shi-Tomasi,gaussian_highpass,2,True,0.725,nan,2.827002763748169,nan,400.4098999994312,80,218,93,220,58,0,0
main_grid,IMG_0258,near laptop,low,"Close view, cool illumination; right page cropped.",SIFT,gaussian_highpass,2,True,0.3333333333333333,0.0,0.8280888199806213,8.08115291595459,994.8223999999755,9,19,11,20,3,1,0
main_grid,IMG_0258,near laptop,low,"Close view, cool illumination; right page cropped.",Sobel,gaussian_highpass,3,True,0.8085106382978723,nan,1.833099603652954,nan,409.7940000001472,47,162,58,163,38,0,0
main_grid,IMG_0258,near laptop,low,"Close view, cool illumination; right page cropped.",LoG,gaussian_highpass,3,True,0.6947368421052632,nan,2.3286176919937134,nan,393.51710000028106,95,218,108,220,66,0,0
main_grid,IMG_0258,near laptop,low,"Close view, cool illumination; right page cropped.",Harris,gaussian_highpass,3,True,0.6914893617021277,nan,2.700024366378784,nan,452.0202000003337,94,220,112,220,65,0,0
main_grid,IMG_0258,near laptop,low,"Close view, cool illumination; right page cropped.",Shi-Tomasi,gaussian_highpass,3,True,0.7228915662650602,nan,2.860478401184082,nan,439.9729999995543,83,218,96,220,60,0,0
main_grid,IMG_0258,near laptop,low,"Close view, cool illumination; right page cropped.",SIFT,gaussian_highpass,3,True,0.4117647058823529,0.5,1.8921436071395874,4.544124126434326,1022.9525000004287,17,36,22,37,7,2,1
main_grid,IMG_0259,aisle,low,"More distant view, oblique page, diagonal shadow.",Sobel,none,1,True,0.9,0.5,1.5363882780075073,20.334856033325195,55.58209999981045,50,70,51,70,45,2,1
main_grid,IMG_0259,aisle,low,"More distant view, oblique page, diagonal shadow.",LoG,none,1,True,0.9032258064516129,0.0,1.3620410561561584,4.427613258361816,51.375500000176544,62,82,65,85,56,2,0
main_grid,IMG_0259,aisle,low,"More distant view, oblique page, diagonal shadow.",Harris,none,1,True,0.8876404494382022,nan,1.433623194694519,nan,88.73589999984688,89,128,91,128,79,0,0
main_grid,IMG_0259,aisle,low,"More distant view, oblique page, diagonal shadow.",Shi-Tomasi,none,1,True,0.8045977011494253,nan,1.4474608898162842,nan,80.7901000007405,87,105,88,105,70,0,0
main_grid,IMG_0259,aisle,low,"More distant view, oblique page, diagonal shadow.",SIFT,none,1,True,0.6666666666666666,1.0,1.1118947863578796,1.016940951347351,486.78469999958907,9,9,9,11,6,5,5
main_grid,IMG_0259,aisle,low,"More distant view, oblique page, diagonal shadow.",Sobel,none,2,True,0.9056603773584906,0.5,1.5292609930038452,20.334856033325195,69.95920000008482,53,73,54,73,48,2,1
main_grid,IMG_0259,aisle,low,"More distant view, oblique page, diagonal shadow.",LoG,none,2,True,0.9154929577464789,0.0,1.350268840789795,4.427613258361816,78.40140000007523,71,97,74,100,65,2,0
main_grid,IMG_0259,aisle,low,"More distant view, oblique page, diagonal shadow.",Harris,none,2,True,0.9021739130434783,nan,1.4743385314941406,nan,101.59509999994043,92,133,94,136,83,0,0
main_grid,IMG_0259,aisle,low,"More distant view, oblique page, diagonal shadow.",Shi-Tomasi,none,2,True,0.8,nan,1.424919307231903,nan,83.16339999964839,90,105,91,107,72,0,0
main_grid,IMG_0259,aisle,low,"More distant view, oblique page, diagonal shadow.",SIFT,none,2,True,0.7857142857142857,1.0,1.1353707313537598,1.0761559009552002,596.8882999995913,14,16,15,18,11,8,8
main_grid,IMG_0259,aisle,low,"More distant view, oblique page, diagonal shadow.",Sobel,none,3,True,0.9056603773584906,0.5,1.5292609930038452,20.334856033325195,69.57400000010239,53,73,55,73,48,2,1
main_grid,IMG_0259,aisle,low,"More distant view, oblique page, diagonal shadow.",LoG,none,3,True,0.8961038961038961,0.0,1.353157877922058,4.427613258361816,66.45679999928689,77,100,80,103,69,2,0
main_grid,IMG_0259,aisle,low,"More distant view, oblique page, diagonal shadow.",Harris,none,3,True,0.8829787234042553,nan,1.4743385314941406,nan,111.9090000001961,94,135,96,138,83,0,0
main_grid,IMG_0259,aisle,low,"More distant view, oblique page, diagonal shadow.",Shi-Tomasi,none,3,True,0.8,nan,1.424919307231903,nan,88.41940000002069,90,105,91,107,72,0,0
main_grid,IMG_0259,aisle,low,"More distant view, oblique page, diagonal shadow.",SIFT,none,3,True,0.7391304347826086,0.9230769230769231,1.1953805685043335,1.1353707313537598,620.2606999995623,23,29,24,31,17,13,12
main_grid,IMG_0259,aisle,low,"More distant view, oblique page, diagonal shadow.",Sobel,ideal_lowpass,1,True,0.7727272727272727,0.0,2.342196226119995,162.71572875976562,258.77480000053765,22,33,22,33,17,1,0
main_grid,IMG_0259,aisle,low,"More distant view, oblique page, diagonal shadow.",LoG,ideal_lowpass,1,True,0.6774193548387096,1.0,1.6721383333206177,1.3055038452148438,231.33529999995517,31,43,32,44,21,3,3
main_grid,IMG_0259,aisle,low,"More distant view, oblique page, diagonal shadow.",Harris,ideal_lowpass,1,True,0.7341772151898734,1.0,1.4389569759368896,1.6111316680908203,288.6546999998245,79,92,80,93,58,3,3
main_grid,IMG_0259,aisle,low,"More distant view, oblique page, diagonal shadow.",Shi-Tomasi,ideal_lowpass,1,True,0.7301587301587301,0.5,1.1117432117462158,83.8437728881836,279.6858000001521,63,83,63,83,46,2,1
main_grid,IMG_0259,aisle,low,"More distant view, oblique page, diagonal shadow.",SIFT,ideal_lowpass,1,True,0.0,nan,nan,nan,598.8522999996349,4,5,4,5,0,0,0
main_grid,IMG_0259,aisle,low,"More distant view, oblique page, diagonal shadow.",Sobel,ideal_lowpass,2,True,0.8214285714285714,0.5,2.342196226119995,83.03872680664062,316.3312999995469,28,38,28,38,23,2,1
main_grid,IMG_0259,aisle,low,"More distant view, oblique page, diagonal shadow.",LoG,ideal_lowpass,2,True,0.6666666666666666,1.0,1.7007420659065247,1.3055038452148438,307.9347000002599,39,51,40,52,26,3,3
main_grid,IMG_0259,aisle,low,"More distant view, oblique page, diagonal shadow.",Harris,ideal_lowpass,2,True,0.7446808510638298,1.0,1.6120290160179138,1.6111316680908203,324.2315999996208,94,109,95,110,70,3,3
main_grid,IMG_0259,aisle,low,"More distant view, oblique page, diagonal shadow.",Shi-Tomasi,ideal_lowpass,2,True,0.7162162162162162,0.6666666666666666,1.1472283601760864,1.5561987161636353,333.79409999997733,74,94,74,94,53,3,2
main_grid,IMG_0259,aisle,low,"More distant view, oblique page, diagonal shadow.",SIFT,ideal_lowpass,2,True,0.5,0.6,2.5108823776245117,1.6459898948669434,725.7337000000916,14,16,14,16,7,5,3
main_grid,IMG_0259,aisle,low,"More distant view, oblique page, diagonal shadow.",Sobel,ideal_lowpass,3,True,0.8,0.5,2.305095911026001,83.03872680664062,322.4214000001666,30,40,30,40,24,2,1
main_grid,IMG_0259,aisle,low,"More distant view, oblique page, diagonal shadow.",LoG,ideal_lowpass,3,True,0.6904761904761905,1.0,1.7814111709594727,1.3055038452148438,324.77639999979147,42,55,43,56,29,3,3
main_grid,IMG_0259,aisle,low,"More distant view, oblique page, diagonal shadow.",Harris,ideal_lowpass,3,True,0.73,0.75,1.6129263639450073,2.662318468093872,340.76850000019476,100,115,101,116,73,4,3
main_grid,IMG_0259,aisle,low,"More distant view, oblique page, diagonal shadow.",Shi-Tomasi,ideal_lowpass,3,True,0.7215189873417721,0.6666666666666666,1.2023983001708984,1.5561987161636353,343.07239999998274,79,103,79,103,57,3,2
main_grid,IMG_0259,aisle,low,"More distant view, oblique page, diagonal shadow.",SIFT,ideal_lowpass,3,True,0.631578947368421,0.7142857142857143,2.6216108798980713,2.80458927154541,796.3371000005282,19,25,19,25,12,7,5
main_grid,IMG_0259,aisle,low,"More distant view, oblique page, diagonal shadow.",Sobel,gaussian_lowpass,1,True,0.7941176470588235,nan,1.1129614114761353,nan,283.0887000000075,34,34,35,34,27,0,0
main_grid,IMG_0259,aisle,low,"More distant view, oblique page, diagonal shadow.",LoG,gaussian_lowpass,1,True,0.925,1.0,1.184066653251648,1.5200855731964111,283.8846000004196,40,59,42,61,37,1,1
main_grid,IMG_0259,aisle,low,"More distant view, oblique page, diagonal shadow.",Harris,gaussian_lowpass,1,True,0.8852459016393442,0.0,1.6685768961906433,6.337457656860352,309.1260000001057,61,80,65,81,54,1,0
main_grid,IMG_0259,aisle,low,"More distant view, oblique page, diagonal shadow.",Shi-Tomasi,gaussian_lowpass,1,True,0.9298245614035088,1.0,1.4378578662872314,0.912548840045929,311.3103999994564,57,78,59,79,53,3,3
main_grid,IMG_0259,aisle,low,"More distant view, oblique page, diagonal shadow.",SIFT,gaussian_lowpass,1,True,0.5714285714285714,0.6,1.3091370463371277,1.7098276615142822,617.281599999842,7,8,7,8,4,5,3
main_grid,IMG_0259,aisle,low,"More distant view, oblique page, diagonal shadow.",Sobel,gaussian_lowpass,2,True,0.8285714285714286,nan,1.210644006729126,nan,346.7016999993575,37,35,38,35,29,0,0
main_grid,IMG_0259,aisle,low,"More distant view, oblique page, diagonal shadow.",LoG,gaussian_lowpass,2,True,0.9090909090909091,1.0,1.1862093210220337,1.5200855731964111,342.9544000000533,44,63,46,65,40,1,1
main_grid,IMG_0259,aisle,low,"More distant view, oblique page, diagonal shadow.",Harris,gaussian_lowpass,2,True,0.8676470588235294,0.0,1.5537147521972656,156.59808349609375,358.4104000001389,68,90,72,91,59,1,0
main_grid,IMG_0259,aisle,low,"More distant view, oblique page, diagonal shadow.",Shi-Tomasi,gaussian_lowpass,2,True,0.9090909090909091,1.0,1.4505040645599365,0.912548840045929,367.028499999833,66,87,68,88,60,3,3
main_grid,IMG_0259,aisle,low,"More distant view, oblique page, diagonal shadow.",SIFT,gaussian_lowpass,2,True,0.8888888888888888,0.8461538461538461,1.265113115310669,1.2789844274520874,768.0460999999923,18,25,18,25,16,13,11
main_grid,IMG_0259,aisle,low,"More distant view, oblique page, diagonal shadow.",Sobel,gaussian_lowpass,3,True,0.8285714285714286,nan,1.210644006729126,nan,351.76419999970676,38,35,39,35,29,0,0
main_grid,IMG_0259,aisle,low,"More distant view, oblique page, diagonal shadow.",LoG,gaussian_lowpass,3,True,0.9130434782608695,1.0,1.1965035200119019,2.5794754028320312,347.19570000015665,46,66,48,68,42,2,2
main_grid,IMG_0259,aisle,low,"More distant view, oblique page, diagonal shadow.",Harris,gaussian_lowpass,3,True,0.8714285714285714,0.0,1.6020230054855347,156.59808349609375,397.6369000001796,70,93,74,94,61,1,0
main_grid,IMG_0259,aisle,low,"More distant view, oblique page, diagonal shadow.",Shi-Tomasi,gaussian_lowpass,3,True,0.9142857142857143,1.0,1.5184704065322876,2.814852237701416,373.8028000007034,70,91,72,92,64,4,4
main_grid,IMG_0259,aisle,low,"More distant view, oblique page, diagonal shadow.",SIFT,gaussian_lowpass,3,True,0.8260869565217391,0.7333333333333333,1.3670322895050049,1.3670322895050049,785.7685999997557,23,32,24,33,19,15,11
main_grid,IMG_0259,aisle,low,"More distant view, oblique page, diagonal shadow.",Sobel,ideal_highpass,1,True,0.7924528301886793,nan,1.6048515439033508,nan,293.93849999996746,53,57,55,57,42,0,0
main_grid,IMG_0259,aisle,low,"More distant view, oblique page, diagonal shadow.",LoG,ideal_highpass,1,True,0.7555555555555555,nan,1.80476576089859,nan,288.82210000028863,90,100,91,103,68,0,0
main_grid,IMG_0259,aisle,low,"More distant view, oblique page, diagonal shadow.",Harris,ideal_highpass,1,True,0.826530612244898,nan,1.3520398139953613,nan,336.3156000004892,98,156,102,156,81,0,0
main_grid,IMG_0259,aisle,low,"More distant view, oblique page, diagonal shadow.",Shi-Tomasi,ideal_highpass,1,True,0.7866666666666666,nan,2.071805477142334,nan,315.60630000058154,75,111,78,113,59,0,0
main_grid,IMG_0259,aisle,low,"More distant view, oblique page, diagonal shadow.",SIFT,ideal_highpass,1,True,0.875,1.0,1.2046955823898315,0.3264038860797882,791.9031999999788,11,8,11,9,7,3,3
main_grid,IMG_0259,aisle,low,"More distant view, oblique page, diagonal shadow.",Sobel,ideal_highpass,2,True,0.7846153846153846,nan,1.6513601541519165,nan,362.7532999998948,65,78,68,78,51,0,0
main_grid,IMG_0259,aisle,low,"More distant view, oblique page, diagonal shadow.",LoG,ideal_highpass,2,True,0.794392523364486,nan,1.7645819187164307,nan,359.8528000002261,107,126,110,130,85,0,0
main_grid,IMG_0259,aisle,low,"More distant view, oblique page, diagonal shadow.",Harris,ideal_highpass,2,True,0.8598130841121495,nan,1.8155099153518677,nan,394.3918000004487,107,173,111,177,92,0,0
main_grid,IMG_0259,aisle,low,"More distant view, oblique page, diagonal shadow.",Shi-Tomasi,ideal_highpass,2,True,0.8235294117647058,nan,1.8476081490516663,nan,358.9609000000564,85,124,88,126,70,0,0
main_grid,IMG_0259,aisle,low,"More distant view, oblique page, diagonal shadow.",SIFT,ideal_highpass,2,True,0.5714285714285714,1.0,1.2176249027252197,0.3264038860797882,1020.9882999997717,17,14,18,16,8,3,3
main_grid,IMG_0259,aisle,low,"More distant view, oblique page, diagonal shadow.",Sobel,ideal_highpass,3,True,0.7794117647058824,nan,1.7011321783065796,nan,376.07930000012857,68,80,71,80,53,0,0
main_grid,IMG_0259,aisle,low,"More distant view, oblique page, diagonal shadow.",LoG,ideal_highpass,3,True,0.7807017543859649,nan,1.7645819187164307,nan,384.6122999993895,114,132,117,136,89,0,0
main_grid,IMG_0259,aisle,low,"More distant view, oblique page, diagonal shadow.",Harris,ideal_highpass,3,True,0.8378378378378378,nan,1.797194242477417,nan,396.025500000178,111,177,115,181,93,0,0
main_grid,IMG_0259,aisle,low,"More distant view, oblique page, diagonal shadow.",Shi-Tomasi,ideal_highpass,3,True,0.7802197802197802,nan,1.8693327903747559,nan,403.8874999996551,91,125,94,127,71,0,0
main_grid,IMG_0259,aisle,low,"More distant view, oblique page, diagonal shadow.",SIFT,ideal_highpass,3,True,0.43478260869565216,1.0,1.2176249027252197,0.3264038860797882,1039.6442999999636,28,23,29,25,10,3,3
main_grid,IMG_0259,aisle,low,"More distant view, oblique page, diagonal shadow.",Sobel,gaussian_highpass,1,True,0.8653846153846154,nan,2.1164164543151855,nan,306.909099999757,52,69,53,70,45,0,0
main_grid,IMG_0259,aisle,low,"More distant view, oblique page, diagonal shadow.",LoG,gaussian_highpass,1,True,0.8181818181818182,nan,1.587939977645874,nan,335.1671999998871,88,103,91,106,72,0,0
main_grid,IMG_0259,aisle,low,"More distant view, oblique page, diagonal shadow.",Harris,gaussian_highpass,1,True,0.85,nan,1.4360029697418213,nan,370.1174000007086,100,166,105,166,85,0,0
main_grid,IMG_0259,aisle,low,"More distant view, oblique page, diagonal shadow.",Shi-Tomasi,gaussian_highpass,1,True,0.7582417582417582,nan,1.8427456617355347,nan,324.70480000029056,91,125,93,126,69,0,0
main_grid,IMG_0259,aisle,low,"More distant view, oblique page, diagonal shadow.",SIFT,gaussian_highpass,1,True,0.5,1.0,1.0568511486053467,0.7106424570083618,837.1664999995119,7,6,7,7,3,2,2
main_grid,IMG_0259,aisle,low,"More distant view, oblique page, diagonal shadow.",Sobel,gaussian_highpass,2,True,0.85,nan,2.1164164543151855,nan,391.96780000020226,60,79,62,80,51,0,0
main_grid,IMG_0259,aisle,low,"More distant view, oblique page, diagonal shadow.",LoG,gaussian_highpass,2,True,0.8543689320388349,nan,1.9001898765563965,nan,393.2483999997203,103,128,107,131,88,0,0
main_grid,IMG_0259,aisle,low,"More distant view, oblique page, diagonal shadow.",Harris,gaussian_highpass,2,True,0.8828828828828829,nan,1.728468120098114,nan,415.96320000007836,111,174,116,178,98,0,0
main_grid,IMG_0259,aisle,low,"More distant view, oblique page, diagonal shadow.",Shi-Tomasi,gaussian_highpass,2,True,0.8085106382978723,nan,1.8389827609062195,nan,416.43459999977495,94,132,96,134,76,0,0
main_grid,IMG_0259,aisle,low,"More distant view, oblique page, diagonal shadow.",SIFT,gaussian_highpass,2,True,0.4166666666666667,1.0,1.0568511486053467,0.9866688847541809,1023.1383999998798,12,18,13,20,5,3,3
main_grid,IMG_0259,aisle,low,"More distant view, oblique page, diagonal shadow.",Sobel,gaussian_highpass,3,True,0.8688524590163934,nan,2.1164164543151855,nan,408.24609999981476,61,81,63,82,53,0,0
main_grid,IMG_0259,aisle,low,"More distant view, oblique page, diagonal shadow.",LoG,gaussian_highpass,3,True,0.8363636363636363,nan,1.7366614937782288,nan,436.05119999938324,110,134,114,137,92,0,0
main_grid,IMG_0259,aisle,low,"More distant view, oblique page, diagonal shadow.",Harris,gaussian_highpass,3,True,0.8620689655172413,nan,1.7641478776931763,nan,485.9288999996352,116,176,121,180,100,0,0
main_grid,IMG_0259,aisle,low,"More distant view, oblique page, diagonal shadow.",Shi-Tomasi,gaussian_highpass,3,True,0.7938144329896907,nan,1.808632731437683,nan,440.7952000001387,97,135,99,137,77,0,0
main_grid,IMG_0259,aisle,low,"More distant view, oblique page, diagonal shadow.",SIFT,gaussian_highpass,3,True,0.34782608695652173,1.0,1.4831268787384033,1.0568511486053467,1093.2272999998531,23,25,24,27,8,5,5
main_grid,IMG_0261,cabinet,low,Close tilted view; left margin partly outside frame.,Sobel,none,1,True,0.8541666666666666,nan,1.876021146774292,nan,58.25430000004417,48,120,52,121,41,0,0
main_grid,IMG_0261,cabinet,low,Close tilted view; left margin partly outside frame.,LoG,none,1,True,0.7903225806451613,0.0,2.358126163482666,6.023157119750977,66.05380000019068,62,210,66,212,49,1,0
main_grid,IMG_0261,cabinet,low,Close tilted view; left margin partly outside frame.,Harris,none,1,True,0.625,nan,2.4180328845977783,nan,92.40820000013628,88,218,92,220,55,0,0
main_grid,IMG_0261,cabinet,low,Close tilted view; left margin partly outside frame.,Shi-Tomasi,none,1,True,0.6666666666666666,nan,2.0233001112937927,nan,79.4568999999683,87,219,90,220,58,0,0
main_grid,IMG_0261,cabinet,low,Close tilted view; left margin partly outside frame.,SIFT,none,1,True,0.0,nan,nan,nan,433.0807000005734,9,0,10,0,0,0,0
main_grid,IMG_0261,cabinet,low,Close tilted view; left margin partly outside frame.,Sobel,none,2,True,0.9215686274509803,nan,1.9561418294906616,nan,71.26849999986007,51,126,55,129,47,0,0
main_grid,IMG_0261,cabinet,low,Close tilted view; left margin partly outside frame.,LoG,none,2,True,0.7605633802816901,0.0,2.393341302871704,6.023157119750977,73.70280000031926,71,217,75,220,54,1,0
main_grid,IMG_0261,cabinet,low,Close tilted view; left margin partly outside frame.,Harris,none,2,True,0.7142857142857143,0.0,2.178089141845703,7.067065238952637,112.74869999942894,91,218,95,220,65,1,0
main_grid,IMG_0261,cabinet,low,Close tilted view; left margin partly outside frame.,Shi-Tomasi,none,2,True,0.6888888888888889,nan,2.0477389693260193,nan,95.91439999985596,90,219,93,220,62,0,0
main_grid,IMG_0261,cabinet,low,Close tilted view; left margin partly outside frame.,SIFT,none,2,True,0.7142857142857143,0.8333333333333334,1.7647691369056702,1.3437901735305786,599.1914000005636,14,22,16,22,10,6,5
main_grid,IMG_0261,cabinet,low,Close tilted view; left margin partly outside frame.,Sobel,none,3,True,0.9215686274509803,nan,1.91031813621521,nan,84.84469999984867,51,128,56,131,47,0,0
main_grid,IMG_0261,cabinet,low,Close tilted view; left margin partly outside frame.,LoG,none,3,True,0.7532467532467533,nan,2.202191114425659,nan,81.9059000004927,77,217,81,220,58,0,0
main_grid,IMG_0261,cabinet,low,Close tilted view; left margin partly outside frame.,Harris,none,3,True,0.6989247311827957,0.0,2.178089141845703,7.067065238952637,130.80100000024686,93,218,97,220,65,1,0
main_grid,IMG_0261,cabinet,low,Close tilted view; left margin partly outside frame.,Shi-Tomasi,none,3,True,0.6888888888888889,nan,2.0477389693260193,nan,124.62689999938448,90,218,93,220,62,0,0
main_grid,IMG_0261,cabinet,low,Close tilted view; left margin partly outside frame.,SIFT,none,3,True,0.5217391304347826,0.8333333333333334,1.7647691369056702,1.3437901735305786,638.6904000000868,23,40,25,41,12,6,5
main_grid,IMG_0261,cabinet,low,Close tilted view; left margin partly outside frame.,Sobel,ideal_lowpass,1,True,0.7619047619047619,nan,3.075081467628479,nan,276.435699999638,21,58,23,58,16,0,0
main_grid,IMG_0261,cabinet,low,Close tilted view; left margin partly outside frame.,LoG,ideal_lowpass,1,True,0.38235294117647056,0.0,2.7777092456817627,6.20044469833374,280.923299999813,34,112,35,112,13,1,0
main_grid,IMG_0261,cabinet,low,Close tilted view; left margin partly outside frame.,Harris,ideal_lowpass,1,True,0.45,0.5,2.1227729320526123,4.689718246459961,296.5893999999025,80,184,82,185,36,2,1
main_grid,IMG_0261,cabinet,low,Close tilted view; left margin partly outside frame.,Shi-Tomasi,ideal_lowpass,1,True,0.4918032786885246,1.0,2.8520506620407104,3.7039263248443604,257.1559000007255,61,149,65,150,30,1,1
main_grid,IMG_0261,cabinet,low,Close tilted view; left margin partly outside frame.,SIFT,ideal_lowpass,1,True,0.5,nan,2.3199702501296997,nan,546.8815000003815,4,16,4,16,2,0,0
main_grid,IMG_0261,cabinet,low,Close tilted view; left margin partly outside frame.,Sobel,ideal_lowpass,2,True,0.8888888888888888,nan,2.755569100379944,nan,273.90509999986534,27,69,29,69,24,0,0
main_grid,IMG_0261,cabinet,low,Close tilted view; left margin partly outside frame.,LoG,ideal_lowpass,2,True,0.5,0.0,2.4196925163269043,6.20044469833374,270.20750000065163,42,124,43,124,21,3,0
main_grid,IMG_0261,cabinet,low,Close tilted view; left margin partly outside frame.,Harris,ideal_lowpass,2,True,0.5789473684210527,0.5,2.5747036933898926,3.767859935760498,322.91149999946356,95,214,97,215,55,4,2
main_grid,IMG_0261,cabinet,low,Close tilted view; left margin partly outside frame.,Shi-Tomasi,ideal_lowpass,2,True,0.5555555555555556,0.3333333333333333,2.486475110054016,7.5974040031433105,321.49089999984426,72,167,76,168,40,3,1
main_grid,IMG_0261,cabinet,low,Close tilted view; left margin partly outside frame.,SIFT,ideal_lowpass,2,True,0.7142857142857143,0.5,2.799861431121826,4.155385494232178,759.9168999995527,14,45,14,45,10,2,1
main_grid,IMG_0261,cabinet,low,Close tilted view; left margin partly outside frame.,Sobel,ideal_lowpass,3,True,0.8620689655172413,nan,2.7930994033813477,nan,315.8775000001697,29,71,31,71,25,0,0
main_grid,IMG_0261,cabinet,low,Close tilted view; left margin partly outside frame.,LoG,ideal_lowpass,3,True,0.5555555555555556,0.0,2.4885411262512207,6.20044469833374,329.1031999997358,45,135,46,135,25,3,0
main_grid,IMG_0261,cabinet,low,Close tilted view; left margin partly outside frame.,Harris,ideal_lowpass,3,True,0.5544554455445545,0.3333333333333333,2.509722590446472,4.195902347564697,375.33559999974386,101,219,103,220,56,3,1
main_grid,IMG_0261,cabinet,low,Close tilted view; left margin partly outside frame.,Shi-Tomasi,ideal_lowpass,3,True,0.5454545454545454,0.5,2.4875670671463013,5.954967021942139,339.1066000003775,77,181,81,183,42,2,1
main_grid,IMG_0261,cabinet,low,Close tilted view; left margin partly outside frame.,SIFT,ideal_lowpass,3,True,0.631578947368421,0.3333333333333333,1.9353191256523132,6.785329341888428,812.1289999999135,19,74,19,74,12,3,1
main_grid,IMG_0261,cabinet,low,Close tilted view; left margin partly outside frame.,Sobel,gaussian_lowpass,1,True,0.90625,0.3333333333333333,2.482933282852173,4.637411594390869,296.3897999998153,32,68,35,68,29,3,1
main_grid,IMG_0261,cabinet,low,Close tilted view; left margin partly outside frame.,LoG,gaussian_lowpass,1,True,0.775,0.0,2.031080961227417,6.214898586273193,302.75150000034046,40,107,43,108,31,1,0
main_grid,IMG_0261,cabinet,low,Close tilted view; left margin partly outside frame.,Harris,gaussian_lowpass,1,True,0.7741935483870968,0.0,2.2831262350082397,6.00026798248291,332.56639999945037,62,216,66,218,48,2,0
main_grid,IMG_0261,cabinet,low,Close tilted view; left margin partly outside frame.,Shi-Tomasi,gaussian_lowpass,1,True,0.7547169811320755,0.3333333333333333,1.8598994612693787,4.512688159942627,298.402299999907,53,181,57,183,40,3,1
main_grid,IMG_0261,cabinet,low,Close tilted view; left margin partly outside frame.,SIFT,gaussian_lowpass,1,True,0.5714285714285714,1.0,2.4363268613815308,2.653399705886841,666.1793000002945,7,15,7,15,4,1,1
main_grid,IMG_0261,cabinet,low,Close tilted view; left margin partly outside frame.,Sobel,gaussian_lowpass,2,True,0.8857142857142857,0.5,2.3343327045440674,3.485872268676758,338.73810000022786,35,72,38,72,31,4,2
main_grid,IMG_0261,cabinet,low,Close tilted view; left margin partly outside frame.,LoG,gaussian_lowpass,2,True,0.8,0.3333333333333333,2.136534333229065,4.347900390625,353.57680000015534,45,120,48,122,36,3,1
main_grid,IMG_0261,cabinet,low,Close tilted view; left margin partly outside frame.,Harris,gaussian_lowpass,2,True,0.7681159420289855,0.6,2.218169927597046,3.8840627670288086,390.4198999998698,69,218,73,220,53,5,3
main_grid,IMG_0261,cabinet,low,Close tilted view; left margin partly outside frame.,Shi-Tomasi,gaussian_lowpass,2,True,0.7903225806451613,0.16666666666666666,1.8286244869232178,4.626734256744385,361.6847000002963,62,194,66,197,49,6,1
main_grid,IMG_0261,cabinet,low,Close tilted view; left margin partly outside frame.,SIFT,gaussian_lowpass,2,True,0.5,0.6666666666666666,2.4068799018859863,2.653399705886841,774.7362999998586,18,33,18,35,9,3,2
main_grid,IMG_0261,cabinet,low,Close tilted view; left margin partly outside frame.,Sobel,gaussian_lowpass,3,True,0.8888888888888888,0.5,2.2973649501800537,3.485872268676758,369.49819999972533,36,74,39,74,32,4,2
main_grid,IMG_0261,cabinet,low,Close tilted view; left margin partly outside frame.,LoG,gaussian_lowpass,3,True,0.8297872340425532,0.3333333333333333,2.3414671421051025,4.347900390625,368.3332000000519,47,127,50,129,39,3,1
main_grid,IMG_0261,cabinet,low,Close tilted view; left margin partly outside frame.,Harris,gaussian_lowpass,3,True,0.7464788732394366,0.6,2.1935770511627197,3.8840627670288086,393.0603999997402,71,218,75,220,53,5,3
main_grid,IMG_0261,cabinet,low,Close tilted view; left margin partly outside frame.,Shi-Tomasi,gaussian_lowpass,3,True,0.803030303030303,0.14285714285714285,1.8911744356155396,4.740780353546143,399.5211000001291,66,197,70,200,53,7,1
main_grid,IMG_0261,cabinet,low,Close tilted view; left margin partly outside frame.,SIFT,gaussian_lowpass,3,True,0.5217391304347826,0.6666666666666666,2.356657028198242,2.653399705886841,831.4571999999316,23,49,24,51,12,3,2
main_grid,IMG_0261,cabinet,low,Close tilted view; left margin partly outside frame.,Sobel,ideal_highpass,1,True,0.7884615384615384,nan,1.9657526016235352,nan,311.3712000003943,52,149,56,149,41,0,0
main_grid,IMG_0261,cabinet,low,Close tilted view; left margin partly outside frame.,LoG,ideal_highpass,1,True,0.7555555555555555,nan,2.616773843765259,nan,291.7256000000634,90,218,93,220,68,0,0
main_grid,IMG_0261,cabinet,low,Close tilted view; left margin partly outside frame.,Harris,ideal_highpass,1,True,0.6122448979591837,nan,2.416620135307312,nan,348.5309999996389,98,218,104,220,60,0,0
main_grid,IMG_0261,cabinet,low,Close tilted view; left margin partly outside frame.,Shi-Tomasi,ideal_highpass,1,True,0.6666666666666666,nan,2.1800111532211304,nan,332.43190000030154,75,214,80,215,50,0,0
main_grid,IMG_0261,cabinet,low,Close tilted view; left margin partly outside frame.,SIFT,ideal_highpass,1,True,1.0,nan,1.4895780086517334,nan,849.8690999995233,11,2,12,2,2,0,0
main_grid,IMG_0261,cabinet,low,Close tilted view; left margin partly outside frame.,Sobel,ideal_highpass,2,True,0.7230769230769231,nan,2.049262046813965,nan,378.941400000258,65,169,70,171,47,0,0
main_grid,IMG_0261,cabinet,low,Close tilted view; left margin partly outside frame.,LoG,ideal_highpass,2,True,0.6944444444444444,nan,2.575653076171875,nan,392.39090000046417,108,217,112,220,75,0,0
main_grid,IMG_0261,cabinet,low,Close tilted view; left margin partly outside frame.,Harris,ideal_highpass,2,True,0.6981132075471698,nan,2.564475178718567,nan,460.3810999997222,106,218,112,220,74,0,0
main_grid,IMG_0261,cabinet,low,Close tilted view; left margin partly outside frame.,Shi-Tomasi,ideal_highpass,2,True,0.7294117647058823,nan,2.3335663080215454,nan,383.7452999996458,85,218,90,220,62,0,0
main_grid,IMG_0261,cabinet,low,Close tilted view; left margin partly outside frame.,SIFT,ideal_highpass,2,True,0.4117647058823529,1.0,1.5693724155426025,1.4252208471298218,1009.618799999771,17,18,19,18,7,1,1
main_grid,IMG_0261,cabinet,low,Close tilted view; left margin partly outside frame.,Sobel,ideal_highpass,3,True,0.7352941176470589,nan,2.080493927001953,nan,404.69990000019607,68,175,73,177,50,0,0
main_grid,IMG_0261,cabinet,low,Close tilted view; left margin partly outside frame.,LoG,ideal_highpass,3,True,0.6608695652173913,nan,2.5763347148895264,nan,379.84549999964656,115,217,119,220,76,0,0
main_grid,IMG_0261,cabinet,low,Close tilted view; left margin partly outside frame.,Harris,ideal_highpass,3,True,0.6727272727272727,nan,2.5250086784362793,nan,409.06790000008186,110,218,116,220,74,0,0
main_grid,IMG_0261,cabinet,low,Close tilted view; left margin partly outside frame.,Shi-Tomasi,ideal_highpass,3,True,0.7111111111111111,nan,2.3335663080215454,nan,401.6016000005038,90,218,95,220,64,0,0
main_grid,IMG_0261,cabinet,low,Close tilted view; left margin partly outside frame.,SIFT,ideal_highpass,3,True,0.2857142857142857,0.0,1.4972966313362122,109.57981872558594,1018.2693000006111,28,33,30,33,8,1,0
main_grid,IMG_0261,cabinet,low,Close tilted view; left margin partly outside frame.,Sobel,gaussian_highpass,1,True,0.8,nan,2.1486343145370483,nan,304.36509999981354,50,146,54,148,40,0,0
main_grid,IMG_0261,cabinet,low,Close tilted view; left margin partly outside frame.,LoG,gaussian_highpass,1,True,0.7303370786516854,nan,2.650672674179077,nan,334.3155000002298,89,218,94,220,65,0,0
main_grid,IMG_0261,cabinet,low,Close tilted view; left margin partly outside frame.,Harris,gaussian_highpass,1,True,0.56,nan,2.3704034090042114,nan,370.7285000000411,100,218,106,220,56,0,0
main_grid,IMG_0261,cabinet,low,Close tilted view; left margin partly outside frame.,Shi-Tomasi,gaussian_highpass,1,True,0.7111111111111111,nan,2.3658807277679443,nan,323.7160999997286,90,219,94,220,64,0,0
main_grid,IMG_0261,cabinet,low,Close tilted view; left margin partly outside frame.,SIFT,gaussian_highpass,1,True,1.0,nan,1.5978094339370728,nan,813.757999999325,7,1,8,1,1,0,0
main_grid,IMG_0261,cabinet,low,Close tilted view; left margin partly outside frame.,Sobel,gaussian_highpass,2,True,0.7627118644067796,nan,2.2705535888671875,nan,385.59540000005654,59,155,64,158,45,0,0
main_grid,IMG_0261,cabinet,low,Close tilted view; left margin partly outside frame.,LoG,gaussian_highpass,2,True,0.6792452830188679,nan,2.4076647758483887,nan,406.64899999956106,106,217,111,220,72,0,0
main_grid,IMG_0261,cabinet,low,Close tilted view; left margin partly outside frame.,Harris,gaussian_highpass,2,True,0.6666666666666666,nan,2.844525098800659,nan,415.36420000011276,111,218,117,220,74,0,0
main_grid,IMG_0261,cabinet,low,Close tilted view; left margin partly outside frame.,Shi-Tomasi,gaussian_highpass,2,True,0.7311827956989247,nan,2.4503813982009888,nan,427.62539999966975,93,219,98,220,68,0,0
main_grid,IMG_0261,cabinet,low,Close tilted view; left margin partly outside frame.,SIFT,gaussian_highpass,2,True,0.3333333333333333,1.0,1.8411542773246765,1.1309994459152222,992.4015000005966,12,20,14,21,4,2,2
main_grid,IMG_0261,cabinet,low,Close tilted view; left margin partly outside frame.,Sobel,gaussian_highpass,3,True,0.7666666666666667,nan,2.2409995794296265,nan,411.4303000005748,60,161,65,164,46,0,0
main_grid,IMG_0261,cabinet,low,Close tilted view; left margin partly outside frame.,LoG,gaussian_highpass,3,True,0.672566371681416,nan,2.29376757144928,nan,401.99789999951463,113,217,118,220,76,0,0
main_grid,IMG_0261,cabinet,low,Close tilted view; left margin partly outside frame.,Harris,gaussian_highpass,3,True,0.6120689655172413,nan,2.5579800605773926,nan,452.5649999995949,116,218,122,220,71,0,0
main_grid,IMG_0261,cabinet,low,Close tilted view; left margin partly outside frame.,Shi-Tomasi,gaussian_highpass,3,True,0.6979166666666666,nan,2.499053716659546,nan,414.3064999998387,96,218,101,220,67,0,0
main_grid,IMG_0261,cabinet,low,Close tilted view; left margin partly outside frame.,SIFT,gaussian_highpass,3,True,0.2608695652173913,0.75,1.766782522201538,1.1415841579437256,1024.3929000007483,23,36,25,37,6,4,3
main_grid,IMG_0262,cabinet,mild,Tilted view with slightly softer fine text.,Sobel,none,1,True,0.625,nan,1.5097554922103882,nan,55.816399999457644,48,87,52,88,30,0,0
main_grid,IMG_0262,cabinet,mild,Tilted view with slightly softer fine text.,LoG,none,1,True,0.7868852459016393,0.0,1.9734604954719543,5.399020195007324,56.06729999999516,61,145,66,149,48,1,0
main_grid,IMG_0262,cabinet,mild,Tilted view with slightly softer fine text.,Harris,none,1,True,0.7045454545454546,nan,2.4797476530075073,nan,88.59879999999976,88,217,92,220,62,0,0
main_grid,IMG_0262,cabinet,mild,Tilted view with slightly softer fine text.,Shi-Tomasi,none,1,True,0.6395348837209303,1.0,2.1245203018188477,0.46105173230171204,78.11800000035873,86,180,90,183,55,1,1
main_grid,IMG_0262,cabinet,mild,Tilted view with slightly softer fine text.,SIFT,none,1,True,0.4444444444444444,1.0,1.5685932040214539,1.9456827640533447,436.95949999982986,9,12,10,13,4,2,2
main_grid,IMG_0262,cabinet,mild,Tilted view with slightly softer fine text.,Sobel,none,2,True,0.6862745098039216,nan,1.5655180215835571,nan,60.263400000621914,51,93,55,95,35,0,0
main_grid,IMG_0262,cabinet,mild,Tilted view with slightly softer fine text.,LoG,none,2,True,0.8571428571428571,0.0,1.9959015846252441,5.399020195007324,67.74990000030812,70,172,75,176,60,1,0
main_grid,IMG_0262,cabinet,mild,Tilted view with slightly softer fine text.,Harris,none,2,True,0.7142857142857143,0.0,2.479306697845459,4.1724724769592285,105.38149999956659,91,216,95,220,65,1,0
main_grid,IMG_0262,cabinet,mild,Tilted view with slightly softer fine text.,Shi-Tomasi,none,2,True,0.6853932584269663,1.0,2.1158535480499268,0.46105173230171204,97.95719999965513,89,197,93,200,61,1,1
main_grid,IMG_0262,cabinet,mild,Tilted view with slightly softer fine text.,SIFT,none,2,True,0.5,0.5,2.6916823387145996,3.7467031478881836,577.1437000003061,14,29,16,32,7,4,2
main_grid,IMG_0262,cabinet,mild,Tilted view with slightly softer fine text.,Sobel,none,3,True,0.7058823529411765,nan,1.5783180594444275,nan,66.25249999979133,51,95,56,97,36,0,0
main_grid,IMG_0262,cabinet,mild,Tilted view with slightly softer fine text.,LoG,none,3,True,0.881578947368421,0.0,2.0022661685943604,5.399020195007324,70.49929999993765,76,180,81,185,67,1,0
main_grid,IMG_0262,cabinet,mild,Tilted view with slightly softer fine text.,Harris,none,3,True,0.7204301075268817,0.0,2.479306697845459,4.1724724769592285,109.73039999953471,93,216,97,220,67,1,0
main_grid,IMG_0262,cabinet,mild,Tilted view with slightly softer fine text.,Shi-Tomasi,none,3,True,0.6966292134831461,1.0,2.094930052757263,0.46105173230171204,101.77699999985634,89,202,93,205,62,1,1
main_grid,IMG_0262,cabinet,mild,Tilted view with slightly softer fine text.,SIFT,none,3,True,0.5652173913043478,0.5,2.6916823387145996,3.7467031478881836,608.2495999999082,23,52,25,55,13,4,2
main_grid,IMG_0262,cabinet,mild,Tilted view with slightly softer fine text.,Sobel,ideal_lowpass,1,True,0.5714285714285714,nan,2.9750274419784546,nan,232.1375999999873,21,45,23,47,12,0,0
main_grid,IMG_0262,cabinet,mild,Tilted view with slightly softer fine text.,LoG,ideal_lowpass,1,True,0.35294117647058826,0.0,2.7115728855133057,5.566792964935303,267.19020000018645,34,101,35,104,12,1,0
main_grid,IMG_0262,cabinet,mild,Tilted view with slightly softer fine text.,Harris,ideal_lowpass,1,True,0.375,0.5,2.467066764831543,4.454626083374023,306.4561999999569,80,157,82,159,30,2,1
main_grid,IMG_0262,cabinet,mild,Tilted view with slightly softer fine text.,Shi-Tomasi,ideal_lowpass,1,True,0.45161290322580644,0.6666666666666666,2.061979591846466,1.8503273725509644,288.26889999982086,62,132,65,134,28,3,2
main_grid,IMG_0262,cabinet,mild,Tilted view with slightly softer fine text.,SIFT,ideal_lowpass,1,True,0.5,1.0,2.4782201051712036,2.3980705738067627,609.5887000001312,4,27,4,28,2,1,1
main_grid,IMG_0262,cabinet,mild,Tilted view with slightly softer fine text.,Sobel,ideal_lowpass,2,True,0.6296296296296297,nan,2.9710259437561035,nan,314.5753999997396,27,50,29,52,17,0,0
main_grid,IMG_0262,cabinet,mild,Tilted view with slightly softer fine text.,LoG,ideal_lowpass,2,True,0.4523809523809524,0.0,2.7769880294799805,5.566792964935303,288.32170000077895,42,109,43,112,19,1,0
main_grid,IMG_0262,cabinet,mild,Tilted view with slightly softer fine text.,Harris,ideal_lowpass,2,True,0.43157894736842106,0.3333333333333333,2.3808841705322266,5.881641387939453,372.9799999991883,95,175,97,177,41,3,1
main_grid,IMG_0262,cabinet,mild,Tilted view with slightly softer fine text.,Shi-Tomasi,ideal_lowpass,2,True,0.4657534246575342,1.0,2.017042815685272,1.8209710121154785,345.2780999996321,73,142,76,144,34,2,2
main_grid,IMG_0262,cabinet,mild,Tilted view with slightly softer fine text.,SIFT,ideal_lowpass,2,True,0.7142857142857143,1.0,2.4782201051712036,2.3980705738067627,731.6923999997016,14,60,14,63,10,1,1
main_grid,IMG_0262,cabinet,mild,Tilted view with slightly softer fine text.,Sobel,ideal_lowpass,3,True,0.5862068965517241,nan,2.9710259437561035,nan,318.8282999999501,29,52,31,54,17,0,0
main_grid,IMG_0262,cabinet,mild,Tilted view with slightly softer fine text.,LoG,ideal_lowpass,3,True,0.4888888888888889,0.0,2.8365410566329956,102.33391571044922,305.92949999936536,45,115,46,118,22,2,0
main_grid,IMG_0262,cabinet,mild,Tilted view with slightly softer fine text.,Harris,ideal_lowpass,3,True,0.4752475247524752,0.3333333333333333,2.350008487701416,5.881641387939453,370.84410000079515,101,187,103,191,48,3,1
main_grid,IMG_0262,cabinet,mild,Tilted view with slightly softer fine text.,Shi-Tomasi,ideal_lowpass,3,True,0.5,1.0,1.9545223712921143,1.8209710121154785,337.16890000050626,78,154,81,158,39,2,2
main_grid,IMG_0262,cabinet,mild,Tilted view with slightly softer fine text.,SIFT,ideal_lowpass,3,True,0.7368421052631579,0.3333333333333333,2.4782201051712036,5.916436195373535,774.5037000004231,19,89,19,92,14,3,1
main_grid,IMG_0262,cabinet,mild,Tilted view with slightly softer fine text.,Sobel,gaussian_lowpass,1,True,0.9090909090909091,0.0,2.8184624910354614,10.017414093017578,267.70070000020496,33,52,35,52,30,1,0
main_grid,IMG_0262,cabinet,mild,Tilted view with slightly softer fine text.,LoG,gaussian_lowpass,1,True,0.8461538461538461,0.8,2.309680223464966,1.8283017873764038,276.0065000002214,39,96,43,99,33,5,4
main_grid,IMG_0262,cabinet,mild,Tilted view with slightly softer fine text.,Harris,gaussian_lowpass,1,True,0.7741935483870968,0.42857142857142855,2.3037686347961426,4.777907371520996,325.2616999998281,62,162,66,165,48,7,3
main_grid,IMG_0262,cabinet,mild,Tilted view with slightly softer fine text.,Shi-Tomasi,gaussian_lowpass,1,True,0.7547169811320755,0.625,2.7953916788101196,3.83254075050354,306.8233000003602,53,140,57,141,40,8,5
main_grid,IMG_0262,cabinet,mild,Tilted view with slightly softer fine text.,SIFT,gaussian_lowpass,1,True,0.5714285714285714,0.6666666666666666,3.076424479484558,3.089095115661621,617.5530999998955,7,20,7,21,4,3,2
main_grid,IMG_0262,cabinet,mild,Tilted view with slightly softer fine text.,Sobel,gaussian_lowpass,2,True,0.9166666666666666,0.5,2.7923285961151123,6.691715240478516,353.68449999987206,36,55,38,55,33,2,1
main_grid,IMG_0262,cabinet,mild,Tilted view with slightly softer fine text.,LoG,gaussian_lowpass,2,True,0.75,0.7142857142857143,2.152229070663452,1.9242018461227417,318.64500000028784,44,103,48,106,33,7,5
main_grid,IMG_0262,cabinet,mild,Tilted view with slightly softer fine text.,Harris,gaussian_lowpass,2,True,0.7246376811594203,0.4,2.1638251543045044,4.777907371520996,384.48049999988143,69,168,73,171,50,5,2
main_grid,IMG_0262,cabinet,mild,Tilted view with slightly softer fine text.,Shi-Tomasi,gaussian_lowpass,2,True,0.7096774193548387,0.6,2.2133504152297974,3.83254075050354,372.52859999989596,62,145,66,147,44,10,6
main_grid,IMG_0262,cabinet,mild,Tilted view with slightly softer fine text.,SIFT,gaussian_lowpass,2,True,0.5555555555555556,0.6,2.3765411376953125,3.089095115661621,763.2491999993363,18,49,18,51,10,5,3
main_grid,IMG_0262,cabinet,mild,Tilted view with slightly softer fine text.,Sobel,gaussian_lowpass,3,True,0.8918918918918919,0.5,2.711859703063965,6.691715240478516,343.335699999443,37,57,39,57,33,2,1
main_grid,IMG_0262,cabinet,mild,Tilted view with slightly softer fine text.,LoG,gaussian_lowpass,3,True,0.8043478260869565,0.7142857142857143,2.1803507804870605,1.9242018461227417,363.73830000047747,46,110,50,113,37,7,5
main_grid,IMG_0262,cabinet,mild,Tilted view with slightly softer fine text.,Harris,gaussian_lowpass,3,True,0.7464788732394366,0.4,2.169159173965454,4.031497955322266,406.84260000034556,71,172,75,176,53,5,2
main_grid,IMG_0262,cabinet,mild,Tilted view with slightly softer fine text.,Shi-Tomasi,gaussian_lowpass,3,True,0.7424242424242424,0.6,2.3418962955474854,3.83254075050354,348.3168000002479,66,150,70,152,49,10,6
main_grid,IMG_0262,cabinet,mild,Tilted view with slightly softer fine text.,SIFT,gaussian_lowpass,3,True,0.4166666666666667,0.6,2.3765411376953125,3.089095115661621,808.6832000008144,24,62,24,64,10,5,3
main_grid,IMG_0262,cabinet,mild,Tilted view with slightly softer fine text.,Sobel,ideal_highpass,1,True,0.7924528301886793,nan,2.2429187297821045,nan,293.08190000028844,53,129,56,130,42,0,0
main_grid,IMG_0262,cabinet,mild,Tilted view with slightly softer fine text.,LoG,ideal_highpass,1,True,0.7386363636363636,nan,2.4477767944335938,nan,304.56390000017564,88,185,93,186,65,0,0
main_grid,IMG_0262,cabinet,mild,Tilted view with slightly softer fine text.,Harris,ideal_highpass,1,True,0.6326530612244898,nan,2.677074909210205,nan,337.8450000000157,98,218,104,220,62,0,0
main_grid,IMG_0262,cabinet,mild,Tilted view with slightly softer fine text.,Shi-Tomasi,ideal_highpass,1,True,0.6216216216216216,nan,2.1686089038848877,nan,294.0660000003845,74,181,80,184,46,0,0
main_grid,IMG_0262,cabinet,mild,Tilted view with slightly softer fine text.,SIFT,ideal_highpass,1,True,0.2727272727272727,0.0,2.1820127964019775,265.9588317871094,822.1272000000681,11,11,12,12,3,1,0
main_grid,IMG_0262,cabinet,mild,Tilted view with slightly softer fine text.,Sobel,ideal_highpass,2,True,0.7424242424242424,nan,2.232907295227051,nan,355.6672000004255,66,164,70,168,49,0,0
main_grid,IMG_0262,cabinet,mild,Tilted view with slightly softer fine text.,LoG,ideal_highpass,2,True,0.7264150943396226,nan,2.325831174850464,nan,370.42289999953937,106,219,112,220,77,0,0
main_grid,IMG_0262,cabinet,mild,Tilted view with slightly softer fine text.,Harris,ideal_highpass,2,True,0.6698113207547169,nan,2.4801886081695557,nan,375.54679999993823,106,218,112,220,71,0,0
main_grid,IMG_0262,cabinet,mild,Tilted view with slightly softer fine text.,Shi-Tomasi,ideal_highpass,2,True,0.6904761904761905,nan,2.4851495027542114,nan,389.84739999978046,84,212,90,215,58,0,0
main_grid,IMG_0262,cabinet,mild,Tilted view with slightly softer fine text.,SIFT,ideal_highpass,2,True,0.29411764705882354,0.0,2.1977925300598145,265.9588317871094,1019.5960000000923,17,36,19,37,5,1,0
main_grid,IMG_0262,cabinet,mild,Tilted view with slightly softer fine text.,Sobel,ideal_highpass,3,True,0.7536231884057971,nan,2.2296626567840576,nan,387.38370000010036,69,169,73,173,52,0,0
main_grid,IMG_0262,cabinet,mild,Tilted view with slightly softer fine text.,LoG,ideal_highpass,3,True,0.7079646017699115,nan,2.3321715593338013,nan,351.66039999967325,113,219,119,220,80,0,0
main_grid,IMG_0262,cabinet,mild,Tilted view with slightly softer fine text.,Harris,ideal_highpass,3,True,0.6727272727272727,nan,2.574040651321411,nan,414.8929999992106,110,218,116,220,74,0,0
main_grid,IMG_0262,cabinet,mild,Tilted view with slightly softer fine text.,Shi-Tomasi,ideal_highpass,3,True,0.6629213483146067,nan,2.563359260559082,nan,394.7744999995848,89,216,95,219,59,0,0
main_grid,IMG_0262,cabinet,mild,Tilted view with slightly softer fine text.,SIFT,ideal_highpass,3,True,0.35714285714285715,nan,2.755561947822571,nan,1038.977000000159,28,62,30,64,10,0,0
main_grid,IMG_0262,cabinet,mild,Tilted view with slightly softer fine text.,Sobel,gaussian_highpass,1,True,0.803921568627451,nan,2.0678441524505615,nan,329.60280000042985,51,118,54,119,41,0,0
main_grid,IMG_0262,cabinet,mild,Tilted view with slightly softer fine text.,LoG,gaussian_highpass,1,True,0.75,nan,2.502037763595581,nan,344.7621999994226,88,205,94,208,66,0,0
main_grid,IMG_0262,cabinet,mild,Tilted view with slightly softer fine text.,Harris,gaussian_highpass,1,True,0.64,nan,2.6710132360458374,nan,330.2640000001702,100,218,106,220,64,0,0
main_grid,IMG_0262,cabinet,mild,Tilted view with slightly softer fine text.,Shi-Tomasi,gaussian_highpass,1,True,0.6067415730337079,nan,2.523236632347107,nan,354.1637999996965,89,181,94,182,54,0,0
main_grid,IMG_0262,cabinet,mild,Tilted view with slightly softer fine text.,SIFT,gaussian_highpass,1,True,0.2857142857142857,nan,3.4762284755706787,nan,812.2475999998642,7,11,8,12,2,0,0
main_grid,IMG_0262,cabinet,mild,Tilted view with slightly softer fine text.,Sobel,gaussian_highpass,2,True,0.8,nan,2.046832323074341,nan,400.0960999992458,60,138,64,142,48,0,0
main_grid,IMG_0262,cabinet,mild,Tilted view with slightly softer fine text.,LoG,gaussian_highpass,2,True,0.7047619047619048,nan,2.2797082662582397,nan,384.7654000001057,105,217,111,220,74,0,0
main_grid,IMG_0262,cabinet,mild,Tilted view with slightly softer fine text.,Harris,gaussian_highpass,2,True,0.6486486486486487,nan,2.356392502784729,nan,426.59590000039316,111,218,117,220,72,0,0
main_grid,IMG_0262,cabinet,mild,Tilted view with slightly softer fine text.,Shi-Tomasi,gaussian_highpass,2,True,0.6847826086956522,nan,2.470536708831787,nan,426.96369999976014,92,212,98,214,63,0,0
main_grid,IMG_0262,cabinet,mild,Tilted view with slightly softer fine text.,SIFT,gaussian_highpass,2,True,0.25,nan,2.7675108909606934,nan,990.0109000000157,12,33,14,34,3,0,0
main_grid,IMG_0262,cabinet,mild,Tilted view with slightly softer fine text.,Sobel,gaussian_highpass,3,True,0.819672131147541,nan,2.046832323074341,nan,378.36049999987154,61,141,65,145,50,0,0
main_grid,IMG_0262,cabinet,mild,Tilted view with slightly softer fine text.,LoG,gaussian_highpass,3,True,0.7142857142857143,nan,2.2410320043563843,nan,408.5696000001917,112,217,118,220,80,0,0
main_grid,IMG_0262,cabinet,mild,Tilted view with slightly softer fine text.,Harris,gaussian_highpass,3,True,0.6206896551724138,nan,2.3401901721954346,nan,422.7490000002945,116,217,122,220,72,0,0
main_grid,IMG_0262,cabinet,mild,Tilted view with slightly softer fine text.,Shi-Tomasi,gaussian_highpass,3,True,0.6947368421052632,nan,2.485404133796692,nan,433.9493000006769,95,217,101,220,66,0,0
main_grid,IMG_0262,cabinet,mild,Tilted view with slightly softer fine text.,SIFT,gaussian_highpass,3,True,0.2608695652173913,nan,2.443002223968506,nan,1074.0531999999803,23,61,25,62,6,0,0
main_grid,IMG_0263,desk,mild,Oblique close view with bright right-side light.,Sobel,none,1,True,0.75,0.0,1.91782945394516,163.6407470703125,55.99119999988034,48,109,52,110,36,1,0
main_grid,IMG_0263,desk,mild,Oblique close view with bright right-side light.,LoG,none,1,True,0.7868852459016393,0.0,2.6769007444381714,5.576774597167969,57.46999999973923,61,166,66,168,48,1,0
main_grid,IMG_0263,desk,mild,Oblique close view with bright right-side light.,Harris,none,1,True,0.6704545454545454,nan,2.306408166885376,nan,95.65280000060739,88,216,92,220,59,0,0
main_grid,IMG_0263,desk,mild,Oblique close view with bright right-side light.,Shi-Tomasi,none,1,True,0.6744186046511628,1.0,2.3049522638320923,2.032402276992798,76.3611000002129,86,216,90,218,58,1,1
main_grid,IMG_0263,desk,mild,Oblique close view with bright right-side light.,SIFT,none,1,True,0.5555555555555556,1.0,1.9770395755767822,2.4081013202667236,422.42989999977,9,50,10,50,5,3,3
main_grid,IMG_0263,desk,mild,Oblique close view with bright right-side light.,Sobel,none,2,True,0.7254901960784313,0.0,1.9324796199798584,163.6407470703125,69.65579999996407,51,109,55,111,37,1,0
main_grid,IMG_0263,desk,mild,Oblique close view with bright right-side light.,LoG,none,2,True,0.8428571428571429,0.0,2.452857732772827,5.576774597167969,71.52549999955227,70,189,75,192,59,1,0
main_grid,IMG_0263,desk,mild,Oblique close view with bright right-side light.,Harris,none,2,True,0.6593406593406593,nan,2.2254141569137573,nan,107.18189999988681,91,216,95,220,60,0,0
main_grid,IMG_0263,desk,mild,Oblique close view with bright right-side light.,Shi-Tomasi,none,2,True,0.6853932584269663,1.0,2.2460548877716064,2.032402276992798,94.99719999985246,89,218,93,220,61,1,1
main_grid,IMG_0263,desk,mild,Oblique close view with bright right-side light.,SIFT,none,2,True,0.8571428571428571,1.0,1.8710936903953552,2.4081013202667236,559.7732000005635,14,72,16,72,12,7,7
main_grid,IMG_0263,desk,mild,Oblique close view with bright right-side light.,Sobel,none,3,True,0.7450980392156863,0.0,1.91782945394516,163.6407470703125,72.1770000000106,51,110,56,112,38,1,0
main_grid,IMG_0263,desk,mild,Oblique close view with bright right-side light.,LoG,none,3,True,0.868421052631579,nan,2.48954975605011,nan,76.76919999994425,76,198,81,201,66,0,0
main_grid,IMG_0263,desk,mild,Oblique close view with bright right-side light.,Harris,none,3,True,0.6666666666666666,nan,2.288973808288574,nan,108.66409999925963,93,216,97,220,62,0,0
main_grid,IMG_0263,desk,mild,Oblique close view with bright right-side light.,Shi-Tomasi,none,3,True,0.6853932584269663,1.0,2.2457239627838135,2.032402276992798,97.71469999941473,89,217,93,220,61,1,1
main_grid,IMG_0263,desk,mild,Oblique close view with bright right-side light.,SIFT,none,3,True,0.782608695652174,1.0,1.8710936903953552,2.4081013202667236,595.0585999999021,23,91,25,91,18,7,7
main_grid,IMG_0263,desk,mild,Oblique close view with bright right-side light.,Sobel,ideal_lowpass,1,True,0.6666666666666666,1.0,2.827805519104004,3.4790682792663574,262.63699999981327,21,54,23,56,14,1,1
main_grid,IMG_0263,desk,mild,Oblique close view with bright right-side light.,LoG,ideal_lowpass,1,True,0.4117647058823529,0.0,2.8201229572296143,5.35915470123291,264.11499999994703,34,98,35,100,14,1,0
main_grid,IMG_0263,desk,mild,Oblique close view with bright right-side light.,Harris,ideal_lowpass,1,True,0.35,0.6666666666666666,2.3291893005371094,3.130188226699829,280.26539999973465,80,148,82,150,28,3,2
main_grid,IMG_0263,desk,mild,Oblique close view with bright right-side light.,Shi-Tomasi,ideal_lowpass,1,True,0.3770491803278688,0.5,2.170652389526367,3.573025703430176,266.8215000003329,61,123,65,125,23,2,1
main_grid,IMG_0263,desk,mild,Oblique close view with bright right-side light.,SIFT,ideal_lowpass,1,True,1.0,nan,2.43965482711792,nan,631.6141999996034,4,51,4,51,4,0,0
main_grid,IMG_0263,desk,mild,Oblique close view with bright right-side light.,Sobel,ideal_lowpass,2,True,0.7407407407407407,1.0,2.827805519104004,3.4790682792663574,295.32600000038656,27,58,29,61,20,1,1
main_grid,IMG_0263,desk,mild,Oblique close view with bright right-side light.,LoG,ideal_lowpass,2,True,0.5,0.0,2.655229091644287,5.35915470123291,310.5180999991717,42,105,43,107,21,1,0
main_grid,IMG_0263,desk,mild,Oblique close view with bright right-side light.,Harris,ideal_lowpass,2,True,0.42105263157894735,1.0,2.2448105812072754,2.970949649810791,362.7394999994067,95,165,97,168,40,2,2
main_grid,IMG_0263,desk,mild,Oblique close view with bright right-side light.,Shi-Tomasi,ideal_lowpass,2,True,0.4444444444444444,0.5,2.2077471017837524,3.573025703430176,310.9779000005801,72,136,76,138,32,2,1
main_grid,IMG_0263,desk,mild,Oblique close view with bright right-side light.,SIFT,ideal_lowpass,2,True,0.7857142857142857,nan,2.589531183242798,nan,754.8876999999266,14,84,14,86,11,0,0
main_grid,IMG_0263,desk,mild,Oblique close view with bright right-side light.,Sobel,ideal_lowpass,3,True,0.7241379310344828,1.0,2.84200119972229,3.4790682792663574,307.4858999998469,29,60,31,63,21,1,1
main_grid,IMG_0263,desk,mild,Oblique close view with bright right-side light.,LoG,ideal_lowpass,3,True,0.5111111111111111,0.0,2.655229091644287,101.40452575683594,329.435900000135,45,111,46,113,23,2,0
main_grid,IMG_0263,desk,mild,Oblique close view with bright right-side light.,Harris,ideal_lowpass,3,True,0.46534653465346537,0.6666666666666666,2.2448418140411377,3.130188226699829,366.1683999998786,101,174,103,178,47,3,2
main_grid,IMG_0263,desk,mild,Oblique close view with bright right-side light.,Shi-Tomasi,ideal_lowpass,3,True,0.4805194805194805,0.3333333333333333,2.170652389526367,4.015862941741943,335.38769999995566,77,148,81,151,37,3,1
main_grid,IMG_0263,desk,mild,Oblique close view with bright right-side light.,SIFT,ideal_lowpass,3,True,0.7894736842105263,0.0,2.4147212505340576,5.544520378112793,778.377300000102,19,107,19,110,15,1,0
main_grid,IMG_0263,desk,mild,Oblique close view with bright right-side light.,Sobel,gaussian_lowpass,1,True,0.84375,0.0,2.4880259037017822,9.67451286315918,280.2674999993542,32,51,35,51,27,1,0
main_grid,IMG_0263,desk,mild,Oblique close view with bright right-side light.,LoG,gaussian_lowpass,1,True,0.8717948717948718,0.6,2.2819758653640747,2.2099359035491943,296.93589999988035,39,109,43,110,34,5,3
main_grid,IMG_0263,desk,mild,Oblique close view with bright right-side light.,Harris,gaussian_lowpass,1,True,0.8709677419354839,0.3333333333333333,2.452387571334839,4.98349666595459,314.40119999933813,62,171,66,174,54,6,2
main_grid,IMG_0263,desk,mild,Oblique close view with bright right-side light.,Shi-Tomasi,gaussian_lowpass,1,True,0.7884615384615384,0.4,2.2606141567230225,4.027242183685303,293.6537000005046,52,148,57,148,41,5,2
main_grid,IMG_0263,desk,mild,Oblique close view with bright right-side light.,SIFT,gaussian_lowpass,1,True,0.7142857142857143,0.5,2.3332552909851074,3.196246385574341,646.2506999996549,7,46,7,46,5,2,1
main_grid,IMG_0263,desk,mild,Oblique close view with bright right-side light.,Sobel,gaussian_lowpass,2,True,0.8,0.0,2.4688819646835327,9.67451286315918,331.361200000174,35,52,38,52,28,1,0
main_grid,IMG_0263,desk,mild,Oblique close view with bright right-side light.,LoG,gaussian_lowpass,2,True,0.8636363636363636,0.6666666666666666,2.166576623916626,3.00943660736084,343.02870000010444,44,119,48,120,38,6,4
main_grid,IMG_0263,desk,mild,Oblique close view with bright right-side light.,Harris,gaussian_lowpass,2,True,0.8115942028985508,0.5714285714285714,2.307006001472473,3.8154499530792236,384.47269999960554,69,178,73,181,56,7,4
main_grid,IMG_0263,desk,mild,Oblique close view with bright right-side light.,Shi-Tomasi,gaussian_lowpass,2,True,0.819672131147541,0.5714285714285714,2.328102469444275,3.5918188095092773,346.3302999998632,61,157,66,157,50,7,4
main_grid,IMG_0263,desk,mild,Oblique close view with bright right-side light.,SIFT,gaussian_lowpass,2,True,0.7222222222222222,0.5,2.036658763885498,3.196246385574341,765.1418000004924,18,72,18,73,13,2,1
main_grid,IMG_0263,desk,mild,Oblique close view with bright right-side light.,Sobel,gaussian_lowpass,3,True,0.7777777777777778,0.0,2.4688819646835327,9.67451286315918,345.5197000002954,36,54,39,54,28,1,0
main_grid,IMG_0263,desk,mild,Oblique close view with bright right-side light.,LoG,gaussian_lowpass,3,True,0.8478260869565217,0.6666666666666666,2.2099359035491943,3.00943660736084,354.9731000002794,46,124,50,125,39,6,4
main_grid,IMG_0263,desk,mild,Oblique close view with bright right-side light.,Harris,gaussian_lowpass,3,True,0.8028169014084507,0.625,2.2783403396606445,3.2815444469451904,372.08709999958955,71,180,75,184,57,8,5
main_grid,IMG_0263,desk,mild,Oblique close view with bright right-side light.,Shi-Tomasi,gaussian_lowpass,3,True,0.8307692307692308,0.5,2.3933154344558716,3.80953049659729,385.68539999960194,65,163,70,164,54,8,4
main_grid,IMG_0263,desk,mild,Oblique close view with bright right-side light.,SIFT,gaussian_lowpass,3,True,0.6666666666666666,0.25,2.1849570274353027,5.434846878051758,776.5220999999656,24,90,24,92,16,4,1
main_grid,IMG_0263,desk,mild,Oblique close view with bright right-side light.,Sobel,ideal_highpass,1,True,0.8269230769230769,nan,1.862585186958313,nan,305.5254999999306,52,152,56,154,43,0,0
main_grid,IMG_0263,desk,mild,Oblique close view with bright right-side light.,LoG,ideal_highpass,1,True,0.7954545454545454,0.0,2.6133010387420654,4.835859775543213,303.7878000004639,88,206,93,209,70,1,0
main_grid,IMG_0263,desk,mild,Oblique close view with bright right-side light.,Harris,ideal_highpass,1,True,0.6224489795918368,nan,2.801741123199463,nan,310.82040000001143,98,219,104,220,61,0,0
main_grid,IMG_0263,desk,mild,Oblique close view with bright right-side light.,Shi-Tomasi,ideal_highpass,1,True,0.6621621621621622,nan,2.286461353302002,nan,321.4569000001575,74,199,80,200,49,0,0
main_grid,IMG_0263,desk,mild,Oblique close view with bright right-side light.,SIFT,ideal_highpass,1,True,0.3,nan,2.078950881958008,nan,827.7870000001712,10,32,12,32,3,0,0
main_grid,IMG_0263,desk,mild,Oblique close view with bright right-side light.,Sobel,ideal_highpass,2,True,0.8769230769230769,nan,1.8340201377868652,nan,376.00299999940034,65,184,70,187,57,0,0
main_grid,IMG_0263,desk,mild,Oblique close view with bright right-side light.,LoG,ideal_highpass,2,True,0.7264150943396226,0.0,2.452857732772827,4.835859775543213,347.9555000003529,106,216,112,220,77,1,0
main_grid,IMG_0263,desk,mild,Oblique close view with bright right-side light.,Harris,ideal_highpass,2,True,0.6981132075471698,nan,2.411521792411804,nan,399.8633000001064,106,218,112,220,74,0,0
main_grid,IMG_0263,desk,mild,Oblique close view with bright right-side light.,Shi-Tomasi,ideal_highpass,2,True,0.7023809523809523,nan,2.246842384338379,nan,398.1186999999409,84,218,90,220,59,0,0
main_grid,IMG_0263,desk,mild,Oblique close view with bright right-side light.,SIFT,ideal_highpass,2,True,0.5,nan,2.101443886756897,nan,1007.354899999882,16,64,19,65,8,0,0
main_grid,IMG_0263,desk,mild,Oblique close view with bright right-side light.,Sobel,ideal_highpass,3,True,0.8676470588235294,nan,1.862585186958313,nan,350.98219999963476,68,189,73,192,59,0,0
main_grid,IMG_0263,desk,mild,Oblique close view with bright right-side light.,LoG,ideal_highpass,3,True,0.7168141592920354,0.0,2.4876301288604736,4.835859775543213,390.07369999944785,113,216,119,220,81,1,0
main_grid,IMG_0263,desk,mild,Oblique close view with bright right-side light.,Harris,ideal_highpass,3,True,0.6727272727272727,nan,2.248732089996338,nan,406.5656000002491,110,218,116,220,74,0,0
main_grid,IMG_0263,desk,mild,Oblique close view with bright right-side light.,Shi-Tomasi,ideal_highpass,3,True,0.6741573033707865,nan,2.2386770248413086,nan,387.5185999995665,89,217,95,220,60,0,0
main_grid,IMG_0263,desk,mild,Oblique close view with bright right-side light.,SIFT,ideal_highpass,3,True,0.4444444444444444,nan,2.9946001768112183,nan,1060.3105000000141,27,89,30,91,12,0,0
main_grid,IMG_0263,desk,mild,Oblique close view with bright right-side light.,Sobel,gaussian_highpass,1,True,0.84,nan,1.9350900053977966,nan,340.3645999997025,50,158,54,160,42,0,0
main_grid,IMG_0263,desk,mild,Oblique close view with bright right-side light.,LoG,gaussian_highpass,1,True,0.75,nan,2.7348138093948364,nan,303.6371999996845,88,217,94,220,66,0,0
main_grid,IMG_0263,desk,mild,Oblique close view with bright right-side light.,Harris,gaussian_highpass,1,True,0.64,nan,2.699205160140991,nan,372.3555000005945,100,218,106,220,64,0,0
main_grid,IMG_0263,desk,mild,Oblique close view with bright right-side light.,Shi-Tomasi,gaussian_highpass,1,True,0.6741573033707865,nan,2.3695638179779053,nan,359.74499999974796,89,217,94,219,60,0,0
main_grid,IMG_0263,desk,mild,Oblique close view with bright right-side light.,SIFT,gaussian_highpass,1,True,0.5,1.0,2.0172183513641357,1.931706428527832,799.5555999996213,6,25,8,25,3,2,2
main_grid,IMG_0263,desk,mild,Oblique close view with bright right-side light.,Sobel,gaussian_highpass,2,True,0.8813559322033898,nan,1.9225371479988098,nan,385.2550000001429,59,176,64,178,52,0,0
main_grid,IMG_0263,desk,mild,Oblique close view with bright right-side light.,LoG,gaussian_highpass,2,True,0.6952380952380952,nan,2.4876301288604736,nan,397.41589999994176,105,216,111,220,73,0,0
main_grid,IMG_0263,desk,mild,Oblique close view with bright right-side light.,Harris,gaussian_highpass,2,True,0.6936936936936937,nan,2.539395809173584,nan,443.7572999995609,111,218,117,220,77,0,0
main_grid,IMG_0263,desk,mild,Oblique close view with bright right-side light.,Shi-Tomasi,gaussian_highpass,2,True,0.6739130434782609,nan,2.6035362482070923,nan,399.1261000001032,92,218,98,220,62,0,0
main_grid,IMG_0263,desk,mild,Oblique close view with bright right-side light.,SIFT,gaussian_highpass,2,True,0.45454545454545453,1.0,1.8461946249008179,1.931706428527832,999.5257999999012,11,53,14,53,5,2,2
main_grid,IMG_0263,desk,mild,Oblique close view with bright right-side light.,Sobel,gaussian_highpass,3,True,0.9,nan,1.9225371479988098,nan,422.26099999970756,60,178,65,180,54,0,0
main_grid,IMG_0263,desk,mild,Oblique close view with bright right-side light.,LoG,gaussian_highpass,3,True,0.6875,nan,2.4671411514282227,nan,396.58109999982116,112,216,118,220,77,0,0
main_grid,IMG_0263,desk,mild,Oblique close view with bright right-side light.,Harris,gaussian_highpass,3,True,0.6551724137931034,nan,2.4686522483825684,nan,452.96719999987545,116,218,122,220,76,0,0
main_grid,IMG_0263,desk,mild,Oblique close view with bright right-side light.,Shi-Tomasi,gaussian_highpass,3,True,0.6947368421052632,nan,2.5925058126449585,nan,439.55279999954655,95,217,101,220,66,0,0
main_grid,IMG_0263,desk,mild,Oblique close view with bright right-side light.,SIFT,gaussian_highpass,3,True,0.45454545454545453,1.0,1.951173484325409,1.931706428527832,1071.1852999993425,22,75,25,76,10,2,2
main_grid,IMG_0264,desk,low,Larger front-facing page; brightness and curvature differ.,Sobel,none,1,True,0.9375,nan,2.1429121494293213,nan,53.03429999912623,48,111,52,111,45,0,0
main_grid,IMG_0264,desk,low,Larger front-facing page; brightness and curvature differ.,LoG,none,1,True,0.7704918032786885,0.5,2.164820432662964,4.375277042388916,57.43660000007367,61,142,66,143,47,2,1
main_grid,IMG_0264,desk,low,Larger front-facing page; brightness and curvature differ.,Harris,none,1,True,0.7159090909090909,0.0,2.2670254707336426,4.390583515167236,89.4986000002973,88,218,92,220,63,1,0
main_grid,IMG_0264,desk,low,Larger front-facing page; brightness and curvature differ.,Shi-Tomasi,none,1,True,0.6976744186046512,1.0,2.3839582204818726,3.3608920574188232,81.51170000019192,86,208,90,209,60,3,3
main_grid,IMG_0264,desk,low,Larger front-facing page; brightness and curvature differ.,SIFT,none,1,True,0.7777777777777778,1.0,1.0888893604278564,1.69051992893219,479.0959000001749,9,45,10,46,7,5,5
main_grid,IMG_0264,desk,low,Larger front-facing page; brightness and curvature differ.,Sobel,none,2,True,0.9411764705882353,nan,2.333843469619751,nan,61.58670000058919,51,113,55,114,48,0,0
main_grid,IMG_0264,desk,low,Larger front-facing page; brightness and curvature differ.,LoG,none,2,True,0.8285714285714286,0.5,2.3289960622787476,4.375277042388916,67.06410000060714,70,176,75,178,58,2,1
main_grid,IMG_0264,desk,low,Larger front-facing page; brightness and curvature differ.,Harris,none,2,True,0.7032967032967034,0.0,2.3645533323287964,4.390583515167236,104.71219999999448,91,218,95,220,64,1,0
main_grid,IMG_0264,desk,low,Larger front-facing page; brightness and curvature differ.,Shi-Tomasi,none,2,True,0.7303370786516854,1.0,2.428030490875244,0.709588348865509,96.77469999951427,89,218,93,220,65,1,1
main_grid,IMG_0264,desk,low,Larger front-facing page; brightness and curvature differ.,SIFT,none,2,True,0.8571428571428571,0.8888888888888888,1.775572657585144,1.8606253862380981,599.2999999998574,14,67,16,68,12,9,8
main_grid,IMG_0264,desk,low,Larger front-facing page; brightness and curvature differ.,Sobel,none,3,True,0.9607843137254902,nan,2.3320119380950928,nan,81.14430000023276,51,115,56,116,49,0,0
main_grid,IMG_0264,desk,low,Larger front-facing page; brightness and curvature differ.,LoG,none,3,True,0.8157894736842105,0.5,2.2801835536956787,4.375277042388916,65.99639999967621,76,183,81,185,62,2,1
main_grid,IMG_0264,desk,low,Larger front-facing page; brightness and curvature differ.,Harris,none,3,True,0.7204301075268817,0.0,2.379260778427124,4.390583515167236,105.51780000059807,93,218,97,220,67,1,0
main_grid,IMG_0264,desk,low,Larger front-facing page; brightness and curvature differ.,Shi-Tomasi,none,3,True,0.7078651685393258,1.0,2.428030490875244,2.305940866470337,93.7765999997282,89,218,93,220,63,2,2
main_grid,IMG_0264,desk,low,Larger front-facing page; brightness and curvature differ.,SIFT,none,3,True,0.8695652173913043,0.9,1.775572657585144,2.0292046070098877,621.8875000004118,23,89,25,90,20,10,9
main_grid,IMG_0264,desk,low,Larger front-facing page; brightness and curvature differ.,Sobel,ideal_lowpass,1,True,0.5238095238095238,1.0,2.782888889312744,2.6612279415130615,243.90029999995022,21,57,23,58,11,2,2
main_grid,IMG_0264,desk,low,Larger front-facing page; brightness and curvature differ.,LoG,ideal_lowpass,1,True,0.4117647058823529,0.0,2.650119185447693,5.294789791107178,246.27349999991566,34,96,35,98,14,1,0
main_grid,IMG_0264,desk,low,Larger front-facing page; brightness and curvature differ.,Harris,ideal_lowpass,1,True,0.4125,0.6666666666666666,2.3887412548065186,3.1389291286468506,292.0807999998942,80,168,82,170,33,3,2
main_grid,IMG_0264,desk,low,Larger front-facing page; brightness and curvature differ.,Shi-Tomasi,ideal_lowpass,1,True,0.4918032786885246,0.5,2.530367136001587,3.6648378372192383,280.2578999999241,61,144,65,145,30,2,1
main_grid,IMG_0264,desk,low,Larger front-facing page; brightness and curvature differ.,SIFT,ideal_lowpass,1,True,0.5,nan,3.240945816040039,nan,576.416099999733,4,39,4,40,2,0,0
main_grid,IMG_0264,desk,low,Larger front-facing page; brightness and curvature differ.,Sobel,ideal_lowpass,2,True,0.6666666666666666,1.0,2.719518780708313,2.6612279415130615,314.05009999980393,27,60,29,61,18,2,2
main_grid,IMG_0264,desk,low,Larger front-facing page; brightness and curvature differ.,LoG,ideal_lowpass,2,True,0.42857142857142855,0.0,2.650119185447693,5.294789791107178,301.7989999998463,42,100,43,103,18,1,0
main_grid,IMG_0264,desk,low,Larger front-facing page; brightness and curvature differ.,Harris,ideal_lowpass,2,True,0.4842105263157895,0.5,2.383832335472107,4.138459205627441,336.45290000004024,95,183,97,185,46,4,2
main_grid,IMG_0264,desk,low,Larger front-facing page; brightness and curvature differ.,Shi-Tomasi,ideal_lowpass,2,True,0.5277777777777778,0.5,2.265931248664856,3.6648378372192383,340.8607999999731,72,154,76,155,38,2,1
main_grid,IMG_0264,desk,low,Larger front-facing page; brightness and curvature differ.,SIFT,ideal_lowpass,2,True,0.7142857142857143,1.0,2.3701741695404053,3.1304750442504883,735.2085000002262,14,75,14,79,10,1,1
main_grid,IMG_0264,desk,low,Larger front-facing page; brightness and curvature differ.,Sobel,ideal_lowpass,3,True,0.6551724137931034,1.0,2.656148672103882,2.6612279415130615,340.6300000006013,29,64,31,65,19,2,2
main_grid,IMG_0264,desk,low,Larger front-facing page; brightness and curvature differ.,LoG,ideal_lowpass,3,True,0.4666666666666667,0.0,2.6325690746307373,5.294789791107178,329.7336000005089,45,105,46,108,21,1,0
main_grid,IMG_0264,desk,low,Larger front-facing page; brightness and curvature differ.,Harris,ideal_lowpass,3,True,0.4752475247524752,0.5,2.2087498903274536,4.138459205627441,389.9768999999651,101,192,103,194,48,4,2
main_grid,IMG_0264,desk,low,Larger front-facing page; brightness and curvature differ.,Shi-Tomasi,ideal_lowpass,3,True,0.5454545454545454,0.6666666666666666,2.1930347681045532,3.1389291286468506,360.6055000000197,77,162,81,163,42,3,2
main_grid,IMG_0264,desk,low,Larger front-facing page; brightness and curvature differ.,SIFT,ideal_lowpass,3,True,0.7894736842105263,0.3333333333333333,2.3873772621154785,4.363359451293945,766.4635999999518,19,100,19,105,15,3,1
main_grid,IMG_0264,desk,low,Larger front-facing page; brightness and curvature differ.,Sobel,gaussian_lowpass,1,True,0.875,1.0,2.522521734237671,1.8604493141174316,295.67369999949733,32,61,35,61,28,2,2
main_grid,IMG_0264,desk,low,Larger front-facing page; brightness and curvature differ.,LoG,gaussian_lowpass,1,True,0.8205128205128205,0.8,1.9576773643493652,1.408037543296814,258.4020000003875,39,89,43,90,32,5,4
main_grid,IMG_0264,desk,low,Larger front-facing page; brightness and curvature differ.,Harris,gaussian_lowpass,1,True,0.8548387096774194,0.4,2.5996952056884766,4.7451090812683105,318.5022999996363,62,152,66,154,53,5,2
main_grid,IMG_0264,desk,low,Larger front-facing page; brightness and curvature differ.,Shi-Tomasi,gaussian_lowpass,1,True,0.7884615384615384,0.8,2.0203585624694824,3.4360177516937256,313.1859000004624,52,135,57,137,41,5,4
main_grid,IMG_0264,desk,low,Larger front-facing page; brightness and curvature differ.,SIFT,gaussian_lowpass,1,True,0.8571428571428571,0.3333333333333333,2.4550122022628784,23.862306594848633,597.9015000002619,7,47,7,48,6,3,1
main_grid,IMG_0264,desk,low,Larger front-facing page; brightness and curvature differ.,Sobel,gaussian_lowpass,2,True,0.8571428571428571,1.0,2.522521734237671,2.40069842338562,345.1328999999532,35,62,38,62,30,3,3
main_grid,IMG_0264,desk,low,Larger front-facing page; brightness and curvature differ.,LoG,gaussian_lowpass,2,True,0.8409090909090909,0.8333333333333334,2.163863182067871,2.1799683570861816,325.7071000007272,44,99,48,100,37,6,5
main_grid,IMG_0264,desk,low,Larger front-facing page; brightness and curvature differ.,Harris,gaussian_lowpass,2,True,0.8260869565217391,0.5,2.544689178466797,3.6633100509643555,371.34380000043166,69,160,73,162,57,8,4
main_grid,IMG_0264,desk,low,Larger front-facing page; brightness and curvature differ.,Shi-Tomasi,gaussian_lowpass,2,True,0.7540983606557377,0.75,1.9764216542243958,2.729919910430908,364.3259999998918,61,144,66,147,46,8,6
main_grid,IMG_0264,desk,low,Larger front-facing page; brightness and curvature differ.,SIFT,gaussian_lowpass,2,True,0.7222222222222222,0.4,2.0678584575653076,6.075137615203857,745.7475000001068,18,72,18,74,13,5,2
main_grid,IMG_0264,desk,low,Larger front-facing page; brightness and curvature differ.,Sobel,gaussian_lowpass,3,True,0.8333333333333334,0.75,2.522521734237671,2.440220832824707,362.4773000001369,36,65,39,65,30,4,3
main_grid,IMG_0264,desk,low,Larger front-facing page; brightness and curvature differ.,LoG,gaussian_lowpass,3,True,0.8695652173913043,0.8,2.280155062675476,1.408037543296814,340.1520999996137,46,106,50,107,40,5,4
main_grid,IMG_0264,desk,low,Larger front-facing page; brightness and curvature differ.,Harris,gaussian_lowpass,3,True,0.8309859154929577,0.5,2.3399851322174072,3.6633100509643555,388.3503000006385,71,164,75,166,59,8,4
main_grid,IMG_0264,desk,low,Larger front-facing page; brightness and curvature differ.,Shi-Tomasi,gaussian_lowpass,3,True,0.7692307692307693,0.8571428571428571,1.9764216542243958,2.0238218307495117,375.57440000000497,65,146,70,150,50,7,6
main_grid,IMG_0264,desk,low,Larger front-facing page; brightness and curvature differ.,SIFT,gaussian_lowpass,3,True,0.6666666666666666,0.2857142857142857,2.127567172050476,6.260010719299316,819.8223999997936,24,87,24,90,16,7,2
main_grid,IMG_0264,desk,low,Larger front-facing page; brightness and curvature differ.,Sobel,ideal_highpass,1,True,0.8461538461538461,nan,2.3320056200027466,nan,275.7178000001659,52,127,56,129,44,0,0
main_grid,IMG_0264,desk,low,Larger front-facing page; brightness and curvature differ.,LoG,ideal_highpass,1,True,0.6931818181818182,nan,2.328380823135376,nan,303.9791999999579,88,173,93,175,61,0,0
main_grid,IMG_0264,desk,low,Larger front-facing page; brightness and curvature differ.,Harris,ideal_highpass,1,True,0.7040816326530612,nan,2.3864905834198,nan,340.729100000317,98,218,104,220,69,0,0
main_grid,IMG_0264,desk,low,Larger front-facing page; brightness and curvature differ.,Shi-Tomasi,ideal_highpass,1,True,0.7297297297297297,nan,2.1436182260513306,nan,305.4301000001942,74,219,80,220,54,0,0
main_grid,IMG_0264,desk,low,Larger front-facing page; brightness and curvature differ.,SIFT,ideal_highpass,1,True,0.8,1.0,1.8483702540397644,1.4519782066345215,851.1711999999534,10,23,12,23,8,4,4
main_grid,IMG_0264,desk,low,Larger front-facing page; brightness and curvature differ.,Sobel,ideal_highpass,2,True,0.8769230769230769,nan,2.328336238861084,nan,349.1761999994196,65,160,70,162,57,0,0
main_grid,IMG_0264,desk,low,Larger front-facing page; brightness and curvature differ.,LoG,ideal_highpass,2,True,0.7547169811320755,nan,2.323581337928772,nan,373.87979999948584,106,218,112,220,80,0,0
main_grid,IMG_0264,desk,low,Larger front-facing page; brightness and curvature differ.,Harris,ideal_highpass,2,True,0.7452830188679245,nan,2.533623695373535,nan,396.77560000018275,106,219,112,220,79,0,0
main_grid,IMG_0264,desk,low,Larger front-facing page; brightness and curvature differ.,Shi-Tomasi,ideal_highpass,2,True,0.7857142857142857,nan,2.3927600383758545,nan,377.0563999996739,84,219,90,220,66,0,0
main_grid,IMG_0264,desk,low,Larger front-facing page; brightness and curvature differ.,SIFT,ideal_highpass,2,True,0.6875,1.0,1.756933331489563,1.1470229625701904,1005.739100000028,16,56,19,57,11,5,5
main_grid,IMG_0264,desk,low,Larger front-facing page; brightness and curvature differ.,Sobel,ideal_highpass,3,True,0.8970588235294118,nan,2.328336238861084,nan,394.67509999940376,68,168,73,170,61,0,0
main_grid,IMG_0264,desk,low,Larger front-facing page; brightness and curvature differ.,LoG,ideal_highpass,3,True,0.7079646017699115,nan,2.323581337928772,nan,360.1534999997966,113,218,119,220,80,0,0
main_grid,IMG_0264,desk,low,Larger front-facing page; brightness and curvature differ.,Harris,ideal_highpass,3,True,0.7363636363636363,nan,2.533623695373535,nan,415.44969999995374,110,219,116,220,81,0,0
main_grid,IMG_0264,desk,low,Larger front-facing page; brightness and curvature differ.,Shi-Tomasi,ideal_highpass,3,True,0.7528089887640449,nan,2.3061068058013916,nan,406.99969999968744,89,219,95,220,67,0,0
main_grid,IMG_0264,desk,low,Larger front-facing page; brightness and curvature differ.,SIFT,ideal_highpass,3,True,0.5925925925925926,1.0,2.113180637359619,1.1470229625701904,1037.674799999877,27,79,30,80,16,5,5
main_grid,IMG_0264,desk,low,Larger front-facing page; brightness and curvature differ.,Sobel,gaussian_highpass,1,True,0.86,nan,1.9924707412719727,nan,322.2206999998889,50,122,54,124,43,0,0
main_grid,IMG_0264,desk,low,Larger front-facing page; brightness and curvature differ.,LoG,gaussian_highpass,1,True,0.7613636363636364,nan,2.8149847984313965,nan,336.77090000037424,88,193,94,196,67,0,0
main_grid,IMG_0264,desk,low,Larger front-facing page; brightness and curvature differ.,Harris,gaussian_highpass,1,True,0.65,nan,2.408942937850952,nan,346.28090000023803,100,218,106,220,65,0,0
main_grid,IMG_0264,desk,low,Larger front-facing page; brightness and curvature differ.,Shi-Tomasi,gaussian_highpass,1,True,0.7191011235955056,nan,1.8918240666389465,nan,342.38340000047174,89,219,94,220,64,0,0
main_grid,IMG_0264,desk,low,Larger front-facing page; brightness and curvature differ.,SIFT,gaussian_highpass,1,True,0.6666666666666666,1.0,1.5282377004623413,1.3630956411361694,811.3948000000164,6,16,8,17,4,2,2
main_grid,IMG_0264,desk,low,Larger front-facing page; brightness and curvature differ.,Sobel,gaussian_highpass,2,True,0.8305084745762712,nan,1.982209324836731,nan,397.756099999242,59,139,64,142,49,0,0
main_grid,IMG_0264,desk,low,Larger front-facing page; brightness and curvature differ.,LoG,gaussian_highpass,2,True,0.7714285714285715,nan,2.7100274562835693,nan,400.10720000009314,105,217,111,220,81,0,0
main_grid,IMG_0264,desk,low,Larger front-facing page; brightness and curvature differ.,Harris,gaussian_highpass,2,True,0.6846846846846847,nan,2.61287260055542,nan,422.5157999999283,111,219,117,220,76,0,0
main_grid,IMG_0264,desk,low,Larger front-facing page; brightness and curvature differ.,Shi-Tomasi,gaussian_highpass,2,True,0.7282608695652174,nan,2.2106683254241943,nan,433.07890000050975,92,218,98,220,67,0,0
main_grid,IMG_0264,desk,low,Larger front-facing page; brightness and curvature differ.,SIFT,gaussian_highpass,2,True,0.6363636363636364,1.0,1.4442672729492188,1.3630956411361694,990.8853999995699,11,41,14,42,7,2,2
main_grid,IMG_0264,desk,low,Larger front-facing page; brightness and curvature differ.,Sobel,gaussian_highpass,3,True,0.85,nan,1.982209324836731,nan,384.8723000000973,60,142,65,145,51,0,0
main_grid,IMG_0264,desk,low,Larger front-facing page; brightness and curvature differ.,LoG,gaussian_highpass,3,True,0.7589285714285714,nan,2.67018723487854,nan,418.3528000003207,112,217,118,220,85,0,0
main_grid,IMG_0264,desk,low,Larger front-facing page; brightness and curvature differ.,Harris,gaussian_highpass,3,True,0.6810344827586207,nan,2.7017102241516113,nan,439.32179999956134,116,219,122,220,79,0,0
main_grid,IMG_0264,desk,low,Larger front-facing page; brightness and curvature differ.,Shi-Tomasi,gaussian_highpass,3,True,0.7157894736842105,nan,2.2104207277297974,nan,430.7220000000598,95,218,101,220,68,0,0
main_grid,IMG_0264,desk,low,Larger front-facing page; brightness and curvature differ.,SIFT,gaussian_highpass,3,True,0.5454545454545454,0.6666666666666666,1.7835577130317688,1.7826943397521973,1055.979199999456,22,66,25,67,12,3,2
main_grid,IMG_0265,cabinet motion,noticeable,"Motion-softened view; lower left bullets outside frame, replaced with visible printed strokes.",Sobel,none,1,True,0.6190476190476191,1.0,2.3711215257644653,3.6561315059661865,52.80790000051638,42,61,42,61,26,1,1
main_grid,IMG_0265,cabinet motion,noticeable,"Motion-softened view; lower left bullets outside frame, replaced with visible printed strokes.",LoG,none,1,True,0.7551020408163265,0.0,1.918140172958374,4.625855922698975,51.923099999839906,49,77,51,77,37,1,0
main_grid,IMG_0265,cabinet motion,noticeable,"Motion-softened view; lower left bullets outside frame, replaced with visible printed strokes.",Harris,none,1,True,0.746268656716418,nan,2.2859718799591064,nan,84.74399999977322,67,153,70,155,50,0,0
main_grid,IMG_0265,cabinet motion,noticeable,"Motion-softened view; lower left bullets outside frame, replaced with visible printed strokes.",Shi-Tomasi,none,1,True,0.8,0.0,2.136676073074341,4.707435131072998,75.6519999995362,65,129,68,130,52,1,0
main_grid,IMG_0265,cabinet motion,noticeable,"Motion-softened view; lower left bullets outside frame, replaced with visible printed strokes.",SIFT,none,1,True,0.2,nan,2.4756195545196533,nan,404.6883999999409,8,5,8,5,1,0,0
main_grid,IMG_0265,cabinet motion,noticeable,"Motion-softened view; lower left bullets outside frame, replaced with visible printed strokes.",Sobel,none,2,True,0.6888888888888889,1.0,2.362839698791504,3.6561315059661865,64.58160000056523,45,69,46,69,31,1,1
main_grid,IMG_0265,cabinet motion,noticeable,"Motion-softened view; lower left bullets outside frame, replaced with visible printed strokes.",LoG,none,2,True,0.7735849056603774,0.0,1.8688936233520508,4.625855922698975,67.64949999978853,53,99,55,99,41,1,0
main_grid,IMG_0265,cabinet motion,noticeable,"Motion-softened view; lower left bullets outside frame, replaced with visible printed strokes.",Harris,none,2,True,0.75,nan,2.2272108793258667,nan,98.84079999937967,72,154,76,156,54,0,0
main_grid,IMG_0265,cabinet motion,noticeable,"Motion-softened view; lower left bullets outside frame, replaced with visible printed strokes.",Shi-Tomasi,none,2,True,0.7971014492753623,0.0,2.0449886322021484,4.707435131072998,89.13589999974647,69,133,73,134,55,1,0
main_grid,IMG_0265,cabinet motion,noticeable,"Motion-softened view; lower left bullets outside frame, replaced with visible printed strokes.",SIFT,none,2,True,0.75,1.0,1.6757632791996002,0.7654900550842285,553.9677999995547,13,8,14,8,6,2,2
main_grid,IMG_0265,cabinet motion,noticeable,"Motion-softened view; lower left bullets outside frame, replaced with visible printed strokes.",Sobel,none,3,True,0.6739130434782609,1.0,2.362839698791504,3.6561315059661865,62.32410000029631,46,72,47,72,31,1,1
main_grid,IMG_0265,cabinet motion,noticeable,"Motion-softened view; lower left bullets outside frame, replaced with visible printed strokes.",LoG,none,3,True,0.8035714285714286,0.0,1.9612022638320923,4.625855922698975,63.56250000044383,56,104,61,104,45,1,0
main_grid,IMG_0265,cabinet motion,noticeable,"Motion-softened view; lower left bullets outside frame, replaced with visible printed strokes.",Harris,none,3,True,0.7638888888888888,nan,2.256509304046631,nan,107.13480000049458,72,157,76,160,55,0,0
main_grid,IMG_0265,cabinet motion,noticeable,"Motion-softened view; lower left bullets outside frame, replaced with visible printed strokes.",Shi-Tomasi,none,3,True,0.8115942028985508,0.0,2.0827678442001343,4.707435131072998,92.93649999926856,69,135,73,137,56,1,0
main_grid,IMG_0265,cabinet motion,noticeable,"Motion-softened view; lower left bullets outside frame, replaced with visible printed strokes.",SIFT,none,3,True,0.4,1.0,1.6757632791996002,0.7654900550842285,588.7781999999788,20,23,21,23,8,4,4
main_grid,IMG_0265,cabinet motion,noticeable,"Motion-softened view; lower left bullets outside frame, replaced with visible printed strokes.",Sobel,ideal_lowpass,1,True,0.4375,0.0,2.315035104751587,163.92291259765625,246.57660000048054,16,29,17,29,7,1,0
main_grid,IMG_0265,cabinet motion,noticeable,"Motion-softened view; lower left bullets outside frame, replaced with visible printed strokes.",LoG,ideal_lowpass,1,True,0.44,nan,2.4940459728240967,nan,269.9714000000313,25,75,26,76,11,0,0
main_grid,IMG_0265,cabinet motion,noticeable,"Motion-softened view; lower left bullets outside frame, replaced with visible printed strokes.",Harris,ideal_lowpass,1,True,0.4393939393939394,nan,2.4882962703704834,nan,289.7489000006317,66,122,70,123,29,0,0
main_grid,IMG_0265,cabinet motion,noticeable,"Motion-softened view; lower left bullets outside frame, replaced with visible printed strokes.",Shi-Tomasi,ideal_lowpass,1,True,0.38461538461538464,0.0,2.0300333499908447,152.00543212890625,252.5378999998793,52,110,56,111,20,1,0
main_grid,IMG_0265,cabinet motion,noticeable,"Motion-softened view; lower left bullets outside frame, replaced with visible printed strokes.",SIFT,ideal_lowpass,1,True,0.3333333333333333,nan,3.5649752616882324,nan,607.1467000001576,3,16,3,16,1,0,0
main_grid,IMG_0265,cabinet motion,noticeable,"Motion-softened view; lower left bullets outside frame, replaced with visible printed strokes.",Sobel,ideal_lowpass,2,True,0.7,0.0,2.566920280456543,163.92291259765625,301.4856999998301,20,36,21,36,14,1,0
main_grid,IMG_0265,cabinet motion,noticeable,"Motion-softened view; lower left bullets outside frame, replaced with visible printed strokes.",LoG,ideal_lowpass,2,True,0.45454545454545453,nan,2.4940459728240967,nan,296.2046000002374,33,83,34,84,15,0,0
main_grid,IMG_0265,cabinet motion,noticeable,"Motion-softened view; lower left bullets outside frame, replaced with visible printed strokes.",Harris,ideal_lowpass,2,True,0.4805194805194805,nan,2.4882962703704834,nan,348.66109999984474,77,132,83,133,37,0,0
main_grid,IMG_0265,cabinet motion,noticeable,"Motion-softened view; lower left bullets outside frame, replaced with visible printed strokes.",Shi-Tomasi,ideal_lowpass,2,True,0.4,0.0,2.254633665084839,152.00543212890625,326.18100000036065,60,120,64,121,24,1,0
main_grid,IMG_0265,cabinet motion,noticeable,"Motion-softened view; lower left bullets outside frame, replaced with visible printed strokes.",SIFT,ideal_lowpass,2,True,0.6666666666666666,0.6666666666666666,2.3989027738571167,2.503898859024048,747.0096999995803,12,35,12,35,8,3,2
main_grid,IMG_0265,cabinet motion,noticeable,"Motion-softened view; lower left bullets outside frame, replaced with visible printed strokes.",Sobel,ideal_lowpass,3,True,0.6818181818181818,0.0,2.5028491020202637,163.92291259765625,311.88550000024406,22,38,23,38,15,1,0
main_grid,IMG_0265,cabinet motion,noticeable,"Motion-softened view; lower left bullets outside frame, replaced with visible printed strokes.",LoG,ideal_lowpass,3,True,0.5277777777777778,nan,2.4940459728240967,nan,304.718899999898,36,91,37,92,19,0,0
main_grid,IMG_0265,cabinet motion,noticeable,"Motion-softened view; lower left bullets outside frame, replaced with visible printed strokes.",Harris,ideal_lowpass,3,True,0.5061728395061729,nan,2.5484557151794434,nan,347.50830000029964,81,144,87,145,41,0,0
main_grid,IMG_0265,cabinet motion,noticeable,"Motion-softened view; lower left bullets outside frame, replaced with visible printed strokes.",Shi-Tomasi,ideal_lowpass,3,True,0.46153846153846156,nan,2.254633665084839,nan,334.1725000000224,65,131,69,132,30,0,0
main_grid,IMG_0265,cabinet motion,noticeable,"Motion-softened view; lower left bullets outside frame, replaced with visible printed strokes.",SIFT,ideal_lowpass,3,True,0.625,1.0,2.438551425933838,1.7801024913787842,776.6461999999592,16,53,16,53,10,2,2
main_grid,IMG_0265,cabinet motion,noticeable,"Motion-softened view; lower left bullets outside frame, replaced with visible printed strokes.",Sobel,gaussian_lowpass,1,True,0.6,nan,1.8453128337860107,nan,270.0094000001627,25,28,27,28,15,0,0
main_grid,IMG_0265,cabinet motion,noticeable,"Motion-softened view; lower left bullets outside frame, replaced with visible printed strokes.",LoG,gaussian_lowpass,1,True,0.8387096774193549,0.0,1.9926166534423828,87.12144470214844,294.7337999994488,31,74,31,74,26,2,0
main_grid,IMG_0265,cabinet motion,noticeable,"Motion-softened view; lower left bullets outside frame, replaced with visible printed strokes.",Harris,gaussian_lowpass,1,True,0.8163265306122449,nan,1.5660164952278137,nan,323.1017000007341,49,121,56,121,40,0,0
main_grid,IMG_0265,cabinet motion,noticeable,"Motion-softened view; lower left bullets outside frame, replaced with visible printed strokes.",Shi-Tomasi,gaussian_lowpass,1,True,0.7857142857142857,nan,1.7553220987319946,nan,293.91930000019784,42,98,45,98,33,0,0
main_grid,IMG_0265,cabinet motion,noticeable,"Motion-softened view; lower left bullets outside frame, replaced with visible printed strokes.",SIFT,gaussian_lowpass,1,True,0.5,1.0,1.8477333784103394,1.8477333784103394,614.1245999997409,6,12,6,12,3,3,3
main_grid,IMG_0265,cabinet motion,noticeable,"Motion-softened view; lower left bullets outside frame, replaced with visible printed strokes.",Sobel,gaussian_lowpass,2,True,0.6296296296296297,nan,1.8979381322860718,nan,340.34350000001723,27,31,29,31,17,0,0
main_grid,IMG_0265,cabinet motion,noticeable,"Motion-softened view; lower left bullets outside frame, replaced with visible printed strokes.",LoG,gaussian_lowpass,2,True,0.8787878787878788,0.0,2.0005486011505127,87.12144470214844,326.296000000184,33,79,35,79,29,2,0
main_grid,IMG_0265,cabinet motion,noticeable,"Motion-softened view; lower left bullets outside frame, replaced with visible printed strokes.",Harris,gaussian_lowpass,2,True,0.8545454545454545,nan,1.758327603340149,nan,380.83689999984927,55,129,62,129,47,0,0
main_grid,IMG_0265,cabinet motion,noticeable,"Motion-softened view; lower left bullets outside frame, replaced with visible printed strokes.",Shi-Tomasi,gaussian_lowpass,2,True,0.7307692307692307,0.0,2.125768780708313,165.70175170898438,358.17930000030174,52,103,56,103,38,1,0
main_grid,IMG_0265,cabinet motion,noticeable,"Motion-softened view; lower left bullets outside frame, replaced with visible printed strokes.",SIFT,gaussian_lowpass,2,True,0.5714285714285714,1.0,1.2800808548927307,0.9127145409584045,748.2264000000214,14,26,15,26,8,3,3
main_grid,IMG_0265,cabinet motion,noticeable,"Motion-softened view; lower left bullets outside frame, replaced with visible printed strokes.",Sobel,gaussian_lowpass,3,True,0.6296296296296297,nan,1.8979381322860718,nan,331.6787000003387,27,32,29,32,17,0,0
main_grid,IMG_0265,cabinet motion,noticeable,"Motion-softened view; lower left bullets outside frame, replaced with visible printed strokes.",LoG,gaussian_lowpass,3,True,0.8857142857142857,0.0,2.311326265335083,87.12144470214844,352.4452999999994,35,83,37,83,31,2,0
main_grid,IMG_0265,cabinet motion,noticeable,"Motion-softened view; lower left bullets outside frame, replaced with visible printed strokes.",Harris,gaussian_lowpass,3,True,0.8245614035087719,nan,1.758327603340149,nan,390.9437000002072,57,130,66,131,47,0,0
main_grid,IMG_0265,cabinet motion,noticeable,"Motion-softened view; lower left bullets outside frame, replaced with visible printed strokes.",Shi-Tomasi,gaussian_lowpass,3,True,0.7037037037037037,0.0,2.125768780708313,165.70175170898438,347.813600000336,54,109,59,109,38,1,0
main_grid,IMG_0265,cabinet motion,noticeable,"Motion-softened view; lower left bullets outside frame, replaced with visible printed strokes.",SIFT,gaussian_lowpass,3,True,0.4444444444444444,0.75,1.2800808548927307,1.3802239894866943,805.8430000000953,18,42,19,42,8,4,3
main_grid,IMG_0265,cabinet motion,noticeable,"Motion-softened view; lower left bullets outside frame, replaced with visible printed strokes.",Sobel,ideal_highpass,1,True,0.6829268292682927,nan,1.846887469291687,nan,293.91470000064146,41,79,43,79,28,0,0
main_grid,IMG_0265,cabinet motion,noticeable,"Motion-softened view; lower left bullets outside frame, replaced with visible printed strokes.",LoG,ideal_highpass,1,True,0.6666666666666666,0.0,2.2134838104248047,63.92924880981445,300.5793000002086,69,97,70,97,46,1,0
main_grid,IMG_0265,cabinet motion,noticeable,"Motion-softened view; lower left bullets outside frame, replaced with visible printed strokes.",Harris,ideal_highpass,1,True,0.8181818181818182,nan,2.243212938308716,nan,319.10900000002584,77,167,81,169,63,0,0
main_grid,IMG_0265,cabinet motion,noticeable,"Motion-softened view; lower left bullets outside frame, replaced with visible printed strokes.",Shi-Tomasi,ideal_highpass,1,True,0.6607142857142857,nan,2.400222063064575,nan,276.29909999996016,56,102,60,103,37,0,0
main_grid,IMG_0265,cabinet motion,noticeable,"Motion-softened view; lower left bullets outside frame, replaced with visible printed strokes.",SIFT,ideal_highpass,1,True,0.6,nan,1.7733286619186401,nan,864.238999999543,9,5,9,5,3,0,0
main_grid,IMG_0265,cabinet motion,noticeable,"Motion-softened view; lower left bullets outside frame, replaced with visible printed strokes.",Sobel,ideal_highpass,2,True,0.7,nan,2.096388339996338,nan,342.04810000028374,50,111,53,111,35,0,0
main_grid,IMG_0265,cabinet motion,noticeable,"Motion-softened view; lower left bullets outside frame, replaced with visible printed strokes.",LoG,ideal_highpass,2,True,0.6627906976744186,0.0,2.182786464691162,63.92924880981445,358.5990000001402,86,140,89,140,57,1,0
main_grid,IMG_0265,cabinet motion,noticeable,"Motion-softened view; lower left bullets outside frame, replaced with visible printed strokes.",Harris,ideal_highpass,2,True,0.8470588235294118,nan,2.474454879760742,nan,378.66530000064813,85,175,89,177,72,0,0
main_grid,IMG_0265,cabinet motion,noticeable,"Motion-softened view; lower left bullets outside frame, replaced with visible printed strokes.",Shi-Tomasi,ideal_highpass,2,True,0.7777777777777778,nan,2.3254554271698,nan,370.59060000046884,63,117,69,118,49,0,0
main_grid,IMG_0265,cabinet motion,noticeable,"Motion-softened view; lower left bullets outside frame, replaced with visible printed strokes.",SIFT,ideal_highpass,2,True,0.5714285714285714,nan,2.113020956516266,nan,1134.7038999992947,16,7,16,7,4,0,0
main_grid,IMG_0265,cabinet motion,noticeable,"Motion-softened view; lower left bullets outside frame, replaced with visible printed strokes.",Sobel,ideal_highpass,3,True,0.7547169811320755,nan,2.2247174978256226,nan,386.4526000006663,53,119,56,119,40,0,0
main_grid,IMG_0265,cabinet motion,noticeable,"Motion-softened view; lower left bullets outside frame, replaced with visible printed strokes.",LoG,ideal_highpass,3,True,0.6888888888888889,0.0,2.2610658407211304,63.92924880981445,359.4756000002235,90,150,94,150,62,1,0
main_grid,IMG_0265,cabinet motion,noticeable,"Motion-softened view; lower left bullets outside frame, replaced with visible printed strokes.",Harris,ideal_highpass,3,True,0.8222222222222222,nan,2.3839077949523926,nan,407.62830000039685,90,186,95,189,74,0,0
main_grid,IMG_0265,cabinet motion,noticeable,"Motion-softened view; lower left bullets outside frame, replaced with visible printed strokes.",Shi-Tomasi,ideal_highpass,3,True,0.75,nan,2.3254554271698,nan,372.7243000003,68,123,75,125,51,0,0
main_grid,IMG_0265,cabinet motion,noticeable,"Motion-softened view; lower left bullets outside frame, replaced with visible printed strokes.",SIFT,ideal_highpass,3,True,0.2916666666666667,0.0,2.4527132511138916,43.54930114746094,1083.9919999998529,24,28,25,29,7,1,0
main_grid,IMG_0265,cabinet motion,noticeable,"Motion-softened view; lower left bullets outside frame, replaced with visible printed strokes.",Sobel,gaussian_highpass,1,True,0.7,nan,2.2703208923339844,nan,334.60809999996854,40,88,40,88,28,0,0
main_grid,IMG_0265,cabinet motion,noticeable,"Motion-softened view; lower left bullets outside frame, replaced with visible printed strokes.",LoG,gaussian_highpass,1,True,0.6714285714285714,nan,2.2441811561584473,nan,327.9003999996348,70,97,72,97,47,0,0
main_grid,IMG_0265,cabinet motion,noticeable,"Motion-softened view; lower left bullets outside frame, replaced with visible printed strokes.",Harris,gaussian_highpass,1,True,0.775,nan,2.6037464141845703,nan,323.2455999996091,80,187,84,189,62,0,0
main_grid,IMG_0265,cabinet motion,noticeable,"Motion-softened view; lower left bullets outside frame, replaced with visible printed strokes.",Shi-Tomasi,gaussian_highpass,1,True,0.6060606060606061,nan,2.3838106393814087,nan,349.3429999998625,66,110,69,112,40,0,0
main_grid,IMG_0265,cabinet motion,noticeable,"Motion-softened view; lower left bullets outside frame, replaced with visible printed strokes.",SIFT,gaussian_highpass,1,True,0.4,nan,3.375500798225403,nan,843.4869000002436,5,5,5,5,2,0,0
main_grid,IMG_0265,cabinet motion,noticeable,"Motion-softened view; lower left bullets outside frame, replaced with visible printed strokes.",Sobel,gaussian_highpass,2,True,0.7291666666666666,nan,2.149371385574341,nan,410.7302000002164,48,111,50,111,35,0,0
main_grid,IMG_0265,cabinet motion,noticeable,"Motion-softened view; lower left bullets outside frame, replaced with visible printed strokes.",LoG,gaussian_highpass,2,True,0.7325581395348837,nan,2.5014407634735107,nan,378.8736999995308,86,149,89,149,63,0,0
main_grid,IMG_0265,cabinet motion,noticeable,"Motion-softened view; lower left bullets outside frame, replaced with visible printed strokes.",Harris,gaussian_highpass,2,True,0.75,nan,2.5037225484848022,nan,432.07600000005186,88,187,93,190,66,0,0
main_grid,IMG_0265,cabinet motion,noticeable,"Motion-softened view; lower left bullets outside frame, replaced with visible printed strokes.",Shi-Tomasi,gaussian_highpass,2,True,0.6714285714285714,nan,2.4239611625671387,nan,393.43099999950937,70,118,75,120,47,0,0
main_grid,IMG_0265,cabinet motion,noticeable,"Motion-softened view; lower left bullets outside frame, replaced with visible printed strokes.",SIFT,gaussian_highpass,2,True,0.5,nan,3.668918013572693,nan,1055.4645000001983,8,12,9,12,4,0,0
main_grid,IMG_0265,cabinet motion,noticeable,"Motion-softened view; lower left bullets outside frame, replaced with visible printed strokes.",Sobel,gaussian_highpass,3,True,0.7358490566037735,nan,2.1537747383117676,nan,407.5931999996101,53,118,55,118,39,0,0
main_grid,IMG_0265,cabinet motion,noticeable,"Motion-softened view; lower left bullets outside frame, replaced with visible printed strokes.",LoG,gaussian_highpass,3,True,0.7666666666666667,nan,2.4503188133239746,nan,407.57140000005165,90,160,95,160,69,0,0
main_grid,IMG_0265,cabinet motion,noticeable,"Motion-softened view; lower left bullets outside frame, replaced with visible printed strokes.",Harris,gaussian_highpass,3,True,0.7717391304347826,nan,2.439584970474243,nan,432.74360000032175,92,195,98,199,71,0,0
main_grid,IMG_0265,cabinet motion,noticeable,"Motion-softened view; lower left bullets outside frame, replaced with visible printed strokes.",Shi-Tomasi,gaussian_highpass,3,True,0.6621621621621622,nan,2.4239611625671387,nan,436.84399999983725,74,123,80,126,49,0,0
main_grid,IMG_0265,cabinet motion,noticeable,"Motion-softened view; lower left bullets outside frame, replaced with visible printed strokes.",SIFT,gaussian_highpass,3,True,0.29411764705882354,nan,3.2297778129577637,nan,1066.1364999996295,17,34,19,35,5,0,0
main_grid,IMG_0266,warm aisle,low,"More distant view, warmer light, slanted page.",Sobel,none,1,True,0.6382978723404256,0.6666666666666666,2.1114561557769775,3.7561848163604736,50.738599999931466,47,73,52,73,30,3,2
main_grid,IMG_0266,warm aisle,low,"More distant view, warmer light, slanted page.",LoG,none,1,True,0.6833333333333333,1.0,2.286923408508301,1.5063782930374146,48.08439999942493,60,92,66,93,41,1,1
main_grid,IMG_0266,warm aisle,low,"More distant view, warmer light, slanted page.",Harris,none,1,True,0.7209302325581395,0.0,2.5776615142822266,164.16998291015625,78.77210000060586,86,158,92,159,62,1,0
main_grid,IMG_0266,warm aisle,low,"More distant view, warmer light, slanted page.",Shi-Tomasi,none,1,True,0.5930232558139535,nan,2.7522573471069336,nan,68.27399999929185,86,137,90,138,51,0,0
main_grid,IMG_0266,warm aisle,low,"More distant view, warmer light, slanted page.",SIFT,none,1,True,0.6666666666666666,1.0,0.961462527513504,0.896668016910553,478.3494999992399,9,18,10,19,6,3,3
main_grid,IMG_0266,warm aisle,low,"More distant view, warmer light, slanted page.",Sobel,none,2,True,0.64,0.6666666666666666,2.3347418308258057,3.7561848163604736,67.12549999974726,50,74,55,74,32,3,2
main_grid,IMG_0266,warm aisle,low,"More distant view, warmer light, slanted page.",LoG,none,2,True,0.6521739130434783,1.0,2.2140450477600098,1.5063782930374146,65.07450000026438,69,113,75,114,45,1,1
main_grid,IMG_0266,warm aisle,low,"More distant view, warmer light, slanted page.",Harris,none,2,True,0.7303370786516854,0.0,2.4842710494995117,166.7523651123047,100.49780000008468,89,166,95,167,65,2,0
main_grid,IMG_0266,warm aisle,low,"More distant view, warmer light, slanted page.",Shi-Tomasi,none,2,True,0.6067415730337079,0.0,2.7041157484054565,169.62013244628906,94.80820000044332,89,147,93,149,54,1,0
main_grid,IMG_0266,warm aisle,low,"More distant view, warmer light, slanted page.",SIFT,none,2,True,0.7857142857142857,1.0,1.0151290893554688,0.9204644560813904,557.8980000000229,14,24,16,25,11,5,5
main_grid,IMG_0266,warm aisle,low,"More distant view, warmer light, slanted page.",Sobel,none,3,True,0.6274509803921569,0.6666666666666666,2.1114561557769775,3.7561848163604736,70.49569999981031,51,76,56,76,32,3,2
main_grid,IMG_0266,warm aisle,low,"More distant view, warmer light, slanted page.",LoG,none,3,True,0.6666666666666666,nan,2.1005970239639282,nan,69.20420000005834,75,118,81,119,50,0,0
main_grid,IMG_0266,warm aisle,low,"More distant view, warmer light, slanted page.",Harris,none,3,True,0.7362637362637363,0.0,2.4486520290374756,166.7523651123047,104.32909999963158,91,173,97,175,67,2,0
main_grid,IMG_0266,warm aisle,low,"More distant view, warmer light, slanted page.",Shi-Tomasi,none,3,True,0.6179775280898876,0.0,2.6559741497039795,169.62013244628906,94.77629999946657,89,152,93,154,55,1,0
main_grid,IMG_0266,warm aisle,low,"More distant view, warmer light, slanted page.",SIFT,none,3,True,0.6521739130434783,1.0,1.9207838773727417,0.9204644560813904,602.4217000003773,23,44,25,45,15,5,5
main_grid,IMG_0266,warm aisle,low,"More distant view, warmer light, slanted page.",Sobel,ideal_lowpass,1,True,0.6666666666666666,0.0,3.067545533180237,4.766329765319824,259.25740000002406,21,28,23,28,14,1,0
main_grid,IMG_0266,warm aisle,low,"More distant view, warmer light, slanted page.",LoG,ideal_lowpass,1,True,0.5757575757575758,0.0,2.7526814937591553,5.353854656219482,256.6110000007029,33,50,35,51,19,1,0
main_grid,IMG_0266,warm aisle,low,"More distant view, warmer light, slanted page.",Harris,ideal_lowpass,1,True,0.4936708860759494,1.0,2.0497734546661377,1.5063974857330322,258.1406999997853,79,103,82,105,39,2,2
main_grid,IMG_0266,warm aisle,low,"More distant view, warmer light, slanted page.",Shi-Tomasi,ideal_lowpass,1,True,0.4166666666666667,0.5,2.504223585128784,6.822690963745117,278.99359999992157,60,89,65,91,25,2,1
main_grid,IMG_0266,warm aisle,low,"More distant view, warmer light, slanted page.",SIFT,ideal_lowpass,1,True,0.25,1.0,1.7889506816864014,1.7889506816864014,592.3029999994469,4,10,4,11,1,1,1
main_grid,IMG_0266,warm aisle,low,"More distant view, warmer light, slanted page.",Sobel,ideal_lowpass,2,True,0.6666666666666666,0.0,2.8588149547576904,4.766329765319824,298.3162999998967,27,35,29,35,18,1,0
main_grid,IMG_0266,warm aisle,low,"More distant view, warmer light, slanted page.",LoG,ideal_lowpass,2,True,0.6341463414634146,0.5,2.773417830467224,4.422642707824707,303.5589000000982,41,58,43,59,26,2,1
main_grid,IMG_0266,warm aisle,low,"More distant view, warmer light, slanted page.",Harris,ideal_lowpass,2,True,0.5319148936170213,1.0,2.0366244316101074,1.5063974857330322,344.9602999999115,94,125,97,127,50,2,2
main_grid,IMG_0266,warm aisle,low,"More distant view, warmer light, slanted page.",Shi-Tomasi,ideal_lowpass,2,True,0.4788732394366197,1.0,2.667886257171631,1.922469139099121,318.0812999999034,71,114,76,116,34,1,1
main_grid,IMG_0266,warm aisle,low,"More distant view, warmer light, slanted page.",SIFT,ideal_lowpass,2,True,0.7142857142857143,1.0,2.8453084230422974,2.6859869956970215,742.6753999998255,14,36,14,38,10,2,2
main_grid,IMG_0266,warm aisle,low,"More distant view, warmer light, slanted page.",Sobel,ideal_lowpass,3,True,0.6206896551724138,0.0,2.8588149547576904,4.766329765319824,316.38289999955305,29,36,31,36,18,1,0
main_grid,IMG_0266,warm aisle,low,"More distant view, warmer light, slanted page.",LoG,ideal_lowpass,3,True,0.6136363636363636,0.5,2.7526814937591553,4.422642707824707,324.9340000002121,44,62,46,63,27,2,1
main_grid,IMG_0266,warm aisle,low,"More distant view, warmer light, slanted page.",Harris,ideal_lowpass,3,True,0.53,1.0,2.0497734546661377,1.5063974857330322,353.78160000072967,100,133,103,135,53,2,2
main_grid,IMG_0266,warm aisle,low,"More distant view, warmer light, slanted page.",Shi-Tomasi,ideal_lowpass,3,True,0.47368421052631576,nan,2.5735831260681152,nan,332.5771999998324,76,120,81,122,36,0,0
main_grid,IMG_0266,warm aisle,low,"More distant view, warmer light, slanted page.",SIFT,ideal_lowpass,3,True,0.6842105263157895,1.0,2.7129743099212646,1.7889506816864014,773.488300000281,19,46,19,48,13,1,1
main_grid,IMG_0266,warm aisle,low,"More distant view, warmer light, slanted page.",Sobel,gaussian_lowpass,1,True,0.53125,0.0,2.186619758605957,163.95339965820312,287.77200000058656,32,32,35,32,17,2,0
main_grid,IMG_0266,warm aisle,low,"More distant view, warmer light, slanted page.",LoG,gaussian_lowpass,1,True,0.6578947368421053,0.5,2.230196475982666,3.8102855682373047,291.4850999995906,38,76,43,77,25,4,2
main_grid,IMG_0266,warm aisle,low,"More distant view, warmer light, slanted page.",Harris,gaussian_lowpass,1,True,0.6,nan,2.311286687850952,nan,292.84370000004856,60,90,66,91,36,0,0
main_grid,IMG_0266,warm aisle,low,"More distant view, warmer light, slanted page.",Shi-Tomasi,gaussian_lowpass,1,True,0.6274509803921569,1.0,1.9682403802871704,1.962213158607483,313.55079999957525,51,93,57,94,32,1,1
main_grid,IMG_0266,warm aisle,low,"More distant view, warmer light, slanted page.",SIFT,gaussian_lowpass,1,True,0.42857142857142855,1.0,2.635305166244507,1.0931881666183472,630.167899999833,7,17,7,18,3,1,1
main_grid,IMG_0266,warm aisle,low,"More distant view, warmer light, slanted page.",Sobel,gaussian_lowpass,2,True,0.6060606060606061,0.0,2.2895874977111816,163.95339965820312,367.4137999996674,35,33,38,33,20,2,0
main_grid,IMG_0266,warm aisle,low,"More distant view, warmer light, slanted page.",LoG,gaussian_lowpass,2,True,0.6744186046511628,0.5,2.230196475982666,3.8102855682373047,370.9165000000212,43,83,48,84,29,2,1
main_grid,IMG_0266,warm aisle,low,"More distant view, warmer light, slanted page.",Harris,gaussian_lowpass,2,True,0.6323529411764706,nan,2.3458375930786133,nan,388.5976000001392,68,98,73,99,43,0,0
main_grid,IMG_0266,warm aisle,low,"More distant view, warmer light, slanted page.",Shi-Tomasi,gaussian_lowpass,2,True,0.6666666666666666,nan,2.2382631301879883,nan,381.91939999978786,60,103,66,104,40,0,0
main_grid,IMG_0266,warm aisle,low,"More distant view, warmer light, slanted page.",SIFT,gaussian_lowpass,2,True,0.6111111111111112,1.0,2.5703203678131104,1.0931881666183472,770.8281999994142,18,38,18,39,11,1,1
main_grid,IMG_0266,warm aisle,low,"More distant view, warmer light, slanted page.",Sobel,gaussian_lowpass,3,True,0.6060606060606061,0.0,2.2895874977111816,163.95339965820312,368.66879999979574,36,33,39,33,20,2,0
main_grid,IMG_0266,warm aisle,low,"More distant view, warmer light, slanted page.",LoG,gaussian_lowpass,3,True,0.7111111111111111,0.5,2.2449759244918823,3.8102855682373047,350.5685000000085,45,90,50,91,32,2,1
main_grid,IMG_0266,warm aisle,low,"More distant view, warmer light, slanted page.",Harris,gaussian_lowpass,3,True,0.6428571428571429,nan,2.3458375930786133,nan,393.70750000034604,70,104,75,106,45,0,0
main_grid,IMG_0266,warm aisle,low,"More distant view, warmer light, slanted page.",Shi-Tomasi,gaussian_lowpass,3,True,0.671875,nan,2.3445656299591064,nan,391.3067999992563,64,109,70,111,43,0,0
main_grid,IMG_0266,warm aisle,low,"More distant view, warmer light, slanted page.",SIFT,gaussian_lowpass,3,True,0.5,0.5,2.6028127670288086,3.102999687194824,812.2981999995318,24,52,24,53,12,2,1
main_grid,IMG_0266,warm aisle,low,"More distant view, warmer light, slanted page.",Sobel,ideal_highpass,1,True,0.6730769230769231,nan,2.7538280487060547,nan,310.40029999985563,52,72,56,73,35,0,0
main_grid,IMG_0266,warm aisle,low,"More distant view, warmer light, slanted page.",LoG,ideal_highpass,1,True,0.6404494382022472,nan,2.3453478813171387,nan,276.42629999991186,89,127,93,128,57,0,0
main_grid,IMG_0266,warm aisle,low,"More distant view, warmer light, slanted page.",Harris,ideal_highpass,1,True,0.6597938144329897,nan,2.206685185432434,nan,350.8468999998513,97,185,104,187,64,0,0
main_grid,IMG_0266,warm aisle,low,"More distant view, warmer light, slanted page.",Shi-Tomasi,ideal_highpass,1,True,0.6351351351351351,nan,2.412870407104492,nan,332.0301000003383,74,148,80,150,47,0,0
main_grid,IMG_0266,warm aisle,low,"More distant view, warmer light, slanted page.",SIFT,ideal_highpass,1,True,0.6,1.0,2.3130741119384766,2.3130741119384766,852.6282000002539,10,15,12,16,6,2,2
main_grid,IMG_0266,warm aisle,low,"More distant view, warmer light, slanted page.",Sobel,ideal_highpass,2,True,0.7230769230769231,nan,2.5589592456817627,nan,357.9657000000225,65,106,70,107,47,0,0
main_grid,IMG_0266,warm aisle,low,"More distant view, warmer light, slanted page.",LoG,ideal_highpass,2,True,0.6448598130841121,nan,2.540842294692993,nan,376.3764999994237,107,163,112,164,69,0,0
main_grid,IMG_0266,warm aisle,low,"More distant view, warmer light, slanted page.",Harris,ideal_highpass,2,True,0.7264150943396226,nan,2.2691729068756104,nan,401.5313999998398,106,202,112,205,77,0,0
main_grid,IMG_0266,warm aisle,low,"More distant view, warmer light, slanted page.",Shi-Tomasi,ideal_highpass,2,True,0.6309523809523809,nan,2.2762668132781982,nan,361.7887000000337,84,168,90,171,53,0,0
main_grid,IMG_0266,warm aisle,low,"More distant view, warmer light, slanted page.",SIFT,ideal_highpass,2,True,0.375,1.0,2.3130741119384766,2.3130741119384766,1065.8268999995926,16,17,19,18,6,2,2
main_grid,IMG_0266,warm aisle,low,"More distant view, warmer light, slanted page.",Sobel,ideal_highpass,3,True,0.7058823529411765,nan,2.5560766458511353,nan,388.4365000003527,68,110,73,112,48,0,0
main_grid,IMG_0266,warm aisle,low,"More distant view, warmer light, slanted page.",LoG,ideal_highpass,3,True,0.6491228070175439,nan,2.549238920211792,nan,368.0208000005223,114,172,119,173,74,0,0
main_grid,IMG_0266,warm aisle,low,"More distant view, warmer light, slanted page.",Harris,ideal_highpass,3,True,0.7272727272727273,nan,2.271503210067749,nan,411.0065000004397,110,210,116,213,80,0,0
main_grid,IMG_0266,warm aisle,low,"More distant view, warmer light, slanted page.",Shi-Tomasi,ideal_highpass,3,True,0.6179775280898876,nan,2.412870407104492,nan,411.0923999996885,89,172,95,176,55,0,0
main_grid,IMG_0266,warm aisle,low,"More distant view, warmer light, slanted page.",SIFT,ideal_highpass,3,True,0.4074074074074074,1.0,2.3700811862945557,2.3130741119384766,1106.4605000001393,27,32,30,33,11,2,2
main_grid,IMG_0266,warm aisle,low,"More distant view, warmer light, slanted page.",Sobel,gaussian_highpass,1,True,0.6938775510204082,nan,2.4318039417266846,nan,324.26440000017465,49,83,54,84,34,0,0
main_grid,IMG_0266,warm aisle,low,"More distant view, warmer light, slanted page.",LoG,gaussian_highpass,1,True,0.5795454545454546,nan,2.842961072921753,nan,339.4623000003776,88,116,94,118,51,0,0
main_grid,IMG_0266,warm aisle,low,"More distant view, warmer light, slanted page.",Harris,gaussian_highpass,1,True,0.7244897959183674,nan,2.800349473953247,nan,356.44479999973555,98,200,106,202,71,0,0
main_grid,IMG_0266,warm aisle,low,"More distant view, warmer light, slanted page.",Shi-Tomasi,gaussian_highpass,1,True,0.6404494382022472,nan,2.733095645904541,nan,325.54309999977704,89,158,94,158,57,0,0
main_grid,IMG_0266,warm aisle,low,"More distant view, warmer light, slanted page.",SIFT,gaussian_highpass,1,True,0.6666666666666666,1.0,1.720797836780548,1.0059518814086914,824.9040999999124,6,12,8,13,4,1,1
main_grid,IMG_0266,warm aisle,low,"More distant view, warmer light, slanted page.",Sobel,gaussian_highpass,2,True,0.7758620689655172,nan,2.504207134246826,nan,378.41479999951844,58,105,64,106,45,0,0
main_grid,IMG_0266,warm aisle,low,"More distant view, warmer light, slanted page.",LoG,gaussian_highpass,2,True,0.638095238095238,nan,2.842961072921753,nan,399.06129999963014,105,163,111,165,67,0,0
main_grid,IMG_0266,warm aisle,low,"More distant view, warmer light, slanted page.",Harris,gaussian_highpass,2,True,0.7272727272727273,nan,2.4532991647720337,nan,399.034500000198,110,213,117,216,80,0,0
main_grid,IMG_0266,warm aisle,low,"More distant view, warmer light, slanted page.",Shi-Tomasi,gaussian_highpass,2,True,0.5978260869565217,nan,2.7578635215759277,nan,415.4625000001033,92,173,98,175,55,0,0
main_grid,IMG_0266,warm aisle,low,"More distant view, warmer light, slanted page.",SIFT,gaussian_highpass,2,True,0.36363636363636365,0.5,1.720797836780548,84.77471160888672,1024.0101999997933,11,15,14,16,4,2,1
main_grid,IMG_0266,warm aisle,low,"More distant view, warmer light, slanted page.",Sobel,gaussian_highpass,3,True,0.7796610169491526,nan,2.4318039417266846,nan,376.79729999945266,59,109,65,110,46,0,0
main_grid,IMG_0266,warm aisle,low,"More distant view, warmer light, slanted page.",LoG,gaussian_highpass,3,True,0.6517857142857143,nan,2.774195671081543,nan,408.4224999996877,112,173,118,175,73,0,0
main_grid,IMG_0266,warm aisle,low,"More distant view, warmer light, slanted page.",Harris,gaussian_highpass,3,True,0.7217391304347827,nan,2.4011826515197754,nan,446.2048999994295,115,217,122,220,83,0,0
main_grid,IMG_0266,warm aisle,low,"More distant view, warmer light, slanted page.",Shi-Tomasi,gaussian_highpass,3,True,0.6105263157894737,nan,2.7411177158355713,nan,408.56259999964095,95,177,101,179,58,0,0
main_grid,IMG_0266,warm aisle,low,"More distant view, warmer light, slanted page.",SIFT,gaussian_highpass,3,True,0.2727272727272727,0.5,2.273013949394226,84.77471160888672,1054.0239000001748,22,22,25,23,6,2,1
main_grid,IMG_0267,strong side view,mild,"Strong in-plane rotation, page curvature and shadow.",Sobel,none,1,True,0.5384615384615384,0.0,2.666198492050171,160.9677276611328,53.572300000269024,39,48,46,48,21,1,0
main_grid,IMG_0267,strong side view,mild,"Strong in-plane rotation, page curvature and shadow.",LoG,none,1,True,0.5094339622641509,nan,1.7219048738479614,nan,51.251699999738776,53,61,58,63,27,0,0
main_grid,IMG_0267,strong side view,mild,"Strong in-plane rotation, page curvature and shadow.",Harris,none,1,True,0.5324675324675324,nan,2.8211538791656494,nan,84.1273000005458,77,103,83,104,41,0,0
main_grid,IMG_0267,strong side view,mild,"Strong in-plane rotation, page curvature and shadow.",Shi-Tomasi,none,1,True,0.5394736842105263,nan,2.519138813018799,nan,71.80509999943752,79,76,84,79,41,0,0
main_grid,IMG_0267,strong side view,mild,"Strong in-plane rotation, page curvature and shadow.",SIFT,none,1,True,1.0,nan,1.8362979888916016,nan,430.11139999998704,4,27,5,28,4,0,0
main_grid,IMG_0267,strong side view,mild,"Strong in-plane rotation, page curvature and shadow.",Sobel,none,2,True,0.5121951219512195,0.0,2.666198492050171,160.9677276611328,64.80430000010529,41,49,48,49,21,1,0
main_grid,IMG_0267,strong side view,mild,"Strong in-plane rotation, page curvature and shadow.",LoG,none,2,True,0.6101694915254238,nan,1.8588190078735352,nan,61.009500000182015,59,72,64,74,36,0,0
main_grid,IMG_0267,strong side view,mild,"Strong in-plane rotation, page curvature and shadow.",Harris,none,2,True,0.5625,nan,2.727871894836426,nan,103.82579999986774,80,110,87,112,45,0,0
main_grid,IMG_0267,strong side view,mild,"Strong in-plane rotation, page curvature and shadow.",Shi-Tomasi,none,2,True,0.5432098765432098,nan,2.4099714756011963,nan,85.72189999995317,81,82,87,86,44,0,0
main_grid,IMG_0267,strong side view,mild,"Strong in-plane rotation, page curvature and shadow.",SIFT,none,2,True,1.0,1.0,2.062757968902588,2.0175657272338867,565.9501000000091,9,32,10,33,9,2,2
main_grid,IMG_0267,strong side view,mild,"Strong in-plane rotation, page curvature and shadow.",Sobel,none,3,True,0.5853658536585366,0.0,2.7406314611434937,160.9677276611328,60.396099999707076,41,52,48,52,24,1,0
main_grid,IMG_0267,strong side view,mild,"Strong in-plane rotation, page curvature and shadow.",LoG,none,3,True,0.578125,nan,1.9297337532043457,nan,63.28920000032667,64,76,69,78,37,0,0
main_grid,IMG_0267,strong side view,mild,"Strong in-plane rotation, page curvature and shadow.",Harris,none,3,True,0.5609756097560976,nan,2.721263885498047,nan,99.8688999998194,82,113,89,115,46,0,0
main_grid,IMG_0267,strong side view,mild,"Strong in-plane rotation, page curvature and shadow.",Shi-Tomasi,none,3,True,0.5432098765432098,nan,2.4099714756011963,nan,93.60120000019378,81,83,87,87,44,0,0
main_grid,IMG_0267,strong side view,mild,"Strong in-plane rotation, page curvature and shadow.",SIFT,none,3,True,0.6470588235294118,1.0,2.062757968902588,2.732118606567383,610.7901000004858,17,53,19,55,11,3,3
main_grid,IMG_0267,strong side view,mild,"Strong in-plane rotation, page curvature and shadow.",Sobel,ideal_lowpass,1,True,0.6111111111111112,nan,2.9830119609832764,nan,236.05379999935394,18,22,19,22,11,0,0
main_grid,IMG_0267,strong side view,mild,"Strong in-plane rotation, page curvature and shadow.",LoG,ideal_lowpass,1,True,0.5769230769230769,nan,1.8929824829101562,nan,262.5056000006225,26,35,27,36,15,0,0
main_grid,IMG_0267,strong side view,mild,"Strong in-plane rotation, page curvature and shadow.",Harris,ideal_lowpass,1,True,0.45454545454545453,0.0,2.6583971977233887,154.98779296875,288.3076999996774,66,69,70,70,30,1,0
main_grid,IMG_0267,strong side view,mild,"Strong in-plane rotation, page curvature and shadow.",Shi-Tomasi,ideal_lowpass,1,True,0.4791666666666667,nan,2.2360498905181885,nan,266.287000000375,48,56,55,57,23,0,0
main_grid,IMG_0267,strong side view,mild,"Strong in-plane rotation, page curvature and shadow.",SIFT,ideal_lowpass,1,True,1.0,nan,2.8830111026763916,nan,602.449500000148,4,27,4,28,4,0,0
main_grid,IMG_0267,strong side view,mild,"Strong in-plane rotation, page curvature and shadow.",Sobel,ideal_lowpass,2,True,0.5833333333333334,nan,2.9574520587921143,nan,318.9327999998568,24,25,25,25,14,0,0
main_grid,IMG_0267,strong side view,mild,"Strong in-plane rotation, page curvature and shadow.",LoG,ideal_lowpass,2,True,0.6,nan,2.4625236988067627,nan,278.74210000027233,30,43,32,44,18,0,0
main_grid,IMG_0267,strong side view,mild,"Strong in-plane rotation, page curvature and shadow.",Harris,ideal_lowpass,2,True,0.5063291139240507,0.0,2.6583971977233887,154.98779296875,348.63469999982044,79,85,84,87,40,1,0
main_grid,IMG_0267,strong side view,mild,"Strong in-plane rotation, page curvature and shadow.",Shi-Tomasi,ideal_lowpass,2,True,0.5,nan,2.6181368827819824,nan,348.16139999929874,56,70,63,71,28,0,0
main_grid,IMG_0267,strong side view,mild,"Strong in-plane rotation, page curvature and shadow.",SIFT,ideal_lowpass,2,True,0.6153846153846154,0.0,3.3945449590682983,4.988338947296143,721.4980999997351,13,44,14,45,8,1,0
main_grid,IMG_0267,strong side view,mild,"Strong in-plane rotation, page curvature and shadow.",Sobel,ideal_lowpass,3,True,0.56,nan,2.9574520587921143,nan,318.3891999997286,25,28,26,28,14,0,0
main_grid,IMG_0267,strong side view,mild,"Strong in-plane rotation, page curvature and shadow.",LoG,ideal_lowpass,3,True,0.5757575757575758,nan,2.865086555480957,nan,297.942499999408,33,45,35,46,19,0,0
main_grid,IMG_0267,strong side view,mild,"Strong in-plane rotation, page curvature and shadow.",Harris,ideal_lowpass,3,True,0.5,0.0,2.6583971977233887,154.98779296875,360.9775000004447,84,90,89,92,42,1,0
main_grid,IMG_0267,strong side view,mild,"Strong in-plane rotation, page curvature and shadow.",Shi-Tomasi,ideal_lowpass,3,True,0.47540983606557374,nan,2.6374270915985107,nan,341.21830000003683,61,75,68,76,29,0,0
main_grid,IMG_0267,strong side view,mild,"Strong in-plane rotation, page curvature and shadow.",SIFT,ideal_lowpass,3,True,0.6111111111111112,nan,2.5778820514678955,nan,763.4299999999712,18,52,19,54,11,0,0
main_grid,IMG_0267,strong side view,mild,"Strong in-plane rotation, page curvature and shadow.",Sobel,gaussian_lowpass,1,True,0.7272727272727273,0.0,2.143123745918274,160.9677276611328,277.3078999998688,30,22,31,22,16,1,0
main_grid,IMG_0267,strong side view,mild,"Strong in-plane rotation, page curvature and shadow.",LoG,gaussian_lowpass,1,True,0.5454545454545454,nan,2.3148891925811768,nan,265.60479999989184,33,51,37,52,18,0,0
main_grid,IMG_0267,strong side view,mild,"Strong in-plane rotation, page curvature and shadow.",Harris,gaussian_lowpass,1,True,0.5769230769230769,nan,2.786842465400696,nan,314.725900000667,52,60,56,63,30,0,0
main_grid,IMG_0267,strong side view,mild,"Strong in-plane rotation, page curvature and shadow.",Shi-Tomasi,gaussian_lowpass,1,True,0.6,nan,2.676886558532715,nan,312.48369999957504,45,59,51,60,27,0,0
main_grid,IMG_0267,strong side view,mild,"Strong in-plane rotation, page curvature and shadow.",SIFT,gaussian_lowpass,1,True,0.5714285714285714,0.6666666666666666,2.15734326839447,2.04081654548645,587.1417999996993,7,31,7,32,4,3,2
main_grid,IMG_0267,strong side view,mild,"Strong in-plane rotation, page curvature and shadow.",Sobel,gaussian_lowpass,2,True,0.75,0.0,2.143123745918274,160.9677276611328,344.247600000017,31,24,33,24,18,1,0
main_grid,IMG_0267,strong side view,mild,"Strong in-plane rotation, page curvature and shadow.",LoG,gaussian_lowpass,2,True,0.6,nan,2.4128613471984863,nan,312.2630999996545,35,56,41,57,21,0,0
main_grid,IMG_0267,strong side view,mild,"Strong in-plane rotation, page curvature and shadow.",Harris,gaussian_lowpass,2,True,0.5714285714285714,nan,2.786842465400696,nan,373.0900999998994,56,70,64,74,32,0,0
main_grid,IMG_0267,strong side view,mild,"Strong in-plane rotation, page curvature and shadow.",Shi-Tomasi,gaussian_lowpass,2,True,0.6037735849056604,nan,2.880194902420044,nan,367.25249999926746,53,71,61,72,32,0,0
main_grid,IMG_0267,strong side view,mild,"Strong in-plane rotation, page curvature and shadow.",SIFT,gaussian_lowpass,2,True,0.6,0.5,2.6517863273620605,3.1611270904541016,734.8228000000745,15,44,16,45,9,4,2
main_grid,IMG_0267,strong side view,mild,"Strong in-plane rotation, page curvature and shadow.",Sobel,gaussian_lowpass,3,True,0.6666666666666666,0.0,1.7796323895454407,160.9677276611328,348.7051000001884,32,27,34,27,18,1,0
main_grid,IMG_0267,strong side view,mild,"Strong in-plane rotation, page curvature and shadow.",LoG,gaussian_lowpass,3,True,0.5675675675675675,nan,2.631850004196167,nan,328.04029999988416,37,59,43,60,21,0,0
main_grid,IMG_0267,strong side view,mild,"Strong in-plane rotation, page curvature and shadow.",Harris,gaussian_lowpass,3,True,0.5789473684210527,nan,2.8932266235351562,nan,393.97180000014487,57,75,66,79,33,0,0
main_grid,IMG_0267,strong side view,mild,"Strong in-plane rotation, page curvature and shadow.",Shi-Tomasi,gaussian_lowpass,3,True,0.5964912280701754,nan,2.7024911642074585,nan,363.74660000001313,57,75,65,76,34,0,0
main_grid,IMG_0267,strong side view,mild,"Strong in-plane rotation, page curvature and shadow.",SIFT,gaussian_lowpass,3,True,0.45,0.5,2.6517863273620605,3.1611270904541016,789.6725999999035,20,49,21,50,9,4,2
main_grid,IMG_0267,strong side view,mild,"Strong in-plane rotation, page curvature and shadow.",Sobel,ideal_highpass,1,True,0.6428571428571429,nan,2.129270076751709,nan,273.5272999998415,42,66,50,70,27,0,0
main_grid,IMG_0267,strong side view,mild,"Strong in-plane rotation, page curvature and shadow.",LoG,ideal_highpass,1,True,0.575,nan,2.2452787160873413,nan,296.0594000005585,80,104,84,106,46,0,0
main_grid,IMG_0267,strong side view,mild,"Strong in-plane rotation, page curvature and shadow.",Harris,ideal_highpass,1,True,0.5411764705882353,nan,2.6166696548461914,nan,329.8580000000584,85,133,95,137,46,0,0
main_grid,IMG_0267,strong side view,mild,"Strong in-plane rotation, page curvature and shadow.",Shi-Tomasi,ideal_highpass,1,True,0.5076923076923077,nan,2.178009510040283,nan,305.4636999995637,65,92,69,94,33,0,0
main_grid,IMG_0267,strong side view,mild,"Strong in-plane rotation, page curvature and shadow.",SIFT,ideal_highpass,1,True,0.8,1.0,2.440789818763733,2.571532726287842,845.6200999999055,5,26,8,27,4,1,1
main_grid,IMG_0267,strong side view,mild,"Strong in-plane rotation, page curvature and shadow.",Sobel,ideal_highpass,2,True,0.6111111111111112,nan,2.1902337074279785,nan,322.67010000032315,54,83,62,87,33,0,0
main_grid,IMG_0267,strong side view,mild,"Strong in-plane rotation, page curvature and shadow.",LoG,ideal_highpass,2,True,0.5957446808510638,nan,2.3276036977767944,nan,364.19519999981276,94,129,99,131,56,0,0
main_grid,IMG_0267,strong side view,mild,"Strong in-plane rotation, page curvature and shadow.",Harris,ideal_highpass,2,True,0.5851063829787234,nan,2.727871894836426,nan,395.85209999950166,94,141,104,146,55,0,0
main_grid,IMG_0267,strong side view,mild,"Strong in-plane rotation, page curvature and shadow.",Shi-Tomasi,ideal_highpass,2,True,0.5066666666666667,nan,2.423464059829712,nan,351.3286999996126,75,104,80,107,38,0,0
main_grid,IMG_0267,strong side view,mild,"Strong in-plane rotation, page curvature and shadow.",SIFT,ideal_highpass,2,True,0.7,1.0,2.5163609981536865,2.571532726287842,990.9193000003143,10,39,14,40,7,1,1
main_grid,IMG_0267,strong side view,mild,"Strong in-plane rotation, page curvature and shadow.",Sobel,ideal_highpass,3,True,0.625,nan,2.1902337074279785,nan,371.8444999994972,56,88,64,92,35,0,0
main_grid,IMG_0267,strong side view,mild,"Strong in-plane rotation, page curvature and shadow.",LoG,ideal_highpass,3,True,0.6138613861386139,nan,2.476622700691223,nan,387.3786999993172,101,137,106,140,62,0,0
main_grid,IMG_0267,strong side view,mild,"Strong in-plane rotation, page curvature and shadow.",Harris,ideal_highpass,3,True,0.5714285714285714,nan,2.721263885498047,nan,418.3058999997229,98,147,108,152,56,0,0
main_grid,IMG_0267,strong side view,mild,"Strong in-plane rotation, page curvature and shadow.",Shi-Tomasi,ideal_highpass,3,True,0.5063291139240507,nan,2.48965060710907,nan,400.0429999996413,79,107,85,110,40,0,0
main_grid,IMG_0267,strong side view,mild,"Strong in-plane rotation, page curvature and shadow.",SIFT,ideal_highpass,3,True,0.5789473684210527,1.0,2.571532726287842,2.571532726287842,1042.51849999946,19,52,24,53,11,1,1
main_grid,IMG_0267,strong side view,mild,"Strong in-plane rotation, page curvature and shadow.",Sobel,gaussian_highpass,1,True,0.6904761904761905,nan,2.5474934577941895,nan,290.38849999960803,42,67,50,70,29,0,0
main_grid,IMG_0267,strong side view,mild,"Strong in-plane rotation, page curvature and shadow.",LoG,gaussian_highpass,1,True,0.5555555555555556,nan,2.218885660171509,nan,329.46699999956763,81,99,86,101,45,0,0
main_grid,IMG_0267,strong side view,mild,"Strong in-plane rotation, page curvature and shadow.",Harris,gaussian_highpass,1,True,0.5384615384615384,nan,2.5754363536834717,nan,366.01340000015625,91,149,99,153,49,0,0
main_grid,IMG_0267,strong side view,mild,"Strong in-plane rotation, page curvature and shadow.",Shi-Tomasi,gaussian_highpass,1,True,0.49382716049382713,nan,2.335375666618347,nan,319.7795000005499,81,108,85,112,40,0,0
main_grid,IMG_0267,strong side view,mild,"Strong in-plane rotation, page curvature and shadow.",SIFT,gaussian_highpass,1,True,1.0,nan,3.609633207321167,nan,836.579000000711,4,28,6,30,4,0,0
main_grid,IMG_0267,strong side view,mild,"Strong in-plane rotation, page curvature and shadow.",Sobel,gaussian_highpass,2,True,0.6875,nan,2.5474934577941895,nan,371.35310000030586,48,75,56,78,33,0,0
main_grid,IMG_0267,strong side view,mild,"Strong in-plane rotation, page curvature and shadow.",LoG,gaussian_highpass,2,True,0.5760869565217391,nan,2.1980581283569336,nan,394.5611999997709,92,124,97,125,53,0,0
main_grid,IMG_0267,strong side view,mild,"Strong in-plane rotation, page curvature and shadow.",Harris,gaussian_highpass,2,True,0.5757575757575758,nan,2.43788743019104,nan,401.144800000111,99,154,107,159,57,0,0
main_grid,IMG_0267,strong side view,mild,"Strong in-plane rotation, page curvature and shadow.",Shi-Tomasi,gaussian_highpass,2,True,0.573170731707317,nan,2.473479986190796,nan,417.2376999995322,82,118,87,121,47,0,0
main_grid,IMG_0267,strong side view,mild,"Strong in-plane rotation, page curvature and shadow.",SIFT,gaussian_highpass,2,True,0.6666666666666666,0.0,3.609633207321167,353.86041259765625,1018.6996999991607,9,38,11,40,6,1,0
main_grid,IMG_0267,strong side view,mild,"Strong in-plane rotation, page curvature and shadow.",Sobel,gaussian_highpass,3,True,0.7142857142857143,nan,2.5474934577941895,nan,399.0072999995391,49,79,57,82,35,0,0
main_grid,IMG_0267,strong side view,mild,"Strong in-plane rotation, page curvature and shadow.",LoG,gaussian_highpass,3,True,0.5714285714285714,nan,2.1346086263656616,nan,393.29819999966276,98,129,104,130,56,0,0
main_grid,IMG_0267,strong side view,mild,"Strong in-plane rotation, page curvature and shadow.",Harris,gaussian_highpass,3,True,0.5673076923076923,nan,2.43788743019104,nan,454.97809999960737,104,159,112,164,59,0,0
main_grid,IMG_0267,strong side view,mild,"Strong in-plane rotation, page curvature and shadow.",Shi-Tomasi,gaussian_highpass,3,True,0.6,nan,2.548248291015625,nan,389.0452000005098,85,120,90,123,51,0,0
main_grid,IMG_0267,strong side view,mild,"Strong in-plane rotation, page curvature and shadow.",SIFT,gaussian_highpass,3,True,0.47368421052631576,nan,3.3493919372558594,nan,1034.1162999993685,19,51,22,53,9,0,0
main_grid,IMG_0268,strong side view,noticeable,"Strong rotation, softer image and rolled inner margin.",Sobel,none,1,True,0.43902439024390244,nan,2.6122117042541504,nan,53.72949999946286,41,43,45,43,18,0,0
main_grid,IMG_0268,strong side view,noticeable,"Strong rotation, softer image and rolled inner margin.",LoG,none,1,True,0.5,nan,2.342803955078125,nan,53.31029999979364,54,70,56,71,27,0,0
main_grid,IMG_0268,strong side view,noticeable,"Strong rotation, softer image and rolled inner margin.",Harris,none,1,True,0.5,nan,2.594161033630371,nan,82.82280000003084,76,114,84,116,38,0,0
main_grid,IMG_0268,strong side view,noticeable,"Strong rotation, softer image and rolled inner margin.",Shi-Tomasi,none,1,True,0.44155844155844154,nan,2.3566051721572876,nan,72.61350000044331,77,94,82,97,34,0,0
main_grid,IMG_0268,strong side view,noticeable,"Strong rotation, softer image and rolled inner margin.",SIFT,none,1,True,0.6666666666666666,nan,1.7334741353988647,nan,457.1067999995648,3,17,4,18,2,0,0
main_grid,IMG_0268,strong side view,noticeable,"Strong rotation, softer image and rolled inner margin.",Sobel,none,2,True,0.4418604651162791,nan,2.411740779876709,nan,55.63960000017687,43,45,47,45,19,0,0
main_grid,IMG_0268,strong side view,noticeable,"Strong rotation, softer image and rolled inner margin.",LoG,none,2,True,0.5333333333333333,nan,2.1055259704589844,nan,57.10030000045663,60,76,62,79,32,0,0
main_grid,IMG_0268,strong side view,noticeable,"Strong rotation, softer image and rolled inner margin.",Harris,none,2,True,0.5375,nan,2.561053514480591,nan,98.83189999982278,80,123,88,126,43,0,0
main_grid,IMG_0268,strong side view,noticeable,"Strong rotation, softer image and rolled inner margin.",Shi-Tomasi,none,2,True,0.4375,nan,2.2342851161956787,nan,88.41120000033698,80,100,85,103,35,0,0
main_grid,IMG_0268,strong side view,noticeable,"Strong rotation, softer image and rolled inner margin.",SIFT,none,2,True,0.625,1.0,2.580899238586426,1.9703470468521118,602.6359000006778,8,23,9,24,5,2,2
main_grid,IMG_0268,strong side view,noticeable,"Strong rotation, softer image and rolled inner margin.",Sobel,none,3,True,0.4418604651162791,nan,2.411740779876709,nan,67.15019999955985,43,45,47,45,19,0,0
main_grid,IMG_0268,strong side view,noticeable,"Strong rotation, softer image and rolled inner margin.",LoG,none,3,True,0.515625,nan,1.922396183013916,nan,68.31229999988864,64,80,67,84,33,0,0
main_grid,IMG_0268,strong side view,noticeable,"Strong rotation, softer image and rolled inner margin.",Harris,none,3,True,0.5308641975308642,nan,2.546862840652466,nan,94.63940000023285,81,123,90,126,43,0,0
main_grid,IMG_0268,strong side view,noticeable,"Strong rotation, softer image and rolled inner margin.",Shi-Tomasi,none,3,True,0.45,nan,2.3407517671585083,nan,90.68659999957163,80,101,85,104,36,0,0
main_grid,IMG_0268,strong side view,noticeable,"Strong rotation, softer image and rolled inner margin.",SIFT,none,3,True,0.5,1.0,2.1420634388923645,1.9703470468521118,638.5368000001108,16,39,18,40,8,2,2
main_grid,IMG_0268,strong side view,noticeable,"Strong rotation, softer image and rolled inner margin.",Sobel,ideal_lowpass,1,True,0.35294117647058826,0.0,2.8772974014282227,160.71282958984375,225.21809999943798,18,17,18,17,6,1,0
main_grid,IMG_0268,strong side view,noticeable,"Strong rotation, softer image and rolled inner margin.",LoG,ideal_lowpass,1,True,0.46153846153846156,nan,2.322256088256836,nan,255.1194999996369,26,49,26,50,12,0,0
main_grid,IMG_0268,strong side view,noticeable,"Strong rotation, softer image and rolled inner margin.",Harris,ideal_lowpass,1,True,0.3870967741935484,nan,2.7352495193481445,nan,286.5784999994503,62,69,67,71,24,0,0
main_grid,IMG_0268,strong side view,noticeable,"Strong rotation, softer image and rolled inner margin.",Shi-Tomasi,ideal_lowpass,1,True,0.48,nan,2.470768451690674,nan,273.65349999945465,50,65,55,65,24,0,0
main_grid,IMG_0268,strong side view,noticeable,"Strong rotation, softer image and rolled inner margin.",SIFT,ideal_lowpass,1,True,0.5,0.5,2.044610619544983,5.429769515991211,577.4300999992192,4,22,4,23,2,2,1
main_grid,IMG_0268,strong side view,noticeable,"Strong rotation, softer image and rolled inner margin.",Sobel,ideal_lowpass,2,True,0.42105263157894735,0.0,2.969437003135681,160.71282958984375,313.0684999996447,24,19,24,19,8,1,0
main_grid,IMG_0268,strong side view,noticeable,"Strong rotation, softer image and rolled inner margin.",LoG,ideal_lowpass,2,True,0.4666666666666667,0.0,2.1498449444770813,335.5427551269531,287.14249999939057,30,56,31,57,14,1,0
main_grid,IMG_0268,strong side view,noticeable,"Strong rotation, softer image and rolled inner margin.",Harris,ideal_lowpass,2,True,0.4657534246575342,nan,2.7987942695617676,nan,347.6332000000184,73,83,81,85,34,0,0
main_grid,IMG_0268,strong side view,noticeable,"Strong rotation, softer image and rolled inner margin.",Shi-Tomasi,ideal_lowpass,2,True,0.5357142857142857,nan,2.712796926498413,nan,331.069199999547,56,81,63,81,30,0,0
main_grid,IMG_0268,strong side view,noticeable,"Strong rotation, softer image and rolled inner margin.",SIFT,ideal_lowpass,2,True,0.46153846153846156,1.0,1.9798436164855957,2.4473440647125244,723.0779999999868,13,35,14,36,6,1,1
main_grid,IMG_0268,strong side view,noticeable,"Strong rotation, softer image and rolled inner margin.",Sobel,ideal_lowpass,3,True,0.36363636363636365,0.0,2.969437003135681,160.71282958984375,328.9024000005156,25,22,25,22,8,1,0
main_grid,IMG_0268,strong side view,noticeable,"Strong rotation, softer image and rolled inner margin.",LoG,ideal_lowpass,3,True,0.42424242424242425,0.0,2.1498449444770813,335.5427551269531,296.5494000000035,33,57,34,58,14,1,0
main_grid,IMG_0268,strong side view,noticeable,"Strong rotation, softer image and rolled inner margin.",Harris,ideal_lowpass,3,True,0.46153846153846156,nan,2.7811903953552246,nan,350.57140000026266,78,88,86,90,36,0,0
main_grid,IMG_0268,strong side view,noticeable,"Strong rotation, softer image and rolled inner margin.",Shi-Tomasi,ideal_lowpass,3,True,0.4918032786885246,nan,2.712796926498413,nan,350.4461000002266,61,84,68,84,30,0,0
main_grid,IMG_0268,strong side view,noticeable,"Strong rotation, softer image and rolled inner margin.",SIFT,ideal_lowpass,3,True,0.4444444444444444,1.0,2.382577061653137,2.4473440647125244,751.638599999751,18,41,19,42,8,1,1
main_grid,IMG_0268,strong side view,noticeable,"Strong rotation, softer image and rolled inner margin.",Sobel,gaussian_lowpass,1,True,0.38095238095238093,0.0,2.554190516471863,155.62586975097656,293.7675000002855,30,21,31,22,8,2,0
main_grid,IMG_0268,strong side view,noticeable,"Strong rotation, softer image and rolled inner margin.",LoG,gaussian_lowpass,1,True,0.38235294117647056,0.0,2.4929990768432617,157.25009155273438,248.34779999946477,34,48,36,49,13,1,0
main_grid,IMG_0268,strong side view,noticeable,"Strong rotation, softer image and rolled inner margin.",Harris,gaussian_lowpass,1,True,0.5471698113207547,nan,2.5213215351104736,nan,326.49399999991147,53,64,57,67,29,0,0
main_grid,IMG_0268,strong side view,noticeable,"Strong rotation, softer image and rolled inner margin.",Shi-Tomasi,gaussian_lowpass,1,True,0.5416666666666666,0.0,2.336470365524292,330.7757873535156,303.52750000020023,48,56,52,57,26,1,0
main_grid,IMG_0268,strong side view,noticeable,"Strong rotation, softer image and rolled inner margin.",SIFT,gaussian_lowpass,1,True,0.42857142857142855,0.0,3.7775180339813232,22.305625915527344,577.5729999995747,7,22,7,23,3,2,0
main_grid,IMG_0268,strong side view,noticeable,"Strong rotation, softer image and rolled inner margin.",Sobel,gaussian_lowpass,2,True,0.36363636363636365,0.0,2.4408375024795532,155.62586975097656,362.53620000024966,31,22,33,23,8,2,0
main_grid,IMG_0268,strong side view,noticeable,"Strong rotation, softer image and rolled inner margin.",LoG,gaussian_lowpass,2,True,0.42857142857142855,0.0,2.7639920711517334,157.25009155273438,351.8485000004148,35,54,39,56,15,1,0
main_grid,IMG_0268,strong side view,noticeable,"Strong rotation, softer image and rolled inner margin.",Harris,gaussian_lowpass,2,True,0.5084745762711864,nan,2.46651554107666,nan,371.8965999996726,59,68,66,72,30,0,0
main_grid,IMG_0268,strong side view,noticeable,"Strong rotation, softer image and rolled inner margin.",Shi-Tomasi,gaussian_lowpass,2,True,0.5172413793103449,0.0,2.439982056617737,330.7757873535156,366.70239999966725,58,62,62,63,30,1,0
main_grid,IMG_0268,strong side view,noticeable,"Strong rotation, softer image and rolled inner margin.",SIFT,gaussian_lowpass,2,True,0.5333333333333333,0.0,2.559034526348114,36.234127044677734,726.4124000002994,15,29,16,30,8,1,0
main_grid,IMG_0268,strong side view,noticeable,"Strong rotation, softer image and rolled inner margin.",Sobel,gaussian_lowpass,3,True,0.34782608695652173,0.0,2.4408375024795532,155.62586975097656,357.7142999993157,32,23,34,25,8,2,0
main_grid,IMG_0268,strong side view,noticeable,"Strong rotation, softer image and rolled inner margin.",LoG,gaussian_lowpass,3,True,0.43243243243243246,0.0,2.6284955739974976,157.25009155273438,317.39329999982147,37,57,41,59,16,1,0
main_grid,IMG_0268,strong side view,noticeable,"Strong rotation, softer image and rolled inner margin.",Harris,gaussian_lowpass,3,True,0.5,nan,2.46651554107666,nan,379.672600000049,60,73,68,77,30,0,0
main_grid,IMG_0268,strong side view,noticeable,"Strong rotation, softer image and rolled inner margin.",Shi-Tomasi,gaussian_lowpass,3,True,0.5245901639344263,0.0,2.6246975660324097,330.7757873535156,381.84480000018084,61,65,65,66,32,1,0
main_grid,IMG_0268,strong side view,noticeable,"Strong rotation, softer image and rolled inner margin.",SIFT,gaussian_lowpass,3,True,0.5,0.0,2.559034526348114,6.495292663574219,815.1652999995349,20,37,21,38,10,3,0
main_grid,IMG_0268,strong side view,noticeable,"Strong rotation, softer image and rolled inner margin.",Sobel,ideal_highpass,1,True,0.5909090909090909,nan,2.2589657306671143,nan,282.45200000037585,44,69,47,69,26,0,0
main_grid,IMG_0268,strong side view,noticeable,"Strong rotation, softer image and rolled inner margin.",LoG,ideal_highpass,1,True,0.5512820512820513,nan,2.5497426986694336,nan,290.478300000359,78,102,81,104,43,0,0
main_grid,IMG_0268,strong side view,noticeable,"Strong rotation, softer image and rolled inner margin.",Harris,ideal_highpass,1,True,0.4883720930232558,nan,2.478008508682251,nan,322.3608000007516,86,115,95,119,42,0,0
main_grid,IMG_0268,strong side view,noticeable,"Strong rotation, softer image and rolled inner margin.",Shi-Tomasi,ideal_highpass,1,True,0.42857142857142855,nan,3.095900058746338,nan,299.2796999997154,63,88,68,91,27,0,0
main_grid,IMG_0268,strong side view,noticeable,"Strong rotation, softer image and rolled inner margin.",SIFT,ideal_highpass,1,True,0.6,nan,4.105476379394531,nan,846.9476000000213,5,25,6,26,3,0,0
main_grid,IMG_0268,strong side view,noticeable,"Strong rotation, softer image and rolled inner margin.",Sobel,ideal_highpass,2,True,0.5535714285714286,nan,2.293776512145996,nan,373.870800000077,56,86,59,86,31,0,0
main_grid,IMG_0268,strong side view,noticeable,"Strong rotation, softer image and rolled inner margin.",LoG,ideal_highpass,2,True,0.532608695652174,nan,2.5497426986694336,nan,344.788299999891,92,122,96,127,49,0,0
main_grid,IMG_0268,strong side view,noticeable,"Strong rotation, softer image and rolled inner margin.",Harris,ideal_highpass,2,True,0.4742268041237113,nan,2.478008508682251,nan,393.5068000000683,97,128,107,132,46,0,0
main_grid,IMG_0268,strong side view,noticeable,"Strong rotation, softer image and rolled inner margin.",Shi-Tomasi,ideal_highpass,2,True,0.4931506849315068,nan,3.085220694541931,nan,363.07880000003934,73,103,79,106,36,0,0
main_grid,IMG_0268,strong side view,noticeable,"Strong rotation, softer image and rolled inner margin.",SIFT,ideal_highpass,2,True,0.6,nan,2.7500637769699097,nan,1068.3810000000449,10,44,12,45,6,0,0
main_grid,IMG_0268,strong side view,noticeable,"Strong rotation, softer image and rolled inner margin.",Sobel,ideal_highpass,3,True,0.603448275862069,nan,2.293776512145996,nan,378.7568999996438,58,92,61,92,35,0,0
main_grid,IMG_0268,strong side view,noticeable,"Strong rotation, softer image and rolled inner margin.",LoG,ideal_highpass,3,True,0.5151515151515151,nan,2.586336135864258,nan,357.48010000042996,99,127,103,133,51,0,0
main_grid,IMG_0268,strong side view,noticeable,"Strong rotation, softer image and rolled inner margin.",Harris,ideal_highpass,3,True,0.4752475247524752,nan,2.478008508682251,nan,417.2351000006529,101,133,111,137,48,0,0
main_grid,IMG_0268,strong side view,noticeable,"Strong rotation, softer image and rolled inner margin.",Shi-Tomasi,ideal_highpass,3,True,0.4935064935064935,nan,3.085220694541931,nan,403.5075000001598,77,104,83,107,38,0,0
main_grid,IMG_0268,strong side view,noticeable,"Strong rotation, softer image and rolled inner margin.",SIFT,ideal_highpass,3,True,0.5,nan,4.105476379394531,nan,1080.0461999997424,18,57,22,59,9,0,0
main_grid,IMG_0268,strong side view,noticeable,"Strong rotation, softer image and rolled inner margin.",Sobel,gaussian_highpass,1,True,0.5777777777777777,nan,2.6890069246292114,nan,344.00620000087656,45,72,48,73,26,0,0
main_grid,IMG_0268,strong side view,noticeable,"Strong rotation, softer image and rolled inner margin.",LoG,gaussian_highpass,1,True,0.5,nan,3.1806888580322266,nan,334.3101000000388,78,94,82,95,39,0,0
main_grid,IMG_0268,strong side view,noticeable,"Strong rotation, softer image and rolled inner margin.",Harris,gaussian_highpass,1,True,0.4772727272727273,nan,2.6563045978546143,nan,354.1005999995832,88,137,96,141,42,0,0
main_grid,IMG_0268,strong side view,noticeable,"Strong rotation, softer image and rolled inner margin.",Shi-Tomasi,gaussian_highpass,1,True,0.41025641025641024,nan,3.000999093055725,nan,366.3348000000042,78,109,85,112,32,0,0
main_grid,IMG_0268,strong side view,noticeable,"Strong rotation, softer image and rolled inner margin.",SIFT,gaussian_highpass,1,True,0.5,nan,2.3290370106697083,nan,866.5493999997125,4,32,4,33,2,0,0
main_grid,IMG_0268,strong side view,noticeable,"Strong rotation, softer image and rolled inner margin.",Sobel,gaussian_highpass,2,True,0.5714285714285714,nan,2.6890069246292114,nan,424.1695000000618,49,80,52,81,28,0,0
main_grid,IMG_0268,strong side view,noticeable,"Strong rotation, softer image and rolled inner margin.",LoG,gaussian_highpass,2,True,0.5617977528089888,nan,2.962509870529175,nan,405.54880000036064,89,120,93,123,50,0,0
main_grid,IMG_0268,strong side view,noticeable,"Strong rotation, softer image and rolled inner margin.",Harris,gaussian_highpass,2,True,0.5578947368421052,nan,2.732816219329834,nan,446.9184999998106,95,150,103,154,53,0,0
main_grid,IMG_0268,strong side view,noticeable,"Strong rotation, softer image and rolled inner margin.",Shi-Tomasi,gaussian_highpass,2,True,0.43902439024390244,nan,2.9286274909973145,nan,432.43580000034854,82,117,88,120,36,0,0
main_grid,IMG_0268,strong side view,noticeable,"Strong rotation, softer image and rolled inner margin.",SIFT,gaussian_highpass,2,True,0.4444444444444444,nan,2.0588709712028503,nan,1084.3933000005563,9,45,9,46,4,0,0
main_grid,IMG_0268,strong side view,noticeable,"Strong rotation, softer image and rolled inner margin.",Sobel,gaussian_highpass,3,True,0.58,nan,2.825148820877075,nan,425.6350999994538,50,82,53,83,29,0,0
main_grid,IMG_0268,strong side view,noticeable,"Strong rotation, softer image and rolled inner margin.",LoG,gaussian_highpass,3,True,0.5425531914893617,nan,2.817950963973999,nan,433.9569000003394,94,125,100,129,51,0,0
main_grid,IMG_0268,strong side view,noticeable,"Strong rotation, softer image and rolled inner margin.",Harris,gaussian_highpass,3,True,0.56,nan,2.734567165374756,nan,440.21840000004886,100,155,108,159,56,0,0
main_grid,IMG_0268,strong side view,noticeable,"Strong rotation, softer image and rolled inner margin.",Shi-Tomasi,gaussian_highpass,3,True,0.4470588235294118,nan,2.794962525367737,nan,455.04580000033457,85,120,91,123,38,0,0
main_grid,IMG_0268,strong side view,noticeable,"Strong rotation, softer image and rolled inner margin.",SIFT,gaussian_highpass,3,True,0.3684210526315789,nan,2.989405632019043,nan,1098.732100000234,19,62,20,63,7,0,0
main_grid,IMG_0269,strong side view,low,"Rotated side view, clearer than IMG_0268, substantial curvature near spine.",Sobel,none,1,True,0.6216216216216216,nan,2.6550238132476807,nan,46.760100000028615,37,46,46,47,23,0,0
main_grid,IMG_0269,strong side view,low,"Rotated side view, clearer than IMG_0268, substantial curvature near spine.",LoG,none,1,True,0.48,0.0,1.9402000904083252,162.74468994140625,47.39440000048489,50,66,58,69,24,1,0
main_grid,IMG_0269,strong side view,low,"Rotated side view, clearer than IMG_0268, substantial curvature near spine.",Harris,none,1,True,0.5428571428571428,nan,2.5542510747909546,nan,77.77869999972609,70,114,83,116,38,0,0
main_grid,IMG_0269,strong side view,low,"Rotated side view, clearer than IMG_0268, substantial curvature near spine.",Shi-Tomasi,none,1,True,0.4861111111111111,nan,2.9087631702423096,nan,73.35349999993923,72,92,84,95,35,0,0
main_grid,IMG_0269,strong side view,low,"Rotated side view, clearer than IMG_0268, substantial curvature near spine.",SIFT,none,1,True,1.0,1.0,1.1491306722164154,1.9230613708496094,473.07439999985945,4,25,5,26,4,2,2
main_grid,IMG_0269,strong side view,low,"Rotated side view, clearer than IMG_0268, substantial curvature near spine.",Sobel,none,2,True,0.5897435897435898,nan,2.6550238132476807,nan,66.22169999991456,39,47,48,49,23,0,0
main_grid,IMG_0269,strong side view,low,"Rotated side view, clearer than IMG_0268, substantial curvature near spine.",LoG,none,2,True,0.5535714285714286,0.0,1.9806612730026245,162.74468994140625,62.24999999994907,56,76,64,80,31,1,0
main_grid,IMG_0269,strong side view,low,"Rotated side view, clearer than IMG_0268, substantial curvature near spine.",Harris,none,2,True,0.5616438356164384,nan,2.4821691513061523,nan,103.28120000031049,73,121,87,123,41,0,0
main_grid,IMG_0269,strong side view,low,"Rotated side view, clearer than IMG_0268, substantial curvature near spine.",Shi-Tomasi,none,2,True,0.4864864864864865,nan,2.7735055685043335,nan,87.79560000039055,74,97,87,100,36,0,0
main_grid,IMG_0269,strong side view,low,"Rotated side view, clearer than IMG_0268, substantial curvature near spine.",SIFT,none,2,True,0.8888888888888888,1.0,1.53982675075531,2.4841978549957275,561.8041999996422,9,33,10,36,8,5,5
main_grid,IMG_0269,strong side view,low,"Rotated side view, clearer than IMG_0268, substantial curvature near spine.",Sobel,none,3,True,0.5897435897435898,nan,2.6550238132476807,nan,65.18610000057379,39,47,48,50,23,0,0
main_grid,IMG_0269,strong side view,low,"Rotated side view, clearer than IMG_0268, substantial curvature near spine.",LoG,none,3,True,0.5409836065573771,0.0,1.9806612730026245,162.74468994140625,66.17649999952846,61,79,69,84,33,1,0
main_grid,IMG_0269,strong side view,low,"Rotated side view, clearer than IMG_0268, substantial curvature near spine.",Harris,none,3,True,0.5333333333333333,nan,2.4634071588516235,nan,101.40709999996034,75,121,89,123,40,0,0
main_grid,IMG_0269,strong side view,low,"Rotated side view, clearer than IMG_0268, substantial curvature near spine.",Shi-Tomasi,none,3,True,0.4864864864864865,nan,2.810758590698242,nan,138.78500000009808,74,99,87,102,36,0,0
main_grid,IMG_0269,strong side view,low,"Rotated side view, clearer than IMG_0268, substantial curvature near spine.",SIFT,none,3,True,0.7058823529411765,1.0,1.7373566627502441,2.6433520317077637,702.5570000005246,17,55,19,59,12,4,4
main_grid,IMG_0269,strong side view,low,"Rotated side view, clearer than IMG_0268, substantial curvature near spine.",Sobel,ideal_lowpass,1,True,0.5,0.0,3.104489803314209,163.76853942871094,270.8400999999867,18,25,19,25,9,1,0
main_grid,IMG_0269,strong side view,low,"Rotated side view, clearer than IMG_0268, substantial curvature near spine.",LoG,ideal_lowpass,1,True,0.6153846153846154,nan,3.066679000854492,nan,227.60250000010274,26,44,27,45,16,0,0
main_grid,IMG_0269,strong side view,low,"Rotated side view, clearer than IMG_0268, substantial curvature near spine.",Harris,ideal_lowpass,1,True,0.417910447761194,0.0,2.7114964723587036,153.509033203125,295.5280000005587,67,72,70,74,28,1,0
main_grid,IMG_0269,strong side view,low,"Rotated side view, clearer than IMG_0268, substantial curvature near spine.",Shi-Tomasi,ideal_lowpass,1,True,0.46808510638297873,nan,2.865383744239807,nan,323.8594999993438,47,61,55,61,22,0,0
main_grid,IMG_0269,strong side view,low,"Rotated side view, clearer than IMG_0268, substantial curvature near spine.",SIFT,ideal_lowpass,1,True,0.5,1.0,3.107781767845154,2.8003664016723633,620.0306999999157,4,35,4,37,2,1,1
main_grid,IMG_0269,strong side view,low,"Rotated side view, clearer than IMG_0268, substantial curvature near spine.",Sobel,ideal_lowpass,2,True,0.5,0.0,2.8659340143203735,163.76853942871094,303.70700000003126,24,31,25,32,12,1,0
main_grid,IMG_0269,strong side view,low,"Rotated side view, clearer than IMG_0268, substantial curvature near spine.",LoG,ideal_lowpass,2,True,0.5666666666666667,nan,2.9158151149749756,nan,293.7822000003507,30,48,32,50,17,0,0
main_grid,IMG_0269,strong side view,low,"Rotated side view, clearer than IMG_0268, substantial curvature near spine.",Harris,ideal_lowpass,2,True,0.4375,nan,2.5398809909820557,nan,327.40089999970223,80,84,84,87,35,0,0
main_grid,IMG_0269,strong side view,low,"Rotated side view, clearer than IMG_0268, substantial curvature near spine.",Shi-Tomasi,ideal_lowpass,2,True,0.5454545454545454,0.0,2.865383744239807,209.94798278808594,457.8554999998232,55,73,63,74,30,2,0
main_grid,IMG_0269,strong side view,low,"Rotated side view, clearer than IMG_0268, substantial curvature near spine.",SIFT,ideal_lowpass,2,True,0.46153846153846156,nan,2.9971271753311157,nan,921.5749999993932,13,51,14,55,6,0,0
main_grid,IMG_0269,strong side view,low,"Rotated side view, clearer than IMG_0268, substantial curvature near spine.",Sobel,ideal_lowpass,3,True,0.48,0.0,2.8659340143203735,163.76853942871094,414.81000000021595,25,34,26,35,12,1,0
main_grid,IMG_0269,strong side view,low,"Rotated side view, clearer than IMG_0268, substantial curvature near spine.",LoG,ideal_lowpass,3,True,0.5151515151515151,nan,2.9158151149749756,nan,387.8912999998647,33,52,35,55,17,0,0
main_grid,IMG_0269,strong side view,low,"Rotated side view, clearer than IMG_0268, substantial curvature near spine.",Harris,ideal_lowpass,3,True,0.43529411764705883,nan,2.5398809909820557,nan,465.0934999999663,85,89,89,92,37,0,0
main_grid,IMG_0269,strong side view,low,"Rotated side view, clearer than IMG_0268, substantial curvature near spine.",Shi-Tomasi,ideal_lowpass,3,True,0.5166666666666667,0.0,2.7921142578125,142.88302612304688,386.7785000002186,60,78,68,79,31,3,0
main_grid,IMG_0269,strong side view,low,"Rotated side view, clearer than IMG_0268, substantial curvature near spine.",SIFT,ideal_lowpass,3,True,0.47058823529411764,nan,2.8978224992752075,nan,829.6688000000358,17,60,19,65,8,0,0
main_grid,IMG_0269,strong side view,low,"Rotated side view, clearer than IMG_0268, substantial curvature near spine.",Sobel,gaussian_lowpass,1,True,0.52,0.0,2.619263172149658,161.79676818847656,352.74590000062744,29,25,31,26,13,1,0
main_grid,IMG_0269,strong side view,low,"Rotated side view, clearer than IMG_0268, substantial curvature near spine.",LoG,gaussian_lowpass,1,True,0.625,nan,2.4316822290420532,nan,321.89130000006116,32,53,37,56,20,0,0
main_grid,IMG_0269,strong side view,low,"Rotated side view, clearer than IMG_0268, substantial curvature near spine.",Harris,gaussian_lowpass,1,True,0.4489795918367347,nan,2.616124987602234,nan,345.57569999924453,49,66,56,69,22,0,0
main_grid,IMG_0269,strong side view,low,"Rotated side view, clearer than IMG_0268, substantial curvature near spine.",Shi-Tomasi,gaussian_lowpass,1,True,0.5,nan,2.4113681316375732,nan,324.35850000001665,42,63,51,64,21,0,0
main_grid,IMG_0269,strong side view,low,"Rotated side view, clearer than IMG_0268, substantial curvature near spine.",SIFT,gaussian_lowpass,1,True,0.5714285714285714,nan,2.6702834367752075,nan,609.8355000003721,7,30,7,31,4,0,0
main_grid,IMG_0269,strong side view,low,"Rotated side view, clearer than IMG_0268, substantial curvature near spine.",Sobel,gaussian_lowpass,2,True,0.5925925925925926,0.5,2.7957428693771362,82.26904296875,379.02070000018284,31,27,33,28,16,2,1
main_grid,IMG_0269,strong side view,low,"Rotated side view, clearer than IMG_0268, substantial curvature near spine.",LoG,gaussian_lowpass,2,True,0.6285714285714286,nan,2.535296320915222,nan,344.2282999994859,35,58,41,61,22,0,0
main_grid,IMG_0269,strong side view,low,"Rotated side view, clearer than IMG_0268, substantial curvature near spine.",Harris,gaussian_lowpass,2,True,0.46296296296296297,nan,2.684251546859741,nan,406.0076999994635,54,70,64,74,25,0,0
main_grid,IMG_0269,strong side view,low,"Rotated side view, clearer than IMG_0268, substantial curvature near spine.",Shi-Tomasi,gaussian_lowpass,2,True,0.4897959183673469,nan,2.4494214057922363,nan,400.81110000028275,49,72,61,73,24,0,0
main_grid,IMG_0269,strong side view,low,"Rotated side view, clearer than IMG_0268, substantial curvature near spine.",SIFT,gaussian_lowpass,2,True,0.5333333333333333,1.0,3.141445755958557,3.3541452884674072,904.4484999994893,15,44,16,46,8,1,1
main_grid,IMG_0269,strong side view,low,"Rotated side view, clearer than IMG_0268, substantial curvature near spine.",Sobel,gaussian_lowpass,3,True,0.5333333333333333,0.5,2.6802910566329956,82.26904296875,365.53169999933743,32,30,34,31,16,2,1
main_grid,IMG_0269,strong side view,low,"Rotated side view, clearer than IMG_0268, substantial curvature near spine.",LoG,gaussian_lowpass,3,True,0.6216216216216216,nan,2.58743953704834,nan,349.57780000058847,37,61,43,66,23,0,0
main_grid,IMG_0269,strong side view,low,"Rotated side view, clearer than IMG_0268, substantial curvature near spine.",Harris,gaussian_lowpass,3,True,0.509090909090909,nan,2.5772616863250732,nan,430.3588000002492,55,76,66,81,28,0,0
main_grid,IMG_0269,strong side view,low,"Rotated side view, clearer than IMG_0268, substantial curvature near spine.",Shi-Tomasi,gaussian_lowpass,3,True,0.49056603773584906,nan,2.410197615623474,nan,377.8031000001647,53,80,65,81,26,0,0
main_grid,IMG_0269,strong side view,low,"Rotated side view, clearer than IMG_0268, substantial curvature near spine.",SIFT,gaussian_lowpass,3,True,0.5,1.0,3.312896251678467,3.3541452884674072,801.7673000003924,20,54,21,57,10,1,1
main_grid,IMG_0269,strong side view,low,"Rotated side view, clearer than IMG_0268, substantial curvature near spine.",Sobel,ideal_highpass,1,True,0.5238095238095238,nan,2.687406063079834,nan,295.1809999995021,42,58,50,62,22,0,0
main_grid,IMG_0269,strong side view,low,"Rotated side view, clearer than IMG_0268, substantial curvature near spine.",LoG,ideal_highpass,1,True,0.527027027027027,nan,2.3635430335998535,nan,316.35519999963435,74,108,84,110,39,0,0
main_grid,IMG_0269,strong side view,low,"Rotated side view, clearer than IMG_0268, substantial curvature near spine.",Harris,ideal_highpass,1,True,0.6103896103896104,nan,2.7588579654693604,nan,373.20699999963836,77,144,95,145,47,0,0
main_grid,IMG_0269,strong side view,low,"Rotated side view, clearer than IMG_0268, substantial curvature near spine.",Shi-Tomasi,ideal_highpass,1,True,0.4576271186440678,nan,2.5824499130249023,nan,339.3255000000863,59,109,69,111,27,0,0
main_grid,IMG_0269,strong side view,low,"Rotated side view, clearer than IMG_0268, substantial curvature near spine.",SIFT,ideal_highpass,1,True,0.2,nan,2.518514633178711,nan,888.0988999999317,5,28,8,29,1,0,0
main_grid,IMG_0269,strong side view,low,"Rotated side view, clearer than IMG_0268, substantial curvature near spine.",Sobel,ideal_highpass,2,True,0.5185185185185185,nan,2.4061601161956787,nan,441.8306000006851,54,81,62,85,28,0,0
main_grid,IMG_0269,strong side view,low,"Rotated side view, clearer than IMG_0268, substantial curvature near spine.",LoG,ideal_highpass,2,True,0.5862068965517241,nan,2.3635430335998535,nan,431.15189999934955,87,138,99,142,51,0,0
main_grid,IMG_0269,strong side view,low,"Rotated side view, clearer than IMG_0268, substantial curvature near spine.",Harris,ideal_highpass,2,True,0.6781609195402298,nan,2.8412389755249023,nan,427.6655000003302,87,159,104,160,59,0,0
main_grid,IMG_0269,strong side view,low,"Rotated side view, clearer than IMG_0268, substantial curvature near spine.",Shi-Tomasi,ideal_highpass,2,True,0.4927536231884058,nan,2.6946953535079956,nan,445.00630000038655,69,121,80,125,34,0,0
main_grid,IMG_0269,strong side view,low,"Rotated side view, clearer than IMG_0268, substantial curvature near spine.",SIFT,ideal_highpass,2,True,0.3333333333333333,1.0,2.518514633178711,1.4753808975219727,1099.050800000441,9,36,14,37,3,2,2
main_grid,IMG_0269,strong side view,low,"Rotated side view, clearer than IMG_0268, substantial curvature near spine.",Sobel,ideal_highpass,3,True,0.5357142857142857,nan,2.540523886680603,nan,408.20740000071964,56,83,64,88,30,0,0
main_grid,IMG_0269,strong side view,low,"Rotated side view, clearer than IMG_0268, substantial curvature near spine.",LoG,ideal_highpass,3,True,0.5851063829787234,nan,2.281682252883911,nan,413.110699999379,94,146,106,150,55,0,0
main_grid,IMG_0269,strong side view,low,"Rotated side view, clearer than IMG_0268, substantial curvature near spine.",Harris,ideal_highpass,3,True,0.6593406593406593,nan,2.858907103538513,nan,509.96779999968567,91,164,108,165,60,0,0
main_grid,IMG_0269,strong side view,low,"Rotated side view, clearer than IMG_0268, substantial curvature near spine.",Shi-Tomasi,ideal_highpass,3,True,0.5068493150684932,nan,2.6547412872314453,nan,470.1740999998947,73,125,85,129,37,0,0
main_grid,IMG_0269,strong side view,low,"Rotated side view, clearer than IMG_0268, substantial curvature near spine.",SIFT,ideal_highpass,3,True,0.3888888888888889,1.0,2.518514633178711,1.4753808975219727,1146.67129999998,18,55,24,57,7,2,2
main_grid,IMG_0269,strong side view,low,"Rotated side view, clearer than IMG_0268, substantial curvature near spine.",Sobel,gaussian_highpass,1,True,0.6923076923076923,nan,2.065195083618164,nan,371.8282999998337,39,68,50,71,27,0,0
main_grid,IMG_0269,strong side view,low,"Rotated side view, clearer than IMG_0268, substantial curvature near spine.",LoG,gaussian_highpass,1,True,0.5066666666666667,nan,2.898086667060852,nan,394.81919999980164,75,104,86,106,38,0,0
main_grid,IMG_0269,strong side view,low,"Rotated side view, clearer than IMG_0268, substantial curvature near spine.",Harris,gaussian_highpass,1,True,0.5301204819277109,nan,2.2915446758270264,nan,391.6245999998864,83,148,99,149,44,0,0
main_grid,IMG_0269,strong side view,low,"Rotated side view, clearer than IMG_0268, substantial curvature near spine.",Shi-Tomasi,gaussian_highpass,1,True,0.4594594594594595,nan,2.81427264213562,nan,340.7321000004231,74,111,85,111,34,0,0
main_grid,IMG_0269,strong side view,low,"Rotated side view, clearer than IMG_0268, substantial curvature near spine.",SIFT,gaussian_highpass,1,True,0.25,nan,0.8280829787254333,nan,821.8290000004345,4,25,6,26,1,0,0
main_grid,IMG_0269,strong side view,low,"Rotated side view, clearer than IMG_0268, substantial curvature near spine.",Sobel,gaussian_highpass,2,True,0.7111111111111111,nan,2.0276389122009277,nan,389.40720000027795,45,81,56,84,32,0,0
main_grid,IMG_0269,strong side view,low,"Rotated side view, clearer than IMG_0268, substantial curvature near spine.",LoG,gaussian_highpass,2,True,0.5058823529411764,nan,2.5385236740112305,nan,399.4656999993822,85,131,97,134,43,0,0
main_grid,IMG_0269,strong side view,low,"Rotated side view, clearer than IMG_0268, substantial curvature near spine.",Harris,gaussian_highpass,2,True,0.5824175824175825,nan,2.7978198528289795,nan,434.7543999992922,91,159,107,161,53,0,0
main_grid,IMG_0269,strong side view,low,"Rotated side view, clearer than IMG_0268, substantial curvature near spine.",Shi-Tomasi,gaussian_highpass,2,True,0.5,nan,2.8074930906295776,nan,427.3765000007188,76,121,87,124,38,0,0
main_grid,IMG_0269,strong side view,low,"Rotated side view, clearer than IMG_0268, substantial curvature near spine.",SIFT,gaussian_highpass,2,True,0.4444444444444444,0.0,0.912375420331955,288.02398681640625,1033.8246000001163,9,32,11,34,4,1,0
main_grid,IMG_0269,strong side view,low,"Rotated side view, clearer than IMG_0268, substantial curvature near spine.",Sobel,gaussian_highpass,3,True,0.717391304347826,nan,2.065195083618164,nan,380.65650000044116,46,84,57,87,33,0,0
main_grid,IMG_0269,strong side view,low,"Rotated side view, clearer than IMG_0268, substantial curvature near spine.",LoG,gaussian_highpass,3,True,0.4945054945054945,nan,2.4744086265563965,nan,407.2728000001007,91,137,104,140,45,0,0
main_grid,IMG_0269,strong side view,low,"Rotated side view, clearer than IMG_0268, substantial curvature near spine.",Harris,gaussian_highpass,3,True,0.5625,nan,2.77833890914917,nan,423.04239999975835,96,164,112,166,54,0,0
main_grid,IMG_0269,strong side view,low,"Rotated side view, clearer than IMG_0268, substantial curvature near spine.",Shi-Tomasi,gaussian_highpass,3,True,0.5189873417721519,nan,2.7389931678771973,nan,427.3105000002033,79,126,90,129,41,0,0
main_grid,IMG_0269,strong side view,low,"Rotated side view, clearer than IMG_0268, substantial curvature near spine.",SIFT,gaussian_highpass,3,True,0.35,0.5,2.023452043533325,145.0568389892578,1111.0907000002044,20,54,22,57,7,2,1
