scope,image_id,method,frequency_filter,pyramid_levels,nms,noise_sigma,repeatability,localization_error_px,repeated_points,reference_keypoints,scene_keypoints
noise_curve,IMG_0258,Sobel,none,3,True,0.0,0.975,1.9075438976287842,39,40,123
noise_curve,IMG_0258,Sobel,none,3,True,5.0,0.975,1.6605011224746704,39,40,134
noise_curve,IMG_0258,Sobel,none,3,True,10.0,0.975,1.5982180833816528,39,40,141
noise_curve,IMG_0258,Sobel,none,3,True,20.0,0.975,1.8025023937225342,39,40,182
noise_curve,IMG_0258,LoG,none,3,True,0.0,0.796875,2.389559030532837,51,64,218
noise_curve,IMG_0258,LoG,none,3,True,5.0,0.796875,2.3629138469696045,51,64,218
noise_curve,IMG_0258,LoG,none,3,True,10.0,0.765625,2.6198301315307617,49,64,218
noise_curve,IMG_0258,LoG,none,3,True,20.0,0.765625,2.248711109161377,49,64,218
noise_curve,IMG_0258,Harris,none,3,True,0.0,0.7307692307692307,2.537604570388794,57,78,217
noise_curve,IMG_0258,Harris,none,3,True,5.0,0.7051282051282052,2.6410324573516846,55,78,218
noise_curve,IMG_0258,Harris,none,3,True,10.0,0.6794871794871795,2.483274459838867,53,78,219
noise_curve,IMG_0258,Harris,none,3,True,20.0,0.6410256410256411,2.4405930042266846,50,78,218
noise_curve,IMG_0258,Shi-Tomasi,none,3,True,0.0,0.6933333333333334,2.647042751312256,52,75,220
noise_curve,IMG_0258,Shi-Tomasi,none,3,True,5.0,0.72,2.3886853456497192,54,75,219
noise_curve,IMG_0258,Shi-Tomasi,none,3,True,10.0,0.72,2.514350414276123,54,75,220
noise_curve,IMG_0258,Shi-Tomasi,none,3,True,20.0,0.68,2.3622853755950928,51,75,219
noise_curve,IMG_0258,SIFT,none,3,True,0.0,0.5555555555555556,1.4198413491249084,10,18,26
noise_curve,IMG_0258,SIFT,none,3,True,5.0,0.5555555555555556,1.3869391083717346,10,18,25
noise_curve,IMG_0258,SIFT,none,3,True,10.0,0.5,1.9929815530776978,9,18,25
noise_curve,IMG_0258,SIFT,none,3,True,20.0,0.5,2.2588961124420166,9,18,36
noise_curve,IMG_0258,Sobel,ideal_lowpass,3,True,0.0,0.7857142857142857,2.8350237607955933,22,28,62
noise_curve,IMG_0258,Sobel,ideal_lowpass,3,True,5.0,0.8214285714285714,2.8567450046539307,23,28,64
noise_curve,IMG_0258,Sobel,ideal_lowpass,3,True,10.0,0.7857142857142857,3.1245980262756348,22,28,66
noise_curve,IMG_0258,Sobel,ideal_lowpass,3,True,20.0,0.7142857142857143,3.079854369163513,20,28,66
noise_curve,IMG_0258,LoG,ideal_lowpass,3,True,0.0,0.5135135135135135,2.4773635864257812,19,37,119
noise_curve,IMG_0258,LoG,ideal_lowpass,3,True,5.0,0.5405405405405406,2.384641408920288,20,37,110
noise_curve,IMG_0258,LoG,ideal_lowpass,3,True,10.0,0.5405405405405406,2.280240774154663,20,37,113
noise_curve,IMG_0258,LoG,ideal_lowpass,3,True,20.0,0.5135135135135135,2.068185567855835,19,37,115
noise_curve,IMG_0258,Harris,ideal_lowpass,3,True,0.0,0.5842696629213483,2.388207197189331,52,89,214
noise_curve,IMG_0258,Harris,ideal_lowpass,3,True,5.0,0.6292134831460674,2.687833309173584,56,89,206
noise_curve,IMG_0258,Harris,ideal_lowpass,3,True,10.0,0.6179775280898876,2.307664394378662,55,89,215
noise_curve,IMG_0258,Harris,ideal_lowpass,3,True,20.0,0.651685393258427,2.398899793624878,58,89,208
noise_curve,IMG_0258,Shi-Tomasi,ideal_lowpass,3,True,0.0,0.5671641791044776,3.164693236351013,38,67,170
noise_curve,IMG_0258,Shi-Tomasi,ideal_lowpass,3,True,5.0,0.582089552238806,3.161137819290161,39,67,177
noise_curve,IMG_0258,Shi-Tomasi,ideal_lowpass,3,True,10.0,0.5671641791044776,2.873350739479065,38,67,171
noise_curve,IMG_0258,Shi-Tomasi,ideal_lowpass,3,True,20.0,0.5970149253731343,2.7815462350845337,40,67,186
noise_curve,IMG_0258,SIFT,ideal_lowpass,3,True,0.0,0.5555555555555556,2.258955955505371,10,18,55
noise_curve,IMG_0258,SIFT,ideal_lowpass,3,True,5.0,0.5,2.3302464485168457,9,18,57
noise_curve,IMG_0258,SIFT,ideal_lowpass,3,True,10.0,0.5,2.3535680770874023,9,18,56
noise_curve,IMG_0258,SIFT,ideal_lowpass,3,True,20.0,0.5,2.4961774349212646,9,18,56
noise_curve,IMG_0258,Sobel,gaussian_lowpass,3,True,0.0,0.875,1.7374844551086426,28,32,68
noise_curve,IMG_0258,Sobel,gaussian_lowpass,3,True,5.0,0.84375,1.6219301223754883,27,32,64
noise_curve,IMG_0258,Sobel,gaussian_lowpass,3,True,10.0,0.84375,1.940489649772644,27,32,63
noise_curve,IMG_0258,Sobel,gaussian_lowpass,3,True,20.0,0.8125,1.94212806224823,26,32,67
noise_curve,IMG_0258,LoG,gaussian_lowpass,3,True,0.0,0.7567567567567568,1.7526417970657349,28,37,114
noise_curve,IMG_0258,LoG,gaussian_lowpass,3,True,5.0,0.8378378378378378,2.1879329681396484,31,37,124
noise_curve,IMG_0258,LoG,gaussian_lowpass,3,True,10.0,0.8378378378378378,2.189816951751709,31,37,121
noise_curve,IMG_0258,LoG,gaussian_lowpass,3,True,20.0,0.7837837837837838,1.9937511682510376,29,37,127
noise_curve,IMG_0258,Harris,gaussian_lowpass,3,True,0.0,0.7457627118644068,2.3207069635391235,44,59,210
noise_curve,IMG_0258,Harris,gaussian_lowpass,3,True,5.0,0.7288135593220338,1.9937511682510376,43,59,207
noise_curve,IMG_0258,Harris,gaussian_lowpass,3,True,10.0,0.7457627118644068,2.318606734275818,44,59,201
noise_curve,IMG_0258,Harris,gaussian_lowpass,3,True,20.0,0.7288135593220338,2.125988721847534,43,59,200
noise_curve,IMG_0258,Shi-Tomasi,gaussian_lowpass,3,True,0.0,0.7142857142857143,2.4585723876953125,40,56,190
noise_curve,IMG_0258,Shi-Tomasi,gaussian_lowpass,3,True,5.0,0.7678571428571429,2.4752135276794434,43,56,189
noise_curve,IMG_0258,Shi-Tomasi,gaussian_lowpass,3,True,10.0,0.7678571428571429,2.6518733501434326,43,56,189
noise_curve,IMG_0258,Shi-Tomasi,gaussian_lowpass,3,True,20.0,0.7857142857142857,2.4833319187164307,44,56,180
noise_curve,IMG_0258,SIFT,gaussian_lowpass,3,True,0.0,0.5217391304347826,1.790915846824646,12,23,46
noise_curve,IMG_0258,SIFT,gaussian_lowpass,3,True,5.0,0.5652173913043478,1.8553074598312378,13,23,46
noise_curve,IMG_0258,SIFT,gaussian_lowpass,3,True,10.0,0.43478260869565216,2.027522087097168,10,23,46
noise_curve,IMG_0258,SIFT,gaussian_lowpass,3,True,20.0,0.391304347826087,2.2173099517822266,9,23,41
noise_curve,IMG_0258,Sobel,ideal_highpass,3,True,0.0,0.7192982456140351,1.946379542350769,41,57,181
noise_curve,IMG_0258,Sobel,ideal_highpass,3,True,5.0,0.7368421052631579,2.2131052017211914,42,57,179
noise_curve,IMG_0258,Sobel,ideal_highpass,3,True,10.0,0.7368421052631579,1.8213137984275818,42,57,187
noise_curve,IMG_0258,Sobel,ideal_highpass,3,True,20.0,0.7543859649122807,1.987468957901001,43,57,210
noise_curve,IMG_0258,LoG,ideal_highpass,3,True,0.0,0.66,2.5441718101501465,66,100,217
noise_curve,IMG_0258,LoG,ideal_highpass,3,True,5.0,0.67,2.389559030532837,67,100,217
noise_curve,IMG_0258,LoG,ideal_highpass,3,True,10.0,0.68,2.4137842655181885,68,100,218
noise_curve,IMG_0258,LoG,ideal_highpass,3,True,20.0,0.71,2.43800950050354,71,100,217
noise_curve,IMG_0258,Harris,ideal_highpass,3,True,0.0,0.6770833333333334,2.472034215927124,65,96,219
noise_curve,IMG_0258,Harris,ideal_highpass,3,True,5.0,0.6979166666666666,2.5147478580474854,67,96,219
noise_curve,IMG_0258,Harris,ideal_highpass,3,True,10.0,0.6770833333333334,2.5390443801879883,65,96,219
noise_curve,IMG_0258,Harris,ideal_highpass,3,True,20.0,0.6458333333333334,2.2380921840667725,62,96,217
noise_curve,IMG_0258,Shi-Tomasi,ideal_highpass,3,True,0.0,0.7066666666666667,2.7620060443878174,53,75,220
noise_curve,IMG_0258,Shi-Tomasi,ideal_highpass,3,True,5.0,0.7466666666666667,2.7041455507278442,56,75,219
noise_curve,IMG_0258,Shi-Tomasi,ideal_highpass,3,True,10.0,0.68,2.9382989406585693,51,75,220
noise_curve,IMG_0258,Shi-Tomasi,ideal_highpass,3,True,20.0,0.64,2.5895432233810425,48,75,219
noise_curve,IMG_0258,SIFT,ideal_highpass,3,True,0.0,0.15,0.9034962058067322,3,20,28
noise_curve,IMG_0258,SIFT,ideal_highpass,3,True,5.0,0.2,1.0301945507526398,4,20,32
noise_curve,IMG_0258,SIFT,ideal_highpass,3,True,10.0,0.25,2.2619590759277344,5,20,32
noise_curve,IMG_0258,SIFT,ideal_highpass,3,True,20.0,0.35,2.3969810009002686,7,20,34
noise_curve,IMG_0258,Sobel,gaussian_highpass,3,True,0.0,0.8085106382978723,1.833099603652954,38,47,162
noise_curve,IMG_0258,Sobel,gaussian_highpass,3,True,5.0,0.8085106382978723,2.1270358562469482,38,47,161
noise_curve,IMG_0258,Sobel,gaussian_highpass,3,True,10.0,0.8723404255319149,2.0912909507751465,41,47,180
noise_curve,IMG_0258,Sobel,gaussian_highpass,3,True,20.0,0.8723404255319149,2.0912909507751465,41,47,218
noise_curve,IMG_0258,LoG,gaussian_highpass,3,True,0.0,0.6947368421052632,2.3286176919937134,66,95,218
noise_curve,IMG_0258,LoG,gaussian_highpass,3,True,5.0,0.6631578947368421,2.2505886554718018,63,95,218
noise_curve,IMG_0258,LoG,gaussian_highpass,3,True,10.0,0.7052631578947368,2.352476119995117,67,95,219
noise_curve,IMG_0258,LoG,gaussian_highpass,3,True,20.0,0.7052631578947368,2.456942081451416,67,95,217
noise_curve,IMG_0258,Harris,gaussian_highpass,3,True,0.0,0.6914893617021277,2.700024366378784,65,94,220
noise_curve,IMG_0258,Harris,gaussian_highpass,3,True,5.0,0.7127659574468085,2.6467158794403076,67,94,219
noise_curve,IMG_0258,Harris,gaussian_highpass,3,True,10.0,0.7021276595744681,3.031305193901062,66,94,219
noise_curve,IMG_0258,Harris,gaussian_highpass,3,True,20.0,0.6382978723404256,3.031305193901062,60,94,217
noise_curve,IMG_0258,Shi-Tomasi,gaussian_highpass,3,True,0.0,0.7228915662650602,2.860478401184082,60,83,218
noise_curve,IMG_0258,Shi-Tomasi,gaussian_highpass,3,True,5.0,0.7349397590361446,2.5643973350524902,61,83,219
noise_curve,IMG_0258,Shi-Tomasi,gaussian_highpass,3,True,10.0,0.7349397590361446,2.653291702270508,61,83,219
noise_curve,IMG_0258,Shi-Tomasi,gaussian_highpass,3,True,20.0,0.7228915662650602,2.7277326583862305,60,83,219
noise_curve,IMG_0258,SIFT,gaussian_highpass,3,True,0.0,0.4117647058823529,1.8921436071395874,7,17,36
noise_curve,IMG_0258,SIFT,gaussian_highpass,3,True,5.0,0.47058823529411764,2.782830238342285,8,17,38
noise_curve,IMG_0258,SIFT,gaussian_highpass,3,True,10.0,0.4117647058823529,3.686163902282715,7,17,37
noise_curve,IMG_0258,SIFT,gaussian_highpass,3,True,20.0,0.47058823529411764,2.2297073006629944,8,17,34
noise_curve,IMG_0259,Sobel,none,3,True,0.0,0.9056603773584906,1.5292609930038452,48,53,73
noise_curve,IMG_0259,Sobel,none,3,True,5.0,0.8867924528301887,1.6817660331726074,47,53,71
noise_curve,IMG_0259,Sobel,none,3,True,10.0,0.8679245283018868,1.7139551043510437,46,53,74
noise_curve,IMG_0259,Sobel,none,3,True,20.0,0.9056603773584906,1.7139551043510437,48,53,81
noise_curve,IMG_0259,LoG,none,3,True,0.0,0.8961038961038961,1.353157877922058,69,77,100
noise_curve,IMG_0259,LoG,none,3,True,5.0,0.935064935064935,1.3620410561561584,72,77,99
noise_curve,IMG_0259,LoG,none,3,True,10.0,0.8831168831168831,1.533899188041687,68,77,105
noise_curve,IMG_0259,LoG,none,3,True,20.0,0.8701298701298701,1.5093153715133667,67,77,124
noise_curve,IMG_0259,Harris,none,3,True,0.0,0.8829787234042553,1.4743385314941406,83,94,135
noise_curve,IMG_0259,Harris,none,3,True,5.0,0.8723404255319149,1.6254536509513855,82,94,143
noise_curve,IMG_0259,Harris,none,3,True,10.0,0.851063829787234,1.4787163734436035,80,94,158
noise_curve,IMG_0259,Harris,none,3,True,20.0,0.8085106382978723,1.474470853805542,76,94,185
noise_curve,IMG_0259,Shi-Tomasi,none,3,True,0.0,0.8,1.424919307231903,72,90,105
noise_curve,IMG_0259,Shi-Tomasi,none,3,True,5.0,0.8555555555555555,1.5211968421936035,77,90,111
noise_curve,IMG_0259,Shi-Tomasi,none,3,True,10.0,0.8,1.5712583661079407,72,90,114
noise_curve,IMG_0259,Shi-Tomasi,none,3,True,20.0,0.7888888888888889,1.5928813219070435,71,90,140
noise_curve,IMG_0259,SIFT,none,3,True,0.0,0.7391304347826086,1.1953805685043335,17,23,29
noise_curve,IMG_0259,SIFT,none,3,True,5.0,0.7391304347826086,1.1855227947235107,17,23,29
noise_curve,IMG_0259,SIFT,none,3,True,10.0,0.6956521739130435,1.242798388004303,16,23,27
noise_curve,IMG_0259,SIFT,none,3,True,20.0,0.4782608695652174,1.7082992792129517,11,23,26
noise_curve,IMG_0259,Sobel,ideal_lowpass,3,True,0.0,0.8,2.305095911026001,24,30,40
noise_curve,IMG_0259,Sobel,ideal_lowpass,3,True,5.0,0.8,2.3518394231796265,24,30,39
noise_curve,IMG_0259,Sobel,ideal_lowpass,3,True,10.0,0.8,2.3518394231796265,24,30,39
noise_curve,IMG_0259,Sobel,ideal_lowpass,3,True,20.0,0.8,2.225746273994446,24,30,40
noise_curve,IMG_0259,LoG,ideal_lowpass,3,True,0.0,0.6904761904761905,1.7814111709594727,29,42,55
noise_curve,IMG_0259,LoG,ideal_lowpass,3,True,5.0,0.6666666666666666,1.7553784847259521,28,42,55
noise_curve,IMG_0259,LoG,ideal_lowpass,3,True,10.0,0.6904761904761905,1.7293457984924316,29,42,60
noise_curve,IMG_0259,LoG,ideal_lowpass,3,True,20.0,0.7142857142857143,1.8307462930679321,30,42,64
noise_curve,IMG_0259,Harris,ideal_lowpass,3,True,0.0,0.73,1.6129263639450073,73,100,115
noise_curve,IMG_0259,Harris,ideal_lowpass,3,True,5.0,0.72,1.6818084120750427,72,100,112
noise_curve,IMG_0259,Harris,ideal_lowpass,3,True,10.0,0.71,1.68143630027771,71,100,115
noise_curve,IMG_0259,Harris,ideal_lowpass,3,True,20.0,0.72,1.7403432130813599,72,100,121
noise_curve,IMG_0259,Shi-Tomasi,ideal_lowpass,3,True,0.0,0.7215189873417721,1.2023983001708984,57,79,103
noise_curve,IMG_0259,Shi-Tomasi,ideal_lowpass,3,True,5.0,0.759493670886076,1.429395616054535,60,79,99
noise_curve,IMG_0259,Shi-Tomasi,ideal_lowpass,3,True,10.0,0.759493670886076,1.4017980694770813,60,79,107
noise_curve,IMG_0259,Shi-Tomasi,ideal_lowpass,3,True,20.0,0.6835443037974683,1.5714623928070068,54,79,103
noise_curve,IMG_0259,SIFT,ideal_lowpass,3,True,0.0,0.631578947368421,2.6216108798980713,12,19,25
noise_curve,IMG_0259,SIFT,ideal_lowpass,3,True,5.0,0.6842105263157895,2.5993854999542236,13,19,27
noise_curve,IMG_0259,SIFT,ideal_lowpass,3,True,10.0,0.6842105263157895,2.6086983680725098,13,19,27
noise_curve,IMG_0259,SIFT,ideal_lowpass,3,True,20.0,0.7368421052631579,2.816106081008911,14,19,30
noise_curve,IMG_0259,Sobel,gaussian_lowpass,3,True,0.0,0.8285714285714286,1.210644006729126,29,38,35
noise_curve,IMG_0259,Sobel,gaussian_lowpass,3,True,5.0,0.9090909090909091,1.416559100151062,30,38,33
noise_curve,IMG_0259,Sobel,gaussian_lowpass,3,True,10.0,0.8484848484848485,1.3804421424865723,28,38,33
noise_curve,IMG_0259,Sobel,gaussian_lowpass,3,True,20.0,0.7631578947368421,1.6570912599563599,29,38,38
noise_curve,IMG_0259,LoG,gaussian_lowpass,3,True,0.0,0.9130434782608695,1.1965035200119019,42,46,66
noise_curve,IMG_0259,LoG,gaussian_lowpass,3,True,5.0,0.9347826086956522,1.2530601024627686,43,46,66
noise_curve,IMG_0259,LoG,gaussian_lowpass,3,True,10.0,0.9347826086956522,1.2530601024627686,43,46,67
noise_curve,IMG_0259,LoG,gaussian_lowpass,3,True,20.0,0.8478260869565217,1.1730492115020752,39,46,69
noise_curve,IMG_0259,Harris,gaussian_lowpass,3,True,0.0,0.8714285714285714,1.6020230054855347,61,70,93
noise_curve,IMG_0259,Harris,gaussian_lowpass,3,True,5.0,0.9142857142857143,1.821913719177246,64,70,99
noise_curve,IMG_0259,Harris,gaussian_lowpass,3,True,10.0,0.8714285714285714,1.6904608011245728,61,70,97
noise_curve,IMG_0259,Harris,gaussian_lowpass,3,True,20.0,0.8571428571428571,1.9091620445251465,60,70,99
noise_curve,IMG_0259,Shi-Tomasi,gaussian_lowpass,3,True,0.0,0.9142857142857143,1.5184704065322876,64,70,91
noise_curve,IMG_0259,Shi-Tomasi,gaussian_lowpass,3,True,5.0,0.8714285714285714,1.578305721282959,61,70,92
noise_curve,IMG_0259,Shi-Tomasi,gaussian_lowpass,3,True,10.0,0.8714285714285714,1.6399550437927246,61,70,98
noise_curve,IMG_0259,Shi-Tomasi,gaussian_lowpass,3,True,20.0,0.8857142857142857,2.0330134630203247,62,70,98
noise_curve,IMG_0259,SIFT,gaussian_lowpass,3,True,0.0,0.8260869565217391,1.3670322895050049,19,23,32
noise_curve,IMG_0259,SIFT,gaussian_lowpass,3,True,5.0,0.782608695652174,1.4015031456947327,18,23,29
noise_curve,IMG_0259,SIFT,gaussian_lowpass,3,True,10.0,0.782608695652174,1.3867482542991638,18,23,28
noise_curve,IMG_0259,SIFT,gaussian_lowpass,3,True,20.0,0.7391304347826086,1.505866527557373,17,23,29
noise_curve,IMG_0259,Sobel,ideal_highpass,3,True,0.0,0.7794117647058824,1.7011321783065796,53,68,80
noise_curve,IMG_0259,Sobel,ideal_highpass,3,True,5.0,0.8529411764705882,1.765990972518921,58,68,86
noise_curve,IMG_0259,Sobel,ideal_highpass,3,True,10.0,0.8823529411764706,1.9176103472709656,60,68,91
noise_curve,IMG_0259,Sobel,ideal_highpass,3,True,20.0,0.8529411764705882,1.9877827763557434,58,68,98
noise_curve,IMG_0259,LoG,ideal_highpass,3,True,0.0,0.7807017543859649,1.7645819187164307,89,114,132
noise_curve,IMG_0259,LoG,ideal_highpass,3,True,5.0,0.8245614035087719,1.8966319561004639,94,114,136
noise_curve,IMG_0259,LoG,ideal_highpass,3,True,10.0,0.8157894736842105,1.7369672060012817,93,114,141
noise_curve,IMG_0259,LoG,ideal_highpass,3,True,20.0,0.8070175438596491,2.181767225265503,92,114,153
noise_curve,IMG_0259,Harris,ideal_highpass,3,True,0.0,0.8378378378378378,1.797194242477417,93,111,177
noise_curve,IMG_0259,Harris,ideal_highpass,3,True,5.0,0.8108108108108109,1.6633069515228271,90,111,174
noise_curve,IMG_0259,Harris,ideal_highpass,3,True,10.0,0.8198198198198198,1.836440086364746,91,111,179
noise_curve,IMG_0259,Harris,ideal_highpass,3,True,20.0,0.8198198198198198,1.8861186504364014,91,111,203
noise_curve,IMG_0259,Shi-Tomasi,ideal_highpass,3,True,0.0,0.7802197802197802,1.8693327903747559,71,91,125
noise_curve,IMG_0259,Shi-Tomasi,ideal_highpass,3,True,5.0,0.7472527472527473,1.7318735122680664,68,91,127
noise_curve,IMG_0259,Shi-Tomasi,ideal_highpass,3,True,10.0,0.7142857142857143,1.7147608995437622,65,91,127
noise_curve,IMG_0259,Shi-Tomasi,ideal_highpass,3,True,20.0,0.7252747252747253,2.1311100721359253,66,91,148
noise_curve,IMG_0259,SIFT,ideal_highpass,3,True,0.0,0.43478260869565216,1.2176249027252197,10,28,23
noise_curve,IMG_0259,SIFT,ideal_highpass,3,True,5.0,0.43478260869565216,1.240477740764618,10,28,23
noise_curve,IMG_0259,SIFT,ideal_highpass,3,True,10.0,0.5,1.3189148902893066,9,28,18
noise_curve,IMG_0259,SIFT,ideal_highpass,3,True,20.0,0.43478260869565216,1.754208505153656,10,28,23
noise_curve,IMG_0259,Sobel,gaussian_highpass,3,True,0.0,0.8688524590163934,2.1164164543151855,53,61,81
noise_curve,IMG_0259,Sobel,gaussian_highpass,3,True,5.0,0.8852459016393442,2.24454402923584,54,61,83
noise_curve,IMG_0259,Sobel,gaussian_highpass,3,True,10.0,0.9180327868852459,2.1868276596069336,56,61,86
noise_curve,IMG_0259,Sobel,gaussian_highpass,3,True,20.0,0.8852459016393442,2.1233123540878296,54,61,100
noise_curve,IMG_0259,LoG,gaussian_highpass,3,True,0.0,0.8363636363636363,1.7366614937782288,92,110,134
noise_curve,IMG_0259,LoG,gaussian_highpass,3,True,5.0,0.8,1.911873459815979,88,110,130
noise_curve,IMG_0259,LoG,gaussian_highpass,3,True,10.0,0.8090909090909091,2.0823473930358887,89,110,133
noise_curve,IMG_0259,LoG,gaussian_highpass,3,True,20.0,0.7818181818181819,1.9693540334701538,86,110,152
noise_curve,IMG_0259,Harris,gaussian_highpass,3,True,0.0,0.8620689655172413,1.7641478776931763,100,116,176
noise_curve,IMG_0259,Harris,gaussian_highpass,3,True,5.0,0.8275862068965517,1.7669174075126648,96,116,171
noise_curve,IMG_0259,Harris,gaussian_highpass,3,True,10.0,0.7586206896551724,1.7669174075126648,88,116,179
noise_curve,IMG_0259,Harris,gaussian_highpass,3,True,20.0,0.7586206896551724,1.9884811043739319,88,116,193
noise_curve,IMG_0259,Shi-Tomasi,gaussian_highpass,3,True,0.0,0.7938144329896907,1.808632731437683,77,97,135
noise_curve,IMG_0259,Shi-Tomasi,gaussian_highpass,3,True,5.0,0.8041237113402062,1.893118679523468,78,97,136
noise_curve,IMG_0259,Shi-Tomasi,gaussian_highpass,3,True,10.0,0.7422680412371134,1.98728746175766,72,97,131
noise_curve,IMG_0259,Shi-Tomasi,gaussian_highpass,3,True,20.0,0.7216494845360825,2.292352080345154,70,97,150
noise_curve,IMG_0259,SIFT,gaussian_highpass,3,True,0.0,0.34782608695652173,1.4831268787384033,8,23,25
noise_curve,IMG_0259,SIFT,gaussian_highpass,3,True,5.0,0.34782608695652173,1.5841093063354492,8,23,26
noise_curve,IMG_0259,SIFT,gaussian_highpass,3,True,10.0,0.30434782608695654,1.4905457496643066,7,23,23
noise_curve,IMG_0259,SIFT,gaussian_highpass,3,True,20.0,0.34782608695652173,1.6188520789146423,8,23,28
noise_curve,IMG_0261,Sobel,none,3,True,0.0,0.9215686274509803,1.91031813621521,47,51,128
noise_curve,IMG_0261,Sobel,none,3,True,5.0,0.9607843137254902,1.8222110271453857,49,51,128
noise_curve,IMG_0261,Sobel,none,3,True,10.0,0.9215686274509803,1.7465728521347046,47,51,142
noise_curve,IMG_0261,Sobel,none,3,True,20.0,0.9215686274509803,1.7706817388534546,47,51,170
noise_curve,IMG_0261,LoG,none,3,True,0.0,0.7532467532467533,2.202191114425659,58,77,217
noise_curve,IMG_0261,LoG,none,3,True,5.0,0.7402597402597403,2.020949602127075,57,77,217
noise_curve,IMG_0261,LoG,none,3,True,10.0,0.7792207792207793,2.0844699144363403,60,77,217
noise_curve,IMG_0261,LoG,none,3,True,20.0,0.7662337662337663,2.128868341445923,59,77,218
noise_curve,IMG_0261,Harris,none,3,True,0.0,0.6989247311827957,2.178089141845703,65,93,218
noise_curve,IMG_0261,Harris,none,3,True,5.0,0.6989247311827957,2.216005802154541,65,93,218
noise_curve,IMG_0261,Harris,none,3,True,10.0,0.6774193548387096,2.1637256145477295,63,93,218
noise_curve,IMG_0261,Harris,none,3,True,20.0,0.6451612903225806,2.2559025287628174,60,93,218
noise_curve,IMG_0261,Shi-Tomasi,none,3,True,0.0,0.6888888888888889,2.0477389693260193,62,90,218
noise_curve,IMG_0261,Shi-Tomasi,none,3,True,5.0,0.6777777777777778,2.036362648010254,61,90,217
noise_curve,IMG_0261,Shi-Tomasi,none,3,True,10.0,0.6666666666666666,1.9815614819526672,60,90,216
noise_curve,IMG_0261,Shi-Tomasi,none,3,True,20.0,0.6555555555555556,2.22452974319458,59,90,217
noise_curve,IMG_0261,SIFT,none,3,True,0.0,0.5217391304347826,1.7647691369056702,12,23,40
noise_curve,IMG_0261,SIFT,none,3,True,5.0,0.43478260869565216,1.7469254732131958,10,23,40
noise_curve,IMG_0261,SIFT,none,3,True,10.0,0.43478260869565216,1.911574363708496,10,23,37
noise_curve,IMG_0261,SIFT,none,3,True,20.0,0.5217391304347826,1.694464087486267,12,23,41
noise_curve,IMG_0261,Sobel,ideal_lowpass,3,True,0.0,0.8620689655172413,2.7930994033813477,25,29,71
noise_curve,IMG_0261,Sobel,ideal_lowpass,3,True,5.0,0.8275862068965517,2.8827993869781494,24,29,73
noise_curve,IMG_0261,Sobel,ideal_lowpass,3,True,10.0,0.896551724137931,2.8986393213272095,26,29,72
noise_curve,IMG_0261,Sobel,ideal_lowpass,3,True,20.0,0.8620689655172413,3.3570635318756104,25,29,70
noise_curve,IMG_0261,LoG,ideal_lowpass,3,True,0.0,0.5555555555555556,2.4885411262512207,25,45,135
noise_curve,IMG_0261,LoG,ideal_lowpass,3,True,5.0,0.5333333333333333,2.713828444480896,24,45,133
noise_curve,IMG_0261,LoG,ideal_lowpass,3,True,10.0,0.5111111111111111,2.6080520153045654,23,45,127
noise_curve,IMG_0261,LoG,ideal_lowpass,3,True,20.0,0.5777777777777777,2.8320151567459106,26,45,131
noise_curve,IMG_0261,Harris,ideal_lowpass,3,True,0.0,0.5544554455445545,2.509722590446472,56,101,219
noise_curve,IMG_0261,Harris,ideal_lowpass,3,True,5.0,0.5445544554455446,2.2494101524353027,55,101,219
noise_curve,IMG_0261,Harris,ideal_lowpass,3,True,10.0,0.5544554455445545,2.3066214323043823,56,101,219
noise_curve,IMG_0261,Harris,ideal_lowpass,3,True,20.0,0.5643564356435643,2.8390305042266846,57,101,219
noise_curve,IMG_0261,Shi-Tomasi,ideal_lowpass,3,True,0.0,0.5454545454545454,2.4875670671463013,42,77,181
noise_curve,IMG_0261,Shi-Tomasi,ideal_lowpass,3,True,5.0,0.5454545454545454,2.302069306373596,42,77,179
noise_curve,IMG_0261,Shi-Tomasi,ideal_lowpass,3,True,10.0,0.5454545454545454,2.302069306373596,42,77,182
noise_curve,IMG_0261,Shi-Tomasi,ideal_lowpass,3,True,20.0,0.5714285714285714,2.3031612634658813,44,77,185
noise_curve,IMG_0261,SIFT,ideal_lowpass,3,True,0.0,0.631578947368421,1.9353191256523132,12,19,74
noise_curve,IMG_0261,SIFT,ideal_lowpass,3,True,5.0,0.631578947368421,2.2418415546417236,12,19,72
noise_curve,IMG_0261,SIFT,ideal_lowpass,3,True,10.0,0.631578947368421,2.2196630239486694,12,19,71
noise_curve,IMG_0261,SIFT,ideal_lowpass,3,True,20.0,0.631578947368421,2.2544504404067993,12,19,70
noise_curve,IMG_0261,Sobel,gaussian_lowpass,3,True,0.0,0.8888888888888888,2.2973649501800537,32,36,74
noise_curve,IMG_0261,Sobel,gaussian_lowpass,3,True,5.0,0.8611111111111112,2.3343327045440674,31,36,72
noise_curve,IMG_0261,Sobel,gaussian_lowpass,3,True,10.0,0.8611111111111112,2.4309844970703125,31,36,74
noise_curve,IMG_0261,Sobel,gaussian_lowpass,3,True,20.0,0.8888888888888888,2.356274962425232,32,36,78
noise_curve,IMG_0261,LoG,gaussian_lowpass,3,True,0.0,0.8297872340425532,2.3414671421051025,39,47,127
noise_curve,IMG_0261,LoG,gaussian_lowpass,3,True,5.0,0.8936170212765957,2.259334921836853,42,47,132
noise_curve,IMG_0261,LoG,gaussian_lowpass,3,True,10.0,0.9361702127659575,2.159907341003418,44,47,134
noise_curve,IMG_0261,LoG,gaussian_lowpass,3,True,20.0,0.9361702127659575,2.0929092168807983,44,47,144
noise_curve,IMG_0261,Harris,gaussian_lowpass,3,True,0.0,0.7464788732394366,2.1935770511627197,53,71,218
noise_curve,IMG_0261,Harris,gaussian_lowpass,3,True,5.0,0.7746478873239436,2.181400775909424,55,71,218
noise_curve,IMG_0261,Harris,gaussian_lowpass,3,True,10.0,0.7605633802816901,2.112190365791321,54,71,218
noise_curve,IMG_0261,Harris,gaussian_lowpass,3,True,20.0,0.7605633802816901,2.2153053283691406,54,71,218
noise_curve,IMG_0261,Shi-Tomasi,gaussian_lowpass,3,True,0.0,0.803030303030303,1.8911744356155396,53,66,197
noise_curve,IMG_0261,Shi-Tomasi,gaussian_lowpass,3,True,5.0,0.803030303030303,1.8976839780807495,53,66,198
noise_curve,IMG_0261,Shi-Tomasi,gaussian_lowpass,3,True,10.0,0.8181818181818182,1.8640945553779602,54,66,198
noise_curve,IMG_0261,Shi-Tomasi,gaussian_lowpass,3,True,20.0,0.7727272727272727,1.8911744356155396,51,66,194
noise_curve,IMG_0261,SIFT,gaussian_lowpass,3,True,0.0,0.5217391304347826,2.356657028198242,12,23,49
noise_curve,IMG_0261,SIFT,gaussian_lowpass,3,True,5.0,0.5217391304347826,2.4030882120132446,12,23,48
noise_curve,IMG_0261,SIFT,gaussian_lowpass,3,True,10.0,0.4782608695652174,2.523219585418701,11,23,46
noise_curve,IMG_0261,SIFT,gaussian_lowpass,3,True,20.0,0.4782608695652174,2.713897228240967,11,23,50
noise_curve,IMG_0261,Sobel,ideal_highpass,3,True,0.0,0.7352941176470589,2.080493927001953,50,68,175
noise_curve,IMG_0261,Sobel,ideal_highpass,3,True,5.0,0.75,2.1117258071899414,51,68,177
noise_curve,IMG_0261,Sobel,ideal_highpass,3,True,10.0,0.7352941176470589,2.093957304954529,50,68,190
noise_curve,IMG_0261,Sobel,ideal_highpass,3,True,20.0,0.75,2.3961853981018066,51,68,217
noise_curve,IMG_0261,LoG,ideal_highpass,3,True,0.0,0.6608695652173913,2.5763347148895264,76,115,217
noise_curve,IMG_0261,LoG,ideal_highpass,3,True,5.0,0.6608695652173913,2.2470823526382446,76,115,217
noise_curve,IMG_0261,LoG,ideal_highpass,3,True,10.0,0.6608695652173913,2.2765969038009644,76,115,217
noise_curve,IMG_0261,LoG,ideal_highpass,3,True,20.0,0.6434782608695652,2.3568508625030518,74,115,217
noise_curve,IMG_0261,Harris,ideal_highpass,3,True,0.0,0.6727272727272727,2.5250086784362793,74,110,218
noise_curve,IMG_0261,Harris,ideal_highpass,3,True,5.0,0.7,2.5579800605773926,77,110,218
noise_curve,IMG_0261,Harris,ideal_highpass,3,True,10.0,0.7181818181818181,2.603003740310669,79,110,218
noise_curve,IMG_0261,Harris,ideal_highpass,3,True,20.0,0.6818181818181818,2.7048914432525635,75,110,219
noise_curve,IMG_0261,Shi-Tomasi,ideal_highpass,3,True,0.0,0.7111111111111111,2.3335663080215454,64,90,218
noise_curve,IMG_0261,Shi-Tomasi,ideal_highpass,3,True,5.0,0.6555555555555556,2.3856072425842285,59,90,218
noise_curve,IMG_0261,Shi-Tomasi,ideal_highpass,3,True,10.0,0.6666666666666666,2.6907893419265747,60,90,219
noise_curve,IMG_0261,Shi-Tomasi,ideal_highpass,3,True,20.0,0.6555555555555556,2.5814146995544434,59,90,218
noise_curve,IMG_0261,SIFT,ideal_highpass,3,True,0.0,0.2857142857142857,1.4972966313362122,8,28,33
noise_curve,IMG_0261,SIFT,ideal_highpass,3,True,5.0,0.25,1.6645177602767944,7,28,29
noise_curve,IMG_0261,SIFT,ideal_highpass,3,True,10.0,0.25,1.682344675064087,7,28,32
noise_curve,IMG_0261,SIFT,ideal_highpass,3,True,20.0,0.25,1.7212488651275635,7,28,37
noise_curve,IMG_0261,Sobel,gaussian_highpass,3,True,0.0,0.7666666666666667,2.2409995794296265,46,60,161
noise_curve,IMG_0261,Sobel,gaussian_highpass,3,True,5.0,0.8166666666666667,2.2557053565979004,49,60,170
noise_curve,IMG_0261,Sobel,gaussian_highpass,3,True,10.0,0.8,2.0005064606666565,48,60,183
noise_curve,IMG_0261,Sobel,gaussian_highpass,3,True,20.0,0.8166666666666667,2.099046468734741,49,60,218
noise_curve,IMG_0261,LoG,gaussian_highpass,3,True,0.0,0.672566371681416,2.29376757144928,76,113,217
noise_curve,IMG_0261,LoG,gaussian_highpass,3,True,5.0,0.672566371681416,2.1222894191741943,76,113,217
noise_curve,IMG_0261,LoG,gaussian_highpass,3,True,10.0,0.6814159292035398,2.3480496406555176,77,113,217
noise_curve,IMG_0261,LoG,gaussian_highpass,3,True,20.0,0.6991150442477876,2.275139331817627,79,113,218
noise_curve,IMG_0261,Harris,gaussian_highpass,3,True,0.0,0.6120689655172413,2.5579800605773926,71,116,218
noise_curve,IMG_0261,Harris,gaussian_highpass,3,True,5.0,0.603448275862069,2.401555061340332,70,116,218
noise_curve,IMG_0261,Harris,gaussian_highpass,3,True,10.0,0.6206896551724138,2.2592580318450928,72,116,219
noise_curve,IMG_0261,Harris,gaussian_highpass,3,True,20.0,0.6293103448275862,2.841341018676758,73,116,218
noise_curve,IMG_0261,Shi-Tomasi,gaussian_highpass,3,True,0.0,0.6979166666666666,2.499053716659546,67,96,218
noise_curve,IMG_0261,Shi-Tomasi,gaussian_highpass,3,True,5.0,0.71875,2.2815253734588623,69,96,217
noise_curve,IMG_0261,Shi-Tomasi,gaussian_highpass,3,True,10.0,0.6875,2.545663595199585,66,96,218
noise_curve,IMG_0261,Shi-Tomasi,gaussian_highpass,3,True,20.0,0.625,2.5688304901123047,60,96,218
noise_curve,IMG_0261,SIFT,gaussian_highpass,3,True,0.0,0.2608695652173913,1.766782522201538,6,23,36
noise_curve,IMG_0261,SIFT,gaussian_highpass,3,True,5.0,0.34782608695652173,1.7274855375289917,8,23,42
noise_curve,IMG_0261,SIFT,gaussian_highpass,3,True,10.0,0.2608695652173913,1.8415740728378296,6,23,40
noise_curve,IMG_0261,SIFT,gaussian_highpass,3,True,20.0,0.2608695652173913,2.093579649925232,6,23,40
noise_curve,IMG_0262,Sobel,none,3,True,0.0,0.7058823529411765,1.5783180594444275,36,51,95
noise_curve,IMG_0262,Sobel,none,3,True,5.0,0.7450980392156863,1.629303216934204,38,51,98
noise_curve,IMG_0262,Sobel,none,3,True,10.0,0.7843137254901961,1.7759697437286377,40,51,102
noise_curve,IMG_0262,Sobel,none,3,True,20.0,0.8627450980392157,1.8066229224205017,44,51,137
noise_curve,IMG_0262,LoG,none,3,True,0.0,0.881578947368421,2.0022661685943604,67,76,180
noise_curve,IMG_0262,LoG,none,3,True,5.0,0.868421052631579,2.2429661750793457,66,76,184
noise_curve,IMG_0262,LoG,none,3,True,10.0,0.8421052631578947,1.9110373258590698,64,76,193
noise_curve,IMG_0262,LoG,none,3,True,20.0,0.8026315789473685,1.8367239236831665,61,76,218
noise_curve,IMG_0262,Harris,none,3,True,0.0,0.7204301075268817,2.479306697845459,67,93,216
noise_curve,IMG_0262,Harris,none,3,True,5.0,0.6989247311827957,2.243372917175293,65,93,217
noise_curve,IMG_0262,Harris,none,3,True,10.0,0.7311827956989247,2.1644521951675415,68,93,217
noise_curve,IMG_0262,Harris,none,3,True,20.0,0.6881720430107527,2.365636944770813,64,93,217
noise_curve,IMG_0262,Shi-Tomasi,none,3,True,0.0,0.6966292134831461,2.094930052757263,62,89,202
noise_curve,IMG_0262,Shi-Tomasi,none,3,True,5.0,0.6966292134831461,2.094930052757263,62,89,200
noise_curve,IMG_0262,Shi-Tomasi,none,3,True,10.0,0.6966292134831461,2.380910634994507,62,89,208
noise_curve,IMG_0262,Shi-Tomasi,none,3,True,20.0,0.6853932584269663,2.602907180786133,61,89,217
noise_curve,IMG_0262,SIFT,none,3,True,0.0,0.5652173913043478,2.6916823387145996,13,23,52
noise_curve,IMG_0262,SIFT,none,3,True,5.0,0.6086956521739131,2.4170074462890625,14,23,51
noise_curve,IMG_0262,SIFT,none,3,True,10.0,0.6521739130434783,2.1102259159088135,15,23,59
noise_curve,IMG_0262,SIFT,none,3,True,20.0,0.6086956521739131,2.055256724357605,14,23,64
noise_curve,IMG_0262,Sobel,ideal_lowpass,3,True,0.0,0.5862068965517241,2.9710259437561035,17,29,52
noise_curve,IMG_0262,Sobel,ideal_lowpass,3,True,5.0,0.6206896551724138,2.9437167644500732,18,29,57
noise_curve,IMG_0262,Sobel,ideal_lowpass,3,True,10.0,0.5862068965517241,2.9639902114868164,17,29,58
noise_curve,IMG_0262,Sobel,ideal_lowpass,3,True,20.0,0.6206896551724138,2.824800729751587,18,29,60
noise_curve,IMG_0262,LoG,ideal_lowpass,3,True,0.0,0.4888888888888889,2.8365410566329956,22,45,115
noise_curve,IMG_0262,LoG,ideal_lowpass,3,True,5.0,0.5111111111111111,2.8950068950653076,23,45,114
noise_curve,IMG_0262,LoG,ideal_lowpass,3,True,10.0,0.4888888888888889,2.8851137161254883,22,45,116
noise_curve,IMG_0262,LoG,ideal_lowpass,3,True,20.0,0.4666666666666667,2.863487720489502,21,45,117
noise_curve,IMG_0262,Harris,ideal_lowpass,3,True,0.0,0.4752475247524752,2.350008487701416,48,101,187
noise_curve,IMG_0262,Harris,ideal_lowpass,3,True,5.0,0.5148514851485149,2.315454363822937,52,101,181
noise_curve,IMG_0262,Harris,ideal_lowpass,3,True,10.0,0.5148514851485149,2.190164089202881,52,101,184
noise_curve,IMG_0262,Harris,ideal_lowpass,3,True,20.0,0.5247524752475248,2.482542037963867,53,101,177
noise_curve,IMG_0262,Shi-Tomasi,ideal_lowpass,3,True,0.0,0.5,1.9545223712921143,39,78,154
noise_curve,IMG_0262,Shi-Tomasi,ideal_lowpass,3,True,5.0,0.47435897435897434,1.8653079271316528,37,78,157
noise_curve,IMG_0262,Shi-Tomasi,ideal_lowpass,3,True,10.0,0.5,2.3794033527374268,39,78,152
noise_curve,IMG_0262,Shi-Tomasi,ideal_lowpass,3,True,20.0,0.5128205128205128,2.561194896697998,40,78,148
noise_curve,IMG_0262,SIFT,ideal_lowpass,3,True,0.0,0.7368421052631579,2.4782201051712036,14,19,89
noise_curve,IMG_0262,SIFT,ideal_lowpass,3,True,5.0,0.7894736842105263,2.7340428829193115,15,19,89
noise_curve,IMG_0262,SIFT,ideal_lowpass,3,True,10.0,0.7368421052631579,2.584184765815735,14,19,90
noise_curve,IMG_0262,SIFT,ideal_lowpass,3,True,20.0,0.6842105263157895,2.755263090133667,13,19,86
noise_curve,IMG_0262,Sobel,gaussian_lowpass,3,True,0.0,0.8918918918918919,2.711859703063965,33,37,57
noise_curve,IMG_0262,Sobel,gaussian_lowpass,3,True,5.0,0.7567567567567568,2.274950623512268,28,37,55
noise_curve,IMG_0262,Sobel,gaussian_lowpass,3,True,10.0,0.7567567567567568,2.5551605224609375,28,37,52
noise_curve,IMG_0262,Sobel,gaussian_lowpass,3,True,20.0,0.7027027027027027,2.804990768432617,26,37,50
noise_curve,IMG_0262,LoG,gaussian_lowpass,3,True,0.0,0.8043478260869565,2.1803507804870605,37,46,110
noise_curve,IMG_0262,LoG,gaussian_lowpass,3,True,5.0,0.8478260869565217,2.1803507804870605,39,46,114
noise_curve,IMG_0262,LoG,gaussian_lowpass,3,True,10.0,0.8260869565217391,2.1604130268096924,38,46,113
noise_curve,IMG_0262,LoG,gaussian_lowpass,3,True,20.0,0.8260869565217391,2.1377925872802734,38,46,121
noise_curve,IMG_0262,Harris,gaussian_lowpass,3,True,0.0,0.7464788732394366,2.169159173965454,53,71,172
noise_curve,IMG_0262,Harris,gaussian_lowpass,3,True,5.0,0.7605633802816901,1.974032998085022,54,71,184
noise_curve,IMG_0262,Harris,gaussian_lowpass,3,True,10.0,0.7746478873239436,1.8538833856582642,55,71,190
noise_curve,IMG_0262,Harris,gaussian_lowpass,3,True,20.0,0.7887323943661971,2.2175467014312744,56,71,192
noise_curve,IMG_0262,Shi-Tomasi,gaussian_lowpass,3,True,0.0,0.7424242424242424,2.3418962955474854,49,66,150
noise_curve,IMG_0262,Shi-Tomasi,gaussian_lowpass,3,True,5.0,0.7424242424242424,2.607590436935425,49,66,147
noise_curve,IMG_0262,Shi-Tomasi,gaussian_lowpass,3,True,10.0,0.7575757575757576,2.2133504152297974,50,66,157
noise_curve,IMG_0262,Shi-Tomasi,gaussian_lowpass,3,True,20.0,0.7727272727272727,2.3418962955474854,51,66,161
noise_curve,IMG_0262,SIFT,gaussian_lowpass,3,True,0.0,0.4166666666666667,2.3765411376953125,10,24,62
noise_curve,IMG_0262,SIFT,gaussian_lowpass,3,True,5.0,0.4583333333333333,2.7184572219848633,11,24,63
noise_curve,IMG_0262,SIFT,gaussian_lowpass,3,True,10.0,0.4583333333333333,3.0964035987854004,11,24,63
noise_curve,IMG_0262,SIFT,gaussian_lowpass,3,True,20.0,0.4166666666666667,2.809292435646057,10,24,71
noise_curve,IMG_0262,Sobel,ideal_highpass,3,True,0.0,0.7536231884057971,2.2296626567840576,52,69,169
noise_curve,IMG_0262,Sobel,ideal_highpass,3,True,5.0,0.7536231884057971,2.040120005607605,52,69,167
noise_curve,IMG_0262,Sobel,ideal_highpass,3,True,10.0,0.7536231884057971,2.0486819744110107,52,69,164
noise_curve,IMG_0262,Sobel,ideal_highpass,3,True,20.0,0.782608695652174,2.4439494609832764,54,69,186
noise_curve,IMG_0262,LoG,ideal_highpass,3,True,0.0,0.7079646017699115,2.3321715593338013,80,113,219
noise_curve,IMG_0262,LoG,ideal_highpass,3,True,5.0,0.6902654867256637,2.1542510986328125,78,113,218
noise_curve,IMG_0262,LoG,ideal_highpass,3,True,10.0,0.6902654867256637,2.1228615045547485,78,113,217
noise_curve,IMG_0262,LoG,ideal_highpass,3,True,20.0,0.6548672566371682,2.1177282333374023,74,113,218
noise_curve,IMG_0262,Harris,ideal_highpass,3,True,0.0,0.6727272727272727,2.574040651321411,74,110,218
noise_curve,IMG_0262,Harris,ideal_highpass,3,True,5.0,0.6818181818181818,2.4830563068389893,75,110,218
noise_curve,IMG_0262,Harris,ideal_highpass,3,True,10.0,0.7090909090909091,2.450250506401062,78,110,219
noise_curve,IMG_0262,Harris,ideal_highpass,3,True,20.0,0.6909090909090909,2.9031769037246704,76,110,218
noise_curve,IMG_0262,Shi-Tomasi,ideal_highpass,3,True,0.0,0.6629213483146067,2.563359260559082,59,89,216
noise_curve,IMG_0262,Shi-Tomasi,ideal_highpass,3,True,5.0,0.6853932584269663,2.2126975059509277,61,89,215
noise_curve,IMG_0262,Shi-Tomasi,ideal_highpass,3,True,10.0,0.6966292134831461,2.2687828540802,62,89,218
noise_curve,IMG_0262,Shi-Tomasi,ideal_highpass,3,True,20.0,0.7528089887640449,2.457322120666504,67,89,218
noise_curve,IMG_0262,SIFT,ideal_highpass,3,True,0.0,0.35714285714285715,2.755561947822571,10,28,62
noise_curve,IMG_0262,SIFT,ideal_highpass,3,True,5.0,0.39285714285714285,3.225839376449585,11,28,70
noise_curve,IMG_0262,SIFT,ideal_highpass,3,True,10.0,0.39285714285714285,3.6320443153381348,11,28,62
noise_curve,IMG_0262,SIFT,ideal_highpass,3,True,20.0,0.4642857142857143,3.6651527881622314,13,28,62
noise_curve,IMG_0262,Sobel,gaussian_highpass,3,True,0.0,0.819672131147541,2.046832323074341,50,61,141
noise_curve,IMG_0262,Sobel,gaussian_highpass,3,True,5.0,0.8360655737704918,2.0138285160064697,51,61,145
noise_curve,IMG_0262,Sobel,gaussian_highpass,3,True,10.0,0.819672131147541,2.0442306995391846,50,61,148
noise_curve,IMG_0262,Sobel,gaussian_highpass,3,True,20.0,0.8688524590163934,2.0404233932495117,53,61,185
noise_curve,IMG_0262,LoG,gaussian_highpass,3,True,0.0,0.7142857142857143,2.2410320043563843,80,112,217
noise_curve,IMG_0262,LoG,gaussian_highpass,3,True,5.0,0.7142857142857143,2.427007794380188,80,112,218
noise_curve,IMG_0262,LoG,gaussian_highpass,3,True,10.0,0.7232142857142857,2.2300429344177246,81,112,217
noise_curve,IMG_0262,LoG,gaussian_highpass,3,True,20.0,0.7321428571428571,2.527474284172058,82,112,218
noise_curve,IMG_0262,Harris,gaussian_highpass,3,True,0.0,0.6206896551724138,2.3401901721954346,72,116,217
noise_curve,IMG_0262,Harris,gaussian_highpass,3,True,5.0,0.6293103448275862,2.6332530975341797,73,116,219
noise_curve,IMG_0262,Harris,gaussian_highpass,3,True,10.0,0.6293103448275862,2.497208833694458,73,116,218
noise_curve,IMG_0262,Harris,gaussian_highpass,3,True,20.0,0.6551724137931034,2.7499316930770874,76,116,217
noise_curve,IMG_0262,Shi-Tomasi,gaussian_highpass,3,True,0.0,0.6947368421052632,2.485404133796692,66,95,217
noise_curve,IMG_0262,Shi-Tomasi,gaussian_highpass,3,True,5.0,0.6947368421052632,2.545988440513611,66,95,217
noise_curve,IMG_0262,Shi-Tomasi,gaussian_highpass,3,True,10.0,0.6947368421052632,2.4829365015029907,66,95,212
noise_curve,IMG_0262,Shi-Tomasi,gaussian_highpass,3,True,20.0,0.6736842105263158,2.47209095954895,64,95,218
noise_curve,IMG_0262,SIFT,gaussian_highpass,3,True,0.0,0.2608695652173913,2.443002223968506,6,23,61
noise_curve,IMG_0262,SIFT,gaussian_highpass,3,True,5.0,0.30434782608695654,2.1986818313598633,7,23,55
noise_curve,IMG_0262,SIFT,gaussian_highpass,3,True,10.0,0.391304347826087,2.7185463905334473,9,23,53
noise_curve,IMG_0262,SIFT,gaussian_highpass,3,True,20.0,0.43478260869565216,2.7266138792037964,10,23,59
noise_curve,IMG_0263,Sobel,none,3,True,0.0,0.7450980392156863,1.91782945394516,38,51,110
noise_curve,IMG_0263,Sobel,none,3,True,5.0,0.7647058823529411,2.1267645359039307,39,51,114
noise_curve,IMG_0263,Sobel,none,3,True,10.0,0.7843137254901961,2.1641194820404053,40,51,115
noise_curve,IMG_0263,Sobel,none,3,True,20.0,0.8235294117647058,2.240029811859131,42,51,149
noise_curve,IMG_0263,LoG,none,3,True,0.0,0.868421052631579,2.48954975605011,66,76,198
noise_curve,IMG_0263,LoG,none,3,True,5.0,0.868421052631579,2.3196496963500977,66,76,202
noise_curve,IMG_0263,LoG,none,3,True,10.0,0.8552631578947368,2.011732578277588,65,76,208
noise_curve,IMG_0263,LoG,none,3,True,20.0,0.8157894736842105,2.3036850690841675,62,76,217
noise_curve,IMG_0263,Harris,none,3,True,0.0,0.6666666666666666,2.288973808288574,62,93,216
noise_curve,IMG_0263,Harris,none,3,True,5.0,0.6236559139784946,2.4330503940582275,58,93,216
noise_curve,IMG_0263,Harris,none,3,True,10.0,0.6344086021505376,2.7399823665618896,59,93,216
noise_curve,IMG_0263,Harris,none,3,True,20.0,0.6021505376344086,2.8122133016586304,56,93,216
noise_curve,IMG_0263,Shi-Tomasi,none,3,True,0.0,0.6853932584269663,2.2457239627838135,61,89,217
noise_curve,IMG_0263,Shi-Tomasi,none,3,True,5.0,0.6966292134831461,2.312600016593933,62,89,217
noise_curve,IMG_0263,Shi-Tomasi,none,3,True,10.0,0.6741573033707865,2.349188208580017,60,89,217
noise_curve,IMG_0263,Shi-Tomasi,none,3,True,20.0,0.6741573033707865,2.6839170455932617,60,89,217
noise_curve,IMG_0263,SIFT,none,3,True,0.0,0.782608695652174,1.8710936903953552,18,23,91
noise_curve,IMG_0263,SIFT,none,3,True,5.0,0.782608695652174,2.186888575553894,18,23,92
noise_curve,IMG_0263,SIFT,none,3,True,10.0,0.782608695652174,2.5644285678863525,18,23,91
noise_curve,IMG_0263,SIFT,none,3,True,20.0,0.6956521739130435,2.7340047359466553,16,23,88
noise_curve,IMG_0263,Sobel,ideal_lowpass,3,True,0.0,0.7241379310344828,2.84200119972229,21,29,60
noise_curve,IMG_0263,Sobel,ideal_lowpass,3,True,5.0,0.6551724137931034,2.84200119972229,19,29,57
noise_curve,IMG_0263,Sobel,ideal_lowpass,3,True,10.0,0.6551724137931034,3.0615460872650146,19,29,57
noise_curve,IMG_0263,Sobel,ideal_lowpass,3,True,20.0,0.6206896551724138,3.073766827583313,18,29,61
noise_curve,IMG_0263,LoG,ideal_lowpass,3,True,0.0,0.5111111111111111,2.655229091644287,23,45,111
noise_curve,IMG_0263,LoG,ideal_lowpass,3,True,5.0,0.5111111111111111,2.655229091644287,23,45,114
noise_curve,IMG_0263,LoG,ideal_lowpass,3,True,10.0,0.5111111111111111,2.603050470352173,23,45,119
noise_curve,IMG_0263,LoG,ideal_lowpass,3,True,20.0,0.4666666666666667,2.503274917602539,21,45,116
noise_curve,IMG_0263,Harris,ideal_lowpass,3,True,0.0,0.46534653465346537,2.2448418140411377,47,101,174
noise_curve,IMG_0263,Harris,ideal_lowpass,3,True,5.0,0.46534653465346537,2.244779348373413,47,101,170
noise_curve,IMG_0263,Harris,ideal_lowpass,3,True,10.0,0.4752475247524752,2.242236852645874,48,101,171
noise_curve,IMG_0263,Harris,ideal_lowpass,3,True,20.0,0.49504950495049505,2.2992475032806396,50,101,181
noise_curve,IMG_0263,Shi-Tomasi,ideal_lowpass,3,True,0.0,0.4805194805194805,2.170652389526367,37,77,148
noise_curve,IMG_0263,Shi-Tomasi,ideal_lowpass,3,True,5.0,0.4935064935064935,2.2077471017837524,38,77,146
noise_curve,IMG_0263,Shi-Tomasi,ideal_lowpass,3,True,10.0,0.5064935064935064,2.2448418140411377,39,77,149
noise_curve,IMG_0263,Shi-Tomasi,ideal_lowpass,3,True,20.0,0.5324675324675324,2.170652389526367,41,77,161
noise_curve,IMG_0263,SIFT,ideal_lowpass,3,True,0.0,0.7894736842105263,2.4147212505340576,15,19,107
noise_curve,IMG_0263,SIFT,ideal_lowpass,3,True,5.0,0.7894736842105263,2.412086009979248,15,19,104
noise_curve,IMG_0263,SIFT,ideal_lowpass,3,True,10.0,0.7894736842105263,2.410468816757202,15,19,105
noise_curve,IMG_0263,SIFT,ideal_lowpass,3,True,20.0,0.7368421052631579,2.4635356664657593,14,19,105
noise_curve,IMG_0263,Sobel,gaussian_lowpass,3,True,0.0,0.7777777777777778,2.4688819646835327,28,36,54
noise_curve,IMG_0263,Sobel,gaussian_lowpass,3,True,5.0,0.7222222222222222,2.366939425468445,26,36,56
noise_curve,IMG_0263,Sobel,gaussian_lowpass,3,True,10.0,0.75,2.64052414894104,27,36,57
noise_curve,IMG_0263,Sobel,gaussian_lowpass,3,True,20.0,0.8055555555555556,2.7986974716186523,29,36,58
noise_curve,IMG_0263,LoG,gaussian_lowpass,3,True,0.0,0.8478260869565217,2.2099359035491943,39,46,124
noise_curve,IMG_0263,LoG,gaussian_lowpass,3,True,5.0,0.8695652173913043,2.2188971042633057,40,46,119
noise_curve,IMG_0263,LoG,gaussian_lowpass,3,True,10.0,0.8478260869565217,2.5882928371429443,39,46,119
noise_curve,IMG_0263,LoG,gaussian_lowpass,3,True,20.0,0.782608695652174,2.1481674909591675,36,46,122
noise_curve,IMG_0263,Harris,gaussian_lowpass,3,True,0.0,0.8028169014084507,2.2783403396606445,57,71,180
noise_curve,IMG_0263,Harris,gaussian_lowpass,3,True,5.0,0.7746478873239436,2.195371150970459,55,71,174
noise_curve,IMG_0263,Harris,gaussian_lowpass,3,True,10.0,0.8169014084507042,2.2368557453155518,58,71,178
noise_curve,IMG_0263,Harris,gaussian_lowpass,3,True,20.0,0.8028169014084507,2.1876275539398193,57,71,193
noise_curve,IMG_0263,Shi-Tomasi,gaussian_lowpass,3,True,0.0,0.8307692307692308,2.3933154344558716,54,65,163
noise_curve,IMG_0263,Shi-Tomasi,gaussian_lowpass,3,True,5.0,0.8307692307692308,2.328102469444275,54,65,159
noise_curve,IMG_0263,Shi-Tomasi,gaussian_lowpass,3,True,10.0,0.8153846153846154,2.1397242546081543,53,65,161
noise_curve,IMG_0263,Shi-Tomasi,gaussian_lowpass,3,True,20.0,0.7692307692307693,2.2611693143844604,50,65,157
noise_curve,IMG_0263,SIFT,gaussian_lowpass,3,True,0.0,0.6666666666666666,2.1849570274353027,16,24,90
noise_curve,IMG_0263,SIFT,gaussian_lowpass,3,True,5.0,0.625,2.037423849105835,15,24,90
noise_curve,IMG_0263,SIFT,gaussian_lowpass,3,True,10.0,0.5833333333333334,2.1945276260375977,14,24,87
noise_curve,IMG_0263,SIFT,gaussian_lowpass,3,True,20.0,0.5833333333333334,2.247894525527954,14,24,91
noise_curve,IMG_0263,Sobel,ideal_highpass,3,True,0.0,0.8676470588235294,1.862585186958313,59,68,189
noise_curve,IMG_0263,Sobel,ideal_highpass,3,True,5.0,0.8676470588235294,2.18729305267334,59,68,189
noise_curve,IMG_0263,Sobel,ideal_highpass,3,True,10.0,0.8529411764705882,2.39343523979187,58,68,189
noise_curve,IMG_0263,Sobel,ideal_highpass,3,True,20.0,0.8088235294117647,2.541303873062134,55,68,208
noise_curve,IMG_0263,LoG,ideal_highpass,3,True,0.0,0.7168141592920354,2.4876301288604736,81,113,216
noise_curve,IMG_0263,LoG,ideal_highpass,3,True,5.0,0.672566371681416,2.4590566158294678,76,113,216
noise_curve,IMG_0263,LoG,ideal_highpass,3,True,10.0,0.6194690265486725,2.47771680355072,70,113,216
noise_curve,IMG_0263,LoG,ideal_highpass,3,True,20.0,0.6194690265486725,2.5329947471618652,70,113,216
noise_curve,IMG_0263,Harris,ideal_highpass,3,True,0.0,0.6727272727272727,2.248732089996338,74,110,218
noise_curve,IMG_0263,Harris,ideal_highpass,3,True,5.0,0.6818181818181818,2.4849770069122314,75,110,218
noise_curve,IMG_0263,Harris,ideal_highpass,3,True,10.0,0.6454545454545455,2.379045248031616,71,110,218
noise_curve,IMG_0263,Harris,ideal_highpass,3,True,20.0,0.6454545454545455,2.3113648891448975,71,110,217
noise_curve,IMG_0263,Shi-Tomasi,ideal_highpass,3,True,0.0,0.6741573033707865,2.2386770248413086,60,89,217
noise_curve,IMG_0263,Shi-Tomasi,ideal_highpass,3,True,5.0,0.7078651685393258,2.5202581882476807,63,89,217
noise_curve,IMG_0263,Shi-Tomasi,ideal_highpass,3,True,10.0,0.7191011235955056,2.4258257150650024,64,89,218
noise_curve,IMG_0263,Shi-Tomasi,ideal_highpass,3,True,20.0,0.6629213483146067,2.0773539543151855,59,89,218
noise_curve,IMG_0263,SIFT,ideal_highpass,3,True,0.0,0.4444444444444444,2.9946001768112183,12,27,89
noise_curve,IMG_0263,SIFT,ideal_highpass,3,True,5.0,0.4074074074074074,3.7856462001800537,11,27,94
noise_curve,IMG_0263,SIFT,ideal_highpass,3,True,10.0,0.48148148148148145,3.0909416675567627,13,27,90
noise_curve,IMG_0263,SIFT,ideal_highpass,3,True,20.0,0.4444444444444444,2.750525712966919,12,27,97
noise_curve,IMG_0263,Sobel,gaussian_highpass,3,True,0.0,0.9,1.9225371479988098,54,60,178
noise_curve,IMG_0263,Sobel,gaussian_highpass,3,True,5.0,0.8833333333333333,2.1435933113098145,53,60,182
noise_curve,IMG_0263,Sobel,gaussian_highpass,3,True,10.0,0.8666666666666667,2.1820791959762573,52,60,190
noise_curve,IMG_0263,Sobel,gaussian_highpass,3,True,20.0,0.8333333333333334,2.453634262084961,50,60,219
noise_curve,IMG_0263,LoG,gaussian_highpass,3,True,0.0,0.6875,2.4671411514282227,77,112,216
noise_curve,IMG_0263,LoG,gaussian_highpass,3,True,5.0,0.6696428571428571,2.548508882522583,75,112,216
noise_curve,IMG_0263,LoG,gaussian_highpass,3,True,10.0,0.7142857142857143,2.6234405040740967,80,112,215
noise_curve,IMG_0263,LoG,gaussian_highpass,3,True,20.0,0.7232142857142857,2.7040305137634277,81,112,216
noise_curve,IMG_0263,Harris,gaussian_highpass,3,True,0.0,0.6551724137931034,2.4686522483825684,76,116,218
noise_curve,IMG_0263,Harris,gaussian_highpass,3,True,5.0,0.6379310344827587,2.585980772972107,74,116,218
noise_curve,IMG_0263,Harris,gaussian_highpass,3,True,10.0,0.6637931034482759,2.794332981109619,77,116,218
noise_curve,IMG_0263,Harris,gaussian_highpass,3,True,20.0,0.6293103448275862,2.5683388710021973,73,116,218
noise_curve,IMG_0263,Shi-Tomasi,gaussian_highpass,3,True,0.0,0.6947368421052632,2.5925058126449585,66,95,217
noise_curve,IMG_0263,Shi-Tomasi,gaussian_highpass,3,True,5.0,0.7052631578947368,2.567568063735962,67,95,217
noise_curve,IMG_0263,Shi-Tomasi,gaussian_highpass,3,True,10.0,0.7052631578947368,2.567568063735962,67,95,217
noise_curve,IMG_0263,Shi-Tomasi,gaussian_highpass,3,True,20.0,0.6,2.310631036758423,57,95,216
noise_curve,IMG_0263,SIFT,gaussian_highpass,3,True,0.0,0.45454545454545453,1.951173484325409,10,22,75
noise_curve,IMG_0263,SIFT,gaussian_highpass,3,True,5.0,0.5,2.067312002182007,11,22,76
noise_curve,IMG_0263,SIFT,gaussian_highpass,3,True,10.0,0.45454545454545453,2.8762842416763306,10,22,79
noise_curve,IMG_0263,SIFT,gaussian_highpass,3,True,20.0,0.45454545454545453,3.0328752994537354,10,22,92
noise_curve,IMG_0264,Sobel,none,3,True,0.0,0.9607843137254902,2.3320119380950928,49,51,115
noise_curve,IMG_0264,Sobel,none,3,True,5.0,0.9411764705882353,2.2864209413528442,48,51,115
noise_curve,IMG_0264,Sobel,none,3,True,10.0,0.9215686274509803,2.2408299446105957,47,51,119
noise_curve,IMG_0264,Sobel,none,3,True,20.0,0.9411764705882353,2.3221349716186523,48,51,140
noise_curve,IMG_0264,LoG,none,3,True,0.0,0.8157894736842105,2.2801835536956787,62,76,183
noise_curve,IMG_0264,LoG,none,3,True,5.0,0.8157894736842105,2.2801835536956787,62,76,182
noise_curve,IMG_0264,LoG,none,3,True,10.0,0.868421052631579,2.213011622428894,66,76,186
noise_curve,IMG_0264,LoG,none,3,True,20.0,0.868421052631579,2.2727584838867188,66,76,210
noise_curve,IMG_0264,Harris,none,3,True,0.0,0.7204301075268817,2.379260778427124,67,93,218
noise_curve,IMG_0264,Harris,none,3,True,5.0,0.7204301075268817,2.521596670150757,67,93,218
noise_curve,IMG_0264,Harris,none,3,True,10.0,0.7311827956989247,2.313085675239563,68,93,218
noise_curve,IMG_0264,Harris,none,3,True,20.0,0.6989247311827957,2.4212982654571533,65,93,219
noise_curve,IMG_0264,Shi-Tomasi,none,3,True,0.0,0.7078651685393258,2.428030490875244,63,89,218
noise_curve,IMG_0264,Shi-Tomasi,none,3,True,5.0,0.7528089887640449,2.035172700881958,67,89,218
noise_curve,IMG_0264,Shi-Tomasi,none,3,True,10.0,0.7528089887640449,2.339885950088501,67,89,218
noise_curve,IMG_0264,Shi-Tomasi,none,3,True,20.0,0.7415730337078652,2.5167124271392822,66,89,217
noise_curve,IMG_0264,SIFT,none,3,True,0.0,0.8695652173913043,1.775572657585144,20,23,89
noise_curve,IMG_0264,SIFT,none,3,True,5.0,0.9130434782608695,2.114015817642212,21,23,94
noise_curve,IMG_0264,SIFT,none,3,True,10.0,0.9130434782608695,2.2666213512420654,21,23,99
noise_curve,IMG_0264,SIFT,none,3,True,20.0,0.8695652173913043,2.4815967082977295,20,23,98
noise_curve,IMG_0264,Sobel,ideal_lowpass,3,True,0.0,0.6551724137931034,2.656148672103882,19,29,64
noise_curve,IMG_0264,Sobel,ideal_lowpass,3,True,5.0,0.6551724137931034,2.7861976623535156,19,29,63
noise_curve,IMG_0264,Sobel,ideal_lowpass,3,True,10.0,0.6206896551724138,2.9267481565475464,18,29,61
noise_curve,IMG_0264,Sobel,ideal_lowpass,3,True,20.0,0.5862068965517241,2.8717923164367676,17,29,65
noise_curve,IMG_0264,LoG,ideal_lowpass,3,True,0.0,0.4666666666666667,2.6325690746307373,21,45,105
noise_curve,IMG_0264,LoG,ideal_lowpass,3,True,5.0,0.4444444444444444,2.6254405975341797,20,45,101
noise_curve,IMG_0264,LoG,ideal_lowpass,3,True,10.0,0.4666666666666667,2.618312120437622,21,45,101
noise_curve,IMG_0264,LoG,ideal_lowpass,3,True,20.0,0.4888888888888889,2.5621544122695923,22,45,105
noise_curve,IMG_0264,Harris,ideal_lowpass,3,True,0.0,0.4752475247524752,2.2087498903274536,48,101,192
noise_curve,IMG_0264,Harris,ideal_lowpass,3,True,5.0,0.48514851485148514,2.3661184310913086,49,101,197
noise_curve,IMG_0264,Harris,ideal_lowpass,3,True,10.0,0.48514851485148514,2.1605162620544434,49,101,190
noise_curve,IMG_0264,Harris,ideal_lowpass,3,True,20.0,0.5643564356435643,2.3661184310913086,57,101,194
noise_curve,IMG_0264,Shi-Tomasi,ideal_lowpass,3,True,0.0,0.5454545454545454,2.1930347681045532,42,77,162
noise_curve,IMG_0264,Shi-Tomasi,ideal_lowpass,3,True,5.0,0.5454545454545454,2.204464316368103,42,77,163
noise_curve,IMG_0264,Shi-Tomasi,ideal_lowpass,3,True,10.0,0.5324675324675324,2.346951723098755,41,77,160
noise_curve,IMG_0264,Shi-Tomasi,ideal_lowpass,3,True,20.0,0.5454545454545454,2.3547405004501343,42,77,168
noise_curve,IMG_0264,SIFT,ideal_lowpass,3,True,0.0,0.7894736842105263,2.3873772621154785,15,19,100
noise_curve,IMG_0264,SIFT,ideal_lowpass,3,True,5.0,0.7894736842105263,2.397789478302002,15,19,103
noise_curve,IMG_0264,SIFT,ideal_lowpass,3,True,10.0,0.6842105263157895,2.4047985076904297,13,19,101
noise_curve,IMG_0264,SIFT,ideal_lowpass,3,True,20.0,0.7368421052631579,2.5436081886291504,14,19,102
noise_curve,IMG_0264,Sobel,gaussian_lowpass,3,True,0.0,0.8333333333333334,2.522521734237671,30,36,65
noise_curve,IMG_0264,Sobel,gaussian_lowpass,3,True,5.0,0.8333333333333334,2.4570928812026978,30,36,67
noise_curve,IMG_0264,Sobel,gaussian_lowpass,3,True,10.0,0.75,2.205345630645752,27,36,64
noise_curve,IMG_0264,Sobel,gaussian_lowpass,3,True,20.0,0.75,2.3128437995910645,27,36,65
noise_curve,IMG_0264,LoG,gaussian_lowpass,3,True,0.0,0.8695652173913043,2.280155062675476,40,46,106
noise_curve,IMG_0264,LoG,gaussian_lowpass,3,True,5.0,0.8695652173913043,2.319589138031006,40,46,112
noise_curve,IMG_0264,LoG,gaussian_lowpass,3,True,10.0,0.8695652173913043,2.21980082988739,40,46,113
noise_curve,IMG_0264,LoG,gaussian_lowpass,3,True,20.0,0.717391304347826,2.294163227081299,33,46,107
noise_curve,IMG_0264,Harris,gaussian_lowpass,3,True,0.0,0.8309859154929577,2.3399851322174072,59,71,164
noise_curve,IMG_0264,Harris,gaussian_lowpass,3,True,5.0,0.8450704225352113,2.389245867729187,60,71,164
noise_curve,IMG_0264,Harris,gaussian_lowpass,3,True,10.0,0.8169014084507042,2.2132930755615234,58,71,160
noise_curve,IMG_0264,Harris,gaussian_lowpass,3,True,20.0,0.8450704225352113,2.2692272663116455,60,71,171
noise_curve,IMG_0264,Shi-Tomasi,gaussian_lowpass,3,True,0.0,0.7692307692307693,1.9764216542243958,50,65,146
noise_curve,IMG_0264,Shi-Tomasi,gaussian_lowpass,3,True,5.0,0.8,2.022090196609497,52,65,145
noise_curve,IMG_0264,Shi-Tomasi,gaussian_lowpass,3,True,10.0,0.7846153846153846,1.97690749168396,51,65,148
noise_curve,IMG_0264,Shi-Tomasi,gaussian_lowpass,3,True,20.0,0.8153846153846154,2.0203585624694824,53,65,148
noise_curve,IMG_0264,SIFT,gaussian_lowpass,3,True,0.0,0.6666666666666666,2.127567172050476,16,24,87
noise_curve,IMG_0264,SIFT,gaussian_lowpass,3,True,5.0,0.625,2.1178085803985596,15,24,89
noise_curve,IMG_0264,SIFT,gaussian_lowpass,3,True,10.0,0.625,2.0551669597625732,15,24,92
noise_curve,IMG_0264,SIFT,gaussian_lowpass,3,True,20.0,0.5833333333333334,2.0297840237617493,14,24,89
noise_curve,IMG_0264,Sobel,ideal_highpass,3,True,0.0,0.8970588235294118,2.328336238861084,61,68,168
noise_curve,IMG_0264,Sobel,ideal_highpass,3,True,5.0,0.9117647058823529,2.3171015977859497,62,68,169
noise_curve,IMG_0264,Sobel,ideal_highpass,3,True,10.0,0.8823529411764706,2.3243197202682495,60,68,166
noise_curve,IMG_0264,Sobel,ideal_highpass,3,True,20.0,0.8529411764705882,2.391349196434021,58,68,174
noise_curve,IMG_0264,LoG,ideal_highpass,3,True,0.0,0.7079646017699115,2.323581337928772,80,113,218
noise_curve,IMG_0264,LoG,ideal_highpass,3,True,5.0,0.6902654867256637,2.396029233932495,78,113,218
noise_curve,IMG_0264,LoG,ideal_highpass,3,True,10.0,0.672566371681416,2.3877320289611816,76,113,218
noise_curve,IMG_0264,LoG,ideal_highpass,3,True,20.0,0.7079646017699115,2.373919367790222,80,113,217
noise_curve,IMG_0264,Harris,ideal_highpass,3,True,0.0,0.7363636363636363,2.533623695373535,81,110,219
noise_curve,IMG_0264,Harris,ideal_highpass,3,True,5.0,0.7090909090909091,2.3848146200180054,78,110,219
noise_curve,IMG_0264,Harris,ideal_highpass,3,True,10.0,0.7,2.319249391555786,77,110,219
noise_curve,IMG_0264,Harris,ideal_highpass,3,True,20.0,0.7363636363636363,2.4212982654571533,81,110,219
noise_curve,IMG_0264,Shi-Tomasi,ideal_highpass,3,True,0.0,0.7528089887640449,2.3061068058013916,67,89,219
noise_curve,IMG_0264,Shi-Tomasi,ideal_highpass,3,True,5.0,0.7191011235955056,2.451622247695923,64,89,218
noise_curve,IMG_0264,Shi-Tomasi,ideal_highpass,3,True,10.0,0.7078651685393258,2.317798614501953,63,89,217
noise_curve,IMG_0264,Shi-Tomasi,ideal_highpass,3,True,20.0,0.7078651685393258,2.3664183616638184,63,89,216
noise_curve,IMG_0264,SIFT,ideal_highpass,3,True,0.0,0.5925925925925926,2.113180637359619,16,27,79
noise_curve,IMG_0264,SIFT,ideal_highpass,3,True,5.0,0.48148148148148145,1.4426292181015015,13,27,79
noise_curve,IMG_0264,SIFT,ideal_highpass,3,True,10.0,0.5555555555555556,1.877959966659546,15,27,78
noise_curve,IMG_0264,SIFT,ideal_highpass,3,True,20.0,0.6666666666666666,2.0348236560821533,18,27,88
noise_curve,IMG_0264,Sobel,gaussian_highpass,3,True,0.0,0.85,1.982209324836731,51,60,142
noise_curve,IMG_0264,Sobel,gaussian_highpass,3,True,5.0,0.85,1.672255516052246,51,60,146
noise_curve,IMG_0264,Sobel,gaussian_highpass,3,True,10.0,0.8333333333333334,1.7868488430976868,50,60,153
noise_curve,IMG_0264,Sobel,gaussian_highpass,3,True,20.0,0.8833333333333333,1.896267294883728,53,60,170
noise_curve,IMG_0264,LoG,gaussian_highpass,3,True,0.0,0.7589285714285714,2.67018723487854,85,112,217
noise_curve,IMG_0264,LoG,gaussian_highpass,3,True,5.0,0.7678571428571429,2.4689959287643433,86,112,218
noise_curve,IMG_0264,LoG,gaussian_highpass,3,True,10.0,0.75,2.373919367790222,84,112,217
noise_curve,IMG_0264,LoG,gaussian_highpass,3,True,20.0,0.7142857142857143,2.404581308364868,80,112,217
noise_curve,IMG_0264,Harris,gaussian_highpass,3,True,0.0,0.6810344827586207,2.7017102241516113,79,116,219
noise_curve,IMG_0264,Harris,gaussian_highpass,3,True,5.0,0.6637931034482759,2.6315951347351074,77,116,219
noise_curve,IMG_0264,Harris,gaussian_highpass,3,True,10.0,0.6637931034482759,2.6903157234191895,77,116,219
noise_curve,IMG_0264,Harris,gaussian_highpass,3,True,20.0,0.646551724137931,2.4620156288146973,75,116,218
noise_curve,IMG_0264,Shi-Tomasi,gaussian_highpass,3,True,0.0,0.7157894736842105,2.2104207277297974,68,95,218
noise_curve,IMG_0264,Shi-Tomasi,gaussian_highpass,3,True,5.0,0.7052631578947368,2.2101731300354004,67,95,218
noise_curve,IMG_0264,Shi-Tomasi,gaussian_highpass,3,True,10.0,0.6736842105263158,2.3440070152282715,64,95,216
noise_curve,IMG_0264,Shi-Tomasi,gaussian_highpass,3,True,20.0,0.6842105263157895,2.339885950088501,65,95,216
noise_curve,IMG_0264,SIFT,gaussian_highpass,3,True,0.0,0.5454545454545454,1.7835577130317688,12,22,66
noise_curve,IMG_0264,SIFT,gaussian_highpass,3,True,5.0,0.45454545454545453,1.6574435234069824,10,22,65
noise_curve,IMG_0264,SIFT,gaussian_highpass,3,True,10.0,0.5,1.8492441177368164,11,22,71
noise_curve,IMG_0264,SIFT,gaussian_highpass,3,True,20.0,0.45454545454545453,1.7326340079307556,10,22,83
noise_curve,IMG_0265,Sobel,none,3,True,0.0,0.6739130434782609,2.362839698791504,31,46,72
noise_curve,IMG_0265,Sobel,none,3,True,5.0,0.6304347826086957,2.503420352935791,29,46,76
noise_curve,IMG_0265,Sobel,none,3,True,10.0,0.6739130434782609,2.390748977661133,31,46,85
noise_curve,IMG_0265,Sobel,none,3,True,20.0,0.717391304347826,2.351494073867798,33,46,119
noise_curve,IMG_0265,LoG,none,3,True,0.0,0.8035714285714286,1.9612022638320923,45,56,104
noise_curve,IMG_0265,LoG,none,3,True,5.0,0.8571428571428571,1.8128669261932373,48,56,111
noise_curve,IMG_0265,LoG,none,3,True,10.0,0.8392857142857143,1.8369855880737305,47,56,120
noise_curve,IMG_0265,LoG,none,3,True,20.0,0.8214285714285714,2.223466157913208,46,56,158
noise_curve,IMG_0265,Harris,none,3,True,0.0,0.7638888888888888,2.256509304046631,55,72,157
noise_curve,IMG_0265,Harris,none,3,True,5.0,0.8055555555555556,2.209680676460266,58,72,182
noise_curve,IMG_0265,Harris,none,3,True,10.0,0.875,2.262948989868164,63,72,218
noise_curve,IMG_0265,Harris,none,3,True,20.0,0.7361111111111112,2.262948989868164,53,72,218
noise_curve,IMG_0265,Shi-Tomasi,none,3,True,0.0,0.8115942028985508,2.0827678442001343,56,69,135
noise_curve,IMG_0265,Shi-Tomasi,none,3,True,5.0,0.7971014492753623,2.2774314880371094,55,69,141
noise_curve,IMG_0265,Shi-Tomasi,none,3,True,10.0,0.8260869565217391,2.2774314880371094,57,69,171
noise_curve,IMG_0265,Shi-Tomasi,none,3,True,20.0,0.7391304347826086,2.4938852787017822,51,69,220
noise_curve,IMG_0265,SIFT,none,3,True,0.0,0.4,1.6757632791996002,8,20,23
noise_curve,IMG_0265,SIFT,none,3,True,5.0,0.35,2.3219404220581055,7,20,25
noise_curve,IMG_0265,SIFT,none,3,True,10.0,0.4,1.4486941397190094,8,20,28
noise_curve,IMG_0265,SIFT,none,3,True,20.0,0.4,1.7426250576972961,8,20,32
noise_curve,IMG_0265,Sobel,ideal_lowpass,3,True,0.0,0.6818181818181818,2.5028491020202637,15,22,38
noise_curve,IMG_0265,Sobel,ideal_lowpass,3,True,5.0,0.7272727272727273,2.6793596744537354,16,22,39
noise_curve,IMG_0265,Sobel,ideal_lowpass,3,True,10.0,0.6363636363636364,2.47927188873291,14,22,35
noise_curve,IMG_0265,Sobel,ideal_lowpass,3,True,20.0,0.6363636363636364,2.27900230884552,14,22,36
noise_curve,IMG_0265,LoG,ideal_lowpass,3,True,0.0,0.5277777777777778,2.4940459728240967,19,36,91
noise_curve,IMG_0265,LoG,ideal_lowpass,3,True,5.0,0.5,2.6204558610916138,18,36,94
noise_curve,IMG_0265,LoG,ideal_lowpass,3,True,10.0,0.5,2.4284716844558716,18,36,93
noise_curve,IMG_0265,LoG,ideal_lowpass,3,True,20.0,0.5555555555555556,2.838711738586426,20,36,94
noise_curve,IMG_0265,Harris,ideal_lowpass,3,True,0.0,0.5061728395061729,2.5484557151794434,41,81,144
noise_curve,IMG_0265,Harris,ideal_lowpass,3,True,5.0,0.5185185185185185,2.5718902349472046,42,81,139
noise_curve,IMG_0265,Harris,ideal_lowpass,3,True,10.0,0.5432098765432098,2.6530743837356567,44,81,150
noise_curve,IMG_0265,Harris,ideal_lowpass,3,True,20.0,0.48148148148148145,2.515378713607788,39,81,152
noise_curve,IMG_0265,Shi-Tomasi,ideal_lowpass,3,True,0.0,0.46153846153846156,2.254633665084839,30,65,131
noise_curve,IMG_0265,Shi-Tomasi,ideal_lowpass,3,True,5.0,0.46153846153846156,2.254633665084839,30,65,131
noise_curve,IMG_0265,Shi-Tomasi,ideal_lowpass,3,True,10.0,0.4461538461538462,2.331163167953491,29,65,136
noise_curve,IMG_0265,Shi-Tomasi,ideal_lowpass,3,True,20.0,0.46153846153846156,2.2643061876296997,30,65,144
noise_curve,IMG_0265,SIFT,ideal_lowpass,3,True,0.0,0.625,2.438551425933838,10,16,53
noise_curve,IMG_0265,SIFT,ideal_lowpass,3,True,5.0,0.5625,2.3279762268066406,9,16,52
noise_curve,IMG_0265,SIFT,ideal_lowpass,3,True,10.0,0.625,2.46897554397583,10,16,54
noise_curve,IMG_0265,SIFT,ideal_lowpass,3,True,20.0,0.625,2.3461846113204956,10,16,55
noise_curve,IMG_0265,Sobel,gaussian_lowpass,3,True,0.0,0.6296296296296297,1.8979381322860718,17,27,32
noise_curve,IMG_0265,Sobel,gaussian_lowpass,3,True,5.0,0.5555555555555556,2.592271327972412,15,27,32
noise_curve,IMG_0265,Sobel,gaussian_lowpass,3,True,10.0,0.5925925925925926,2.604379653930664,16,27,31
noise_curve,IMG_0265,Sobel,gaussian_lowpass,3,True,20.0,0.5555555555555556,1.8979381322860718,15,27,41
noise_curve,IMG_0265,LoG,gaussian_lowpass,3,True,0.0,0.8857142857142857,2.311326265335083,31,35,83
noise_curve,IMG_0265,LoG,gaussian_lowpass,3,True,5.0,0.8857142857142857,2.0005486011505127,31,35,84
noise_curve,IMG_0265,LoG,gaussian_lowpass,3,True,10.0,0.8857142857142857,2.1781041622161865,31,35,91
noise_curve,IMG_0265,LoG,gaussian_lowpass,3,True,20.0,0.7714285714285715,2.19260573387146,27,35,96
noise_curve,IMG_0265,Harris,gaussian_lowpass,3,True,0.0,0.8245614035087719,1.758327603340149,47,57,130
noise_curve,IMG_0265,Harris,gaussian_lowpass,3,True,5.0,0.8421052631578947,1.9359477758407593,48,57,132
noise_curve,IMG_0265,Harris,gaussian_lowpass,3,True,10.0,0.8245614035087719,1.9456511735916138,47,57,136
noise_curve,IMG_0265,Harris,gaussian_lowpass,3,True,20.0,0.7894736842105263,2.0690371990203857,45,57,145
noise_curve,IMG_0265,Shi-Tomasi,gaussian_lowpass,3,True,0.0,0.7037037037037037,2.125768780708313,38,54,109
noise_curve,IMG_0265,Shi-Tomasi,gaussian_lowpass,3,True,5.0,0.7407407407407407,1.9688714146614075,40,54,121
noise_curve,IMG_0265,Shi-Tomasi,gaussian_lowpass,3,True,10.0,0.7592592592592593,2.1824207305908203,41,54,124
noise_curve,IMG_0265,Shi-Tomasi,gaussian_lowpass,3,True,20.0,0.8333333333333334,2.287884473800659,45,54,135
noise_curve,IMG_0265,SIFT,gaussian_lowpass,3,True,0.0,0.4444444444444444,1.2800808548927307,8,18,42
noise_curve,IMG_0265,SIFT,gaussian_lowpass,3,True,5.0,0.4444444444444444,1.2283087968826294,8,18,43
noise_curve,IMG_0265,SIFT,gaussian_lowpass,3,True,10.0,0.4444444444444444,1.1941529512405396,8,18,44
noise_curve,IMG_0265,SIFT,gaussian_lowpass,3,True,20.0,0.5,0.9789858460426331,9,18,44
noise_curve,IMG_0265,Sobel,ideal_highpass,3,True,0.0,0.7547169811320755,2.2247174978256226,40,53,119
noise_curve,IMG_0265,Sobel,ideal_highpass,3,True,5.0,0.7547169811320755,2.149598479270935,40,53,121
noise_curve,IMG_0265,Sobel,ideal_highpass,3,True,10.0,0.7547169811320755,2.2507882118225098,40,53,128
noise_curve,IMG_0265,Sobel,ideal_highpass,3,True,20.0,0.7735849056603774,2.336947202682495,41,53,152
noise_curve,IMG_0265,LoG,ideal_highpass,3,True,0.0,0.6888888888888889,2.2610658407211304,62,90,150
noise_curve,IMG_0265,LoG,ideal_highpass,3,True,5.0,0.7111111111111111,2.3479576110839844,64,90,163
noise_curve,IMG_0265,LoG,ideal_highpass,3,True,10.0,0.7111111111111111,2.2610658407211304,64,90,175
noise_curve,IMG_0265,LoG,ideal_highpass,3,True,20.0,0.7444444444444445,2.401608467102051,67,90,220
noise_curve,IMG_0265,Harris,ideal_highpass,3,True,0.0,0.8222222222222222,2.3839077949523926,74,90,186
noise_curve,IMG_0265,Harris,ideal_highpass,3,True,5.0,0.8111111111111111,2.475909471511841,73,90,195
noise_curve,IMG_0265,Harris,ideal_highpass,3,True,10.0,0.7666666666666667,2.475909471511841,69,90,216
noise_curve,IMG_0265,Harris,ideal_highpass,3,True,20.0,0.6666666666666666,2.4310142993927,60,90,219
noise_curve,IMG_0265,Shi-Tomasi,ideal_highpass,3,True,0.0,0.75,2.3254554271698,51,68,123
noise_curve,IMG_0265,Shi-Tomasi,ideal_highpass,3,True,5.0,0.75,2.281386137008667,51,68,148
noise_curve,IMG_0265,Shi-Tomasi,ideal_highpass,3,True,10.0,0.8529411764705882,2.949759602546692,58,68,200
noise_curve,IMG_0265,Shi-Tomasi,ideal_highpass,3,True,20.0,0.6617647058823529,2.6661224365234375,45,68,218
noise_curve,IMG_0265,SIFT,ideal_highpass,3,True,0.0,0.2916666666666667,2.4527132511138916,7,24,28
noise_curve,IMG_0265,SIFT,ideal_highpass,3,True,5.0,0.25,2.4933499097824097,6,24,29
noise_curve,IMG_0265,SIFT,ideal_highpass,3,True,10.0,0.125,2.4441287517547607,3,24,25
noise_curve,IMG_0265,SIFT,ideal_highpass,3,True,20.0,0.25,3.6857011318206787,6,24,35
noise_curve,IMG_0265,Sobel,gaussian_highpass,3,True,0.0,0.7358490566037735,2.1537747383117676,39,53,118
noise_curve,IMG_0265,Sobel,gaussian_highpass,3,True,5.0,0.7169811320754716,2.5299960374832153,38,53,115
noise_curve,IMG_0265,Sobel,gaussian_highpass,3,True,10.0,0.660377358490566,2.149371385574341,35,53,118
noise_curve,IMG_0265,Sobel,gaussian_highpass,3,True,20.0,0.660377358490566,2.1640689373016357,35,53,149
noise_curve,IMG_0265,LoG,gaussian_highpass,3,True,0.0,0.7666666666666667,2.4503188133239746,69,90,160
noise_curve,IMG_0265,LoG,gaussian_highpass,3,True,5.0,0.7111111111111111,2.305216908454895,64,90,156
noise_curve,IMG_0265,LoG,gaussian_highpass,3,True,10.0,0.7222222222222222,2.3393452167510986,65,90,172
noise_curve,IMG_0265,LoG,gaussian_highpass,3,True,20.0,0.7333333333333333,2.334116578102112,66,90,220
noise_curve,IMG_0265,Harris,gaussian_highpass,3,True,0.0,0.7717391304347826,2.439584970474243,71,92,195
noise_curve,IMG_0265,Harris,gaussian_highpass,3,True,5.0,0.7717391304347826,2.2085492610931396,71,92,204
noise_curve,IMG_0265,Harris,gaussian_highpass,3,True,10.0,0.7717391304347826,2.712092399597168,71,92,216
noise_curve,IMG_0265,Harris,gaussian_highpass,3,True,20.0,0.6086956521739131,2.8937782049179077,56,92,219
noise_curve,IMG_0265,Shi-Tomasi,gaussian_highpass,3,True,0.0,0.6621621621621622,2.4239611625671387,49,74,123
noise_curve,IMG_0265,Shi-Tomasi,gaussian_highpass,3,True,5.0,0.7567567567567568,2.5136077404022217,56,74,153
noise_curve,IMG_0265,Shi-Tomasi,gaussian_highpass,3,True,10.0,0.7567567567567568,2.7586238384246826,56,74,199
noise_curve,IMG_0265,Shi-Tomasi,gaussian_highpass,3,True,20.0,0.6081081081081081,2.955179452896118,45,74,220
noise_curve,IMG_0265,SIFT,gaussian_highpass,3,True,0.0,0.29411764705882354,3.2297778129577637,5,17,34
noise_curve,IMG_0265,SIFT,gaussian_highpass,3,True,5.0,0.23529411764705882,3.682917594909668,4,17,25
noise_curve,IMG_0265,SIFT,gaussian_highpass,3,True,10.0,0.17647058823529413,3.1466963291168213,3,17,25
noise_curve,IMG_0265,SIFT,gaussian_highpass,3,True,20.0,0.058823529411764705,3.0598461627960205,1,17,29
noise_curve,IMG_0266,Sobel,none,3,True,0.0,0.6274509803921569,2.1114561557769775,32,51,76
noise_curve,IMG_0266,Sobel,none,3,True,5.0,0.6862745098039216,1.9193280935287476,35,51,79
noise_curve,IMG_0266,Sobel,none,3,True,10.0,0.7254901960784313,1.552785038948059,37,51,83
noise_curve,IMG_0266,Sobel,none,3,True,20.0,0.6862745098039216,1.9193280935287476,35,51,94
noise_curve,IMG_0266,LoG,none,3,True,0.0,0.6666666666666666,2.1005970239639282,50,75,118
noise_curve,IMG_0266,LoG,none,3,True,5.0,0.6933333333333334,1.7526533603668213,52,75,120
noise_curve,IMG_0266,LoG,none,3,True,10.0,0.72,1.8031630516052246,54,75,124
noise_curve,IMG_0266,LoG,none,3,True,20.0,0.7466666666666667,2.0340075492858887,56,75,152
noise_curve,IMG_0266,Harris,none,3,True,0.0,0.7362637362637363,2.4486520290374756,67,91,173
noise_curve,IMG_0266,Harris,none,3,True,5.0,0.7692307692307693,2.4951281547546387,70,91,193
noise_curve,IMG_0266,Harris,none,3,True,10.0,0.7472527472527473,2.5069754123687744,68,91,199
noise_curve,IMG_0266,Harris,none,3,True,20.0,0.7142857142857143,2.3800759315490723,65,91,216
noise_curve,IMG_0266,Shi-Tomasi,none,3,True,0.0,0.6179775280898876,2.6559741497039795,55,89,152
noise_curve,IMG_0266,Shi-Tomasi,none,3,True,5.0,0.6404494382022472,2.5012125968933105,57,89,157
noise_curve,IMG_0266,Shi-Tomasi,none,3,True,10.0,0.5842696629213483,2.495927929878235,52,89,157
noise_curve,IMG_0266,Shi-Tomasi,none,3,True,20.0,0.5842696629213483,2.3284860849380493,52,89,175
noise_curve,IMG_0266,SIFT,none,3,True,0.0,0.6521739130434783,1.9207838773727417,15,23,44
noise_curve,IMG_0266,SIFT,none,3,True,5.0,0.6521739130434783,2.329256772994995,15,23,45
noise_curve,IMG_0266,SIFT,none,3,True,10.0,0.7391304347826086,2.2878453731536865,17,23,47
noise_curve,IMG_0266,SIFT,none,3,True,20.0,0.6521739130434783,2.47235369682312,15,23,52
noise_curve,IMG_0266,Sobel,ideal_lowpass,3,True,0.0,0.6206896551724138,2.8588149547576904,18,29,36
noise_curve,IMG_0266,Sobel,ideal_lowpass,3,True,5.0,0.6551724137931034,2.78883957862854,19,29,36
noise_curve,IMG_0266,Sobel,ideal_lowpass,3,True,10.0,0.6551724137931034,3.093994140625,19,29,36
noise_curve,IMG_0266,Sobel,ideal_lowpass,3,True,20.0,0.6551724137931034,2.7052412033081055,19,29,37
noise_curve,IMG_0266,LoG,ideal_lowpass,3,True,0.0,0.6136363636363636,2.7526814937591553,27,44,62
noise_curve,IMG_0266,LoG,ideal_lowpass,3,True,5.0,0.6136363636363636,2.7526814937591553,27,44,66
noise_curve,IMG_0266,LoG,ideal_lowpass,3,True,10.0,0.6363636363636364,2.613477349281311,28,44,67
noise_curve,IMG_0266,LoG,ideal_lowpass,3,True,20.0,0.6818181818181818,2.538068413734436,30,44,77
noise_curve,IMG_0266,Harris,ideal_lowpass,3,True,0.0,0.53,2.0497734546661377,53,100,133
noise_curve,IMG_0266,Harris,ideal_lowpass,3,True,5.0,0.54,2.2182778120040894,54,100,133
noise_curve,IMG_0266,Harris,ideal_lowpass,3,True,10.0,0.54,2.3510258197784424,54,100,132
noise_curve,IMG_0266,Harris,ideal_lowpass,3,True,20.0,0.54,2.252894639968872,54,100,128
noise_curve,IMG_0266,Shi-Tomasi,ideal_lowpass,3,True,0.0,0.47368421052631576,2.5735831260681152,36,76,120
noise_curve,IMG_0266,Shi-Tomasi,ideal_lowpass,3,True,5.0,0.5,2.579107165336609,38,76,123
noise_curve,IMG_0266,Shi-Tomasi,ideal_lowpass,3,True,10.0,0.5526315789473685,2.306170105934143,42,76,123
noise_curve,IMG_0266,Shi-Tomasi,ideal_lowpass,3,True,20.0,0.5263157894736842,2.500725746154785,40,76,122
noise_curve,IMG_0266,SIFT,ideal_lowpass,3,True,0.0,0.6842105263157895,2.7129743099212646,13,19,46
noise_curve,IMG_0266,SIFT,ideal_lowpass,3,True,5.0,0.5789473684210527,2.5970096588134766,11,19,46
noise_curve,IMG_0266,SIFT,ideal_lowpass,3,True,10.0,0.5263157894736842,2.5649490356445312,10,19,44
noise_curve,IMG_0266,SIFT,ideal_lowpass,3,True,20.0,0.47368421052631576,2.578800916671753,9,19,44
noise_curve,IMG_0266,Sobel,gaussian_lowpass,3,True,0.0,0.6060606060606061,2.2895874977111816,20,36,33
noise_curve,IMG_0266,Sobel,gaussian_lowpass,3,True,5.0,0.6111111111111112,2.2895874977111816,22,36,39
noise_curve,IMG_0266,Sobel,gaussian_lowpass,3,True,10.0,0.6111111111111112,2.5807725191116333,22,36,37
noise_curve,IMG_0266,Sobel,gaussian_lowpass,3,True,20.0,0.5833333333333334,2.527207136154175,21,36,38
noise_curve,IMG_0266,LoG,gaussian_lowpass,3,True,0.0,0.7111111111111111,2.2449759244918823,32,45,90
noise_curve,IMG_0266,LoG,gaussian_lowpass,3,True,5.0,0.7111111111111111,2.2156397104263306,32,45,91
noise_curve,IMG_0266,LoG,gaussian_lowpass,3,True,10.0,0.6888888888888889,2.131467819213867,31,45,91
noise_curve,IMG_0266,LoG,gaussian_lowpass,3,True,20.0,0.7777777777777778,2.2597553730010986,35,45,97
noise_curve,IMG_0266,Harris,gaussian_lowpass,3,True,0.0,0.6428571428571429,2.3458375930786133,45,70,104
noise_curve,IMG_0266,Harris,gaussian_lowpass,3,True,5.0,0.6,2.311286687850952,42,70,107
noise_curve,IMG_0266,Harris,gaussian_lowpass,3,True,10.0,0.6571428571428571,2.385841131210327,46,70,122
noise_curve,IMG_0266,Harris,gaussian_lowpass,3,True,20.0,0.6285714285714286,2.410165548324585,44,70,125
noise_curve,IMG_0266,Shi-Tomasi,gaussian_lowpass,3,True,0.0,0.671875,2.3445656299591064,43,64,109
noise_curve,IMG_0266,Shi-Tomasi,gaussian_lowpass,3,True,5.0,0.640625,2.13196063041687,41,64,106
noise_curve,IMG_0266,Shi-Tomasi,gaussian_lowpass,3,True,10.0,0.640625,2.0231871604919434,41,64,112
noise_curve,IMG_0266,Shi-Tomasi,gaussian_lowpass,3,True,20.0,0.671875,2.13196063041687,43,64,114
noise_curve,IMG_0266,SIFT,gaussian_lowpass,3,True,0.0,0.5,2.6028127670288086,12,24,52
noise_curve,IMG_0266,SIFT,gaussian_lowpass,3,True,5.0,0.5,2.57304847240448,12,24,51
noise_curve,IMG_0266,SIFT,gaussian_lowpass,3,True,10.0,0.5,2.433900475502014,12,24,49
noise_curve,IMG_0266,SIFT,gaussian_lowpass,3,True,20.0,0.5,2.4237974882125854,12,24,48
noise_curve,IMG_0266,Sobel,ideal_highpass,3,True,0.0,0.7058823529411765,2.5560766458511353,48,68,110
noise_curve,IMG_0266,Sobel,ideal_highpass,3,True,5.0,0.7058823529411765,2.577044129371643,48,68,105
noise_curve,IMG_0266,Sobel,ideal_highpass,3,True,10.0,0.7058823529411765,2.5560766458511353,48,68,114
noise_curve,IMG_0266,Sobel,ideal_highpass,3,True,20.0,0.7058823529411765,2.6079859733581543,48,68,127
noise_curve,IMG_0266,LoG,ideal_highpass,3,True,0.0,0.6491228070175439,2.549238920211792,74,114,172
noise_curve,IMG_0266,LoG,ideal_highpass,3,True,5.0,0.6491228070175439,2.549238920211792,74,114,177
noise_curve,IMG_0266,LoG,ideal_highpass,3,True,10.0,0.6754385964912281,2.5012125968933105,77,114,180
noise_curve,IMG_0266,LoG,ideal_highpass,3,True,20.0,0.6140350877192983,2.563473105430603,70,114,185
noise_curve,IMG_0266,Harris,ideal_highpass,3,True,0.0,0.7272727272727273,2.271503210067749,80,110,210
noise_curve,IMG_0266,Harris,ideal_highpass,3,True,5.0,0.7545454545454545,2.3678579330444336,83,110,216
noise_curve,IMG_0266,Harris,ideal_highpass,3,True,10.0,0.7454545454545455,2.608288049697876,82,110,218
noise_curve,IMG_0266,Harris,ideal_highpass,3,True,20.0,0.7181818181818181,2.318519353866577,79,110,217
noise_curve,IMG_0266,Shi-Tomasi,ideal_highpass,3,True,0.0,0.6179775280898876,2.412870407104492,55,89,172
noise_curve,IMG_0266,Shi-Tomasi,ideal_highpass,3,True,5.0,0.6067415730337079,2.3941534757614136,54,89,172
noise_curve,IMG_0266,Shi-Tomasi,ideal_highpass,3,True,10.0,0.5730337078651685,2.715134382247925,51,89,170
noise_curve,IMG_0266,Shi-Tomasi,ideal_highpass,3,True,20.0,0.5955056179775281,2.782395839691162,53,89,169
noise_curve,IMG_0266,SIFT,ideal_highpass,3,True,0.0,0.4074074074074074,2.3700811862945557,11,27,32
noise_curve,IMG_0266,SIFT,ideal_highpass,3,True,5.0,0.4444444444444444,2.2827728986740112,12,27,31
noise_curve,IMG_0266,SIFT,ideal_highpass,3,True,10.0,0.4444444444444444,2.126924157142639,12,27,30
noise_curve,IMG_0266,SIFT,ideal_highpass,3,True,20.0,0.5925925925925926,2.311094880104065,16,27,36
noise_curve,IMG_0266,Sobel,gaussian_highpass,3,True,0.0,0.7796610169491526,2.4318039417266846,46,59,109
noise_curve,IMG_0266,Sobel,gaussian_highpass,3,True,5.0,0.8305084745762712,2.562316656112671,49,59,114
noise_curve,IMG_0266,Sobel,gaussian_highpass,3,True,10.0,0.8135593220338984,2.601611018180847,48,59,115
noise_curve,IMG_0266,Sobel,gaussian_highpass,3,True,20.0,0.8135593220338984,2.617854118347168,48,59,125
noise_curve,IMG_0266,LoG,gaussian_highpass,3,True,0.0,0.6517857142857143,2.774195671081543,73,112,173
noise_curve,IMG_0266,LoG,gaussian_highpass,3,True,5.0,0.6339285714285714,2.5012125968933105,71,112,174
noise_curve,IMG_0266,LoG,gaussian_highpass,3,True,10.0,0.6517857142857143,2.346116304397583,73,112,180
noise_curve,IMG_0266,LoG,gaussian_highpass,3,True,20.0,0.6428571428571429,2.288666248321533,72,112,197
noise_curve,IMG_0266,Harris,gaussian_highpass,3,True,0.0,0.7217391304347827,2.4011826515197754,83,115,217
noise_curve,IMG_0266,Harris,gaussian_highpass,3,True,5.0,0.7043478260869566,2.4223272800445557,81,115,217
noise_curve,IMG_0266,Harris,gaussian_highpass,3,True,10.0,0.6782608695652174,2.5479480028152466,78,115,217
noise_curve,IMG_0266,Harris,gaussian_highpass,3,True,20.0,0.6608695652173913,2.4580105543136597,76,115,217
noise_curve,IMG_0266,Shi-Tomasi,gaussian_highpass,3,True,0.0,0.6105263157894737,2.7411177158355713,58,95,177
noise_curve,IMG_0266,Shi-Tomasi,gaussian_highpass,3,True,5.0,0.6842105263157895,2.6873862743377686,65,95,174
noise_curve,IMG_0266,Shi-Tomasi,gaussian_highpass,3,True,10.0,0.6421052631578947,2.6599154472351074,61,95,174
noise_curve,IMG_0266,Shi-Tomasi,gaussian_highpass,3,True,20.0,0.6842105263157895,2.8161840438842773,65,95,183
noise_curve,IMG_0266,SIFT,gaussian_highpass,3,True,0.0,0.2727272727272727,2.273013949394226,6,22,22
noise_curve,IMG_0266,SIFT,gaussian_highpass,3,True,5.0,0.3,1.803997278213501,6,22,20
noise_curve,IMG_0266,SIFT,gaussian_highpass,3,True,10.0,0.3181818181818182,1.6836230754852295,7,22,31
noise_curve,IMG_0266,SIFT,gaussian_highpass,3,True,20.0,0.36363636363636365,2.474729299545288,8,22,40
noise_curve,IMG_0267,Sobel,none,3,True,0.0,0.5853658536585366,2.7406314611434937,24,41,52
noise_curve,IMG_0267,Sobel,none,3,True,5.0,0.5365853658536586,2.8475964069366455,22,41,49
noise_curve,IMG_0267,Sobel,none,3,True,10.0,0.5853658536585366,2.6916847229003906,24,41,52
noise_curve,IMG_0267,Sobel,none,3,True,20.0,0.5609756097560976,2.19691801071167,23,41,62
noise_curve,IMG_0267,LoG,none,3,True,0.0,0.578125,1.9297337532043457,37,64,76
noise_curve,IMG_0267,LoG,none,3,True,5.0,0.578125,1.8967381715774536,37,64,79
noise_curve,IMG_0267,LoG,none,3,True,10.0,0.5625,2.0126861929893494,36,64,81
noise_curve,IMG_0267,LoG,none,3,True,20.0,0.59375,2.271139979362488,38,64,94
noise_curve,IMG_0267,Harris,none,3,True,0.0,0.5609756097560976,2.721263885498047,46,82,113
noise_curve,IMG_0267,Harris,none,3,True,5.0,0.573170731707317,2.6405158042907715,47,82,114
noise_curve,IMG_0267,Harris,none,3,True,10.0,0.573170731707317,2.714655876159668,47,82,118
noise_curve,IMG_0267,Harris,none,3,True,20.0,0.5609756097560976,2.707706570625305,46,82,136
noise_curve,IMG_0267,Shi-Tomasi,none,3,True,0.0,0.5432098765432098,2.4099714756011963,44,81,83
noise_curve,IMG_0267,Shi-Tomasi,none,3,True,5.0,0.5384615384615384,2.4073694944381714,42,81,78
noise_curve,IMG_0267,Shi-Tomasi,none,3,True,10.0,0.5555555555555556,2.4236857891082764,45,81,88
noise_curve,IMG_0267,Shi-Tomasi,none,3,True,20.0,0.5555555555555556,2.7371039390563965,45,81,95
noise_curve,IMG_0267,SIFT,none,3,True,0.0,0.6470588235294118,2.062757968902588,11,17,53
noise_curve,IMG_0267,SIFT,none,3,True,5.0,0.6470588235294118,2.033291816711426,11,17,49
noise_curve,IMG_0267,SIFT,none,3,True,10.0,0.5882352941176471,2.0077182054519653,10,17,53
noise_curve,IMG_0267,SIFT,none,3,True,20.0,0.6470588235294118,2.7715389728546143,11,17,50
noise_curve,IMG_0267,Sobel,ideal_lowpass,3,True,0.0,0.56,2.9574520587921143,14,25,28
noise_curve,IMG_0267,Sobel,ideal_lowpass,3,True,5.0,0.56,2.9574520587921143,14,25,28
noise_curve,IMG_0267,Sobel,ideal_lowpass,3,True,10.0,0.6,2.9830119609832764,15,25,27
noise_curve,IMG_0267,Sobel,ideal_lowpass,3,True,20.0,0.6,3.242272138595581,15,25,31
noise_curve,IMG_0267,LoG,ideal_lowpass,3,True,0.0,0.5757575757575758,2.865086555480957,19,33,45
noise_curve,IMG_0267,LoG,ideal_lowpass,3,True,5.0,0.6363636363636364,3.231825828552246,21,33,49
noise_curve,IMG_0267,LoG,ideal_lowpass,3,True,10.0,0.6363636363636364,3.4452474117279053,21,33,49
noise_curve,IMG_0267,LoG,ideal_lowpass,3,True,20.0,0.6363636363636364,3.710031270980835,21,33,47
noise_curve,IMG_0267,Harris,ideal_lowpass,3,True,0.0,0.5,2.6583971977233887,42,84,90
noise_curve,IMG_0267,Harris,ideal_lowpass,3,True,5.0,0.4880952380952381,2.5791265964508057,41,84,88
noise_curve,IMG_0267,Harris,ideal_lowpass,3,True,10.0,0.5238095238095238,2.839024305343628,44,84,96
noise_curve,IMG_0267,Harris,ideal_lowpass,3,True,20.0,0.4880952380952381,2.7376677989959717,41,84,95
noise_curve,IMG_0267,Shi-Tomasi,ideal_lowpass,3,True,0.0,0.47540983606557374,2.6374270915985107,29,61,75
noise_curve,IMG_0267,Shi-Tomasi,ideal_lowpass,3,True,5.0,0.45901639344262296,2.815420389175415,28,61,81
noise_curve,IMG_0267,Shi-Tomasi,ideal_lowpass,3,True,10.0,0.4426229508196721,2.7486932277679443,27,61,87
noise_curve,IMG_0267,Shi-Tomasi,ideal_lowpass,3,True,20.0,0.5245901639344263,2.8711706399917603,32,61,92
noise_curve,IMG_0267,SIFT,ideal_lowpass,3,True,0.0,0.6111111111111112,2.5778820514678955,11,18,52
noise_curve,IMG_0267,SIFT,ideal_lowpass,3,True,5.0,0.6666666666666666,3.002671480178833,12,18,54
noise_curve,IMG_0267,SIFT,ideal_lowpass,3,True,10.0,0.6666666666666666,3.0075734853744507,12,18,55
noise_curve,IMG_0267,SIFT,ideal_lowpass,3,True,20.0,0.6666666666666666,3.3099478483200073,12,18,53
noise_curve,IMG_0267,Sobel,gaussian_lowpass,3,True,0.0,0.6666666666666666,1.7796323895454407,18,32,27
noise_curve,IMG_0267,Sobel,gaussian_lowpass,3,True,5.0,0.5357142857142857,2.337615966796875,15,32,28
noise_curve,IMG_0267,Sobel,gaussian_lowpass,3,True,10.0,0.5806451612903226,2.0750638246536255,18,32,31
noise_curve,IMG_0267,Sobel,gaussian_lowpass,3,True,20.0,0.5666666666666667,2.337615966796875,17,32,30
noise_curve,IMG_0267,LoG,gaussian_lowpass,3,True,0.0,0.5675675675675675,2.631850004196167,21,37,59
noise_curve,IMG_0267,LoG,gaussian_lowpass,3,True,5.0,0.5675675675675675,2.631850004196167,21,37,56
noise_curve,IMG_0267,LoG,gaussian_lowpass,3,True,10.0,0.5945945945945946,2.2170350551605225,22,37,53
noise_curve,IMG_0267,LoG,gaussian_lowpass,3,True,20.0,0.5675675675675675,2.2171530723571777,21,37,61
noise_curve,IMG_0267,Harris,gaussian_lowpass,3,True,0.0,0.5789473684210527,2.8932266235351562,33,57,75
noise_curve,IMG_0267,Harris,gaussian_lowpass,3,True,5.0,0.5263157894736842,2.7509602308273315,30,57,73
noise_curve,IMG_0267,Harris,gaussian_lowpass,3,True,10.0,0.5087719298245614,2.356541633605957,29,57,73
noise_curve,IMG_0267,Harris,gaussian_lowpass,3,True,20.0,0.5789473684210527,2.842724084854126,33,57,83
noise_curve,IMG_0267,Shi-Tomasi,gaussian_lowpass,3,True,0.0,0.5964912280701754,2.7024911642074585,34,57,75
noise_curve,IMG_0267,Shi-Tomasi,gaussian_lowpass,3,True,5.0,0.5614035087719298,2.7024911642074585,32,57,74
noise_curve,IMG_0267,Shi-Tomasi,gaussian_lowpass,3,True,10.0,0.5087719298245614,2.3842504024505615,29,57,69
noise_curve,IMG_0267,Shi-Tomasi,gaussian_lowpass,3,True,20.0,0.45614035087719296,2.8277496099472046,26,57,75
noise_curve,IMG_0267,SIFT,gaussian_lowpass,3,True,0.0,0.45,2.6517863273620605,9,20,49
noise_curve,IMG_0267,SIFT,gaussian_lowpass,3,True,5.0,0.45,2.630009889602661,9,20,49
noise_curve,IMG_0267,SIFT,gaussian_lowpass,3,True,10.0,0.45,2.602273464202881,9,20,48
noise_curve,IMG_0267,SIFT,gaussian_lowpass,3,True,20.0,0.4,2.5324078798294067,8,20,46
noise_curve,IMG_0267,Sobel,ideal_highpass,3,True,0.0,0.625,2.1902337074279785,35,56,88
noise_curve,IMG_0267,Sobel,ideal_highpass,3,True,5.0,0.6428571428571429,2.100653290748596,36,56,91
noise_curve,IMG_0267,Sobel,ideal_highpass,3,True,10.0,0.6785714285714286,1.996039867401123,38,56,96
noise_curve,IMG_0267,Sobel,ideal_highpass,3,True,20.0,0.6071428571428571,2.1169111728668213,34,56,86
noise_curve,IMG_0267,LoG,ideal_highpass,3,True,0.0,0.6138613861386139,2.476622700691223,62,101,137
noise_curve,IMG_0267,LoG,ideal_highpass,3,True,5.0,0.5841584158415841,2.5197744369506836,59,101,136
noise_curve,IMG_0267,LoG,ideal_highpass,3,True,10.0,0.5841584158415841,2.6011910438537598,59,101,134
noise_curve,IMG_0267,LoG,ideal_highpass,3,True,20.0,0.5841584158415841,2.6244983673095703,59,101,122
noise_curve,IMG_0267,Harris,ideal_highpass,3,True,0.0,0.5714285714285714,2.721263885498047,56,98,147
noise_curve,IMG_0267,Harris,ideal_highpass,3,True,5.0,0.6122448979591837,2.783214807510376,60,98,154
noise_curve,IMG_0267,Harris,ideal_highpass,3,True,10.0,0.6326530612244898,2.9332422018051147,62,98,145
noise_curve,IMG_0267,Harris,ideal_highpass,3,True,20.0,0.5816326530612245,2.6012775897979736,57,98,172
noise_curve,IMG_0267,Shi-Tomasi,ideal_highpass,3,True,0.0,0.5063291139240507,2.48965060710907,40,79,107
noise_curve,IMG_0267,Shi-Tomasi,ideal_highpass,3,True,5.0,0.5063291139240507,2.844371795654297,40,79,111
noise_curve,IMG_0267,Shi-Tomasi,ideal_highpass,3,True,10.0,0.5063291139240507,2.6067843437194824,40,79,110
noise_curve,IMG_0267,Shi-Tomasi,ideal_highpass,3,True,20.0,0.5316455696202531,2.613462209701538,42,79,122
noise_curve,IMG_0267,SIFT,ideal_highpass,3,True,0.0,0.5789473684210527,2.571532726287842,11,19,52
noise_curve,IMG_0267,SIFT,ideal_highpass,3,True,5.0,0.47368421052631576,2.5847575664520264,9,19,55
noise_curve,IMG_0267,SIFT,ideal_highpass,3,True,10.0,0.5263157894736842,2.287956476211548,10,19,57
noise_curve,IMG_0267,SIFT,ideal_highpass,3,True,20.0,0.5263157894736842,2.458471417427063,10,19,65
noise_curve,IMG_0267,Sobel,gaussian_highpass,3,True,0.0,0.7142857142857143,2.5474934577941895,35,49,79
noise_curve,IMG_0267,Sobel,gaussian_highpass,3,True,5.0,0.6122448979591837,2.035598635673523,30,49,81
noise_curve,IMG_0267,Sobel,gaussian_highpass,3,True,10.0,0.6122448979591837,2.2149003744125366,30,49,78
noise_curve,IMG_0267,Sobel,gaussian_highpass,3,True,20.0,0.7142857142857143,2.044121503829956,35,49,87
noise_curve,IMG_0267,LoG,gaussian_highpass,3,True,0.0,0.5714285714285714,2.1346086263656616,56,98,129
noise_curve,IMG_0267,LoG,gaussian_highpass,3,True,5.0,0.5918367346938775,2.1302050352096558,58,98,126
noise_curve,IMG_0267,LoG,gaussian_highpass,3,True,10.0,0.5306122448979592,2.1518439054489136,52,98,116
noise_curve,IMG_0267,LoG,gaussian_highpass,3,True,20.0,0.5408163265306123,2.650718927383423,53,98,116
noise_curve,IMG_0267,Harris,gaussian_highpass,3,True,0.0,0.5673076923076923,2.43788743019104,59,104,159
noise_curve,IMG_0267,Harris,gaussian_highpass,3,True,5.0,0.5192307692307693,2.5367984771728516,54,104,150
noise_curve,IMG_0267,Harris,gaussian_highpass,3,True,10.0,0.6153846153846154,2.721263885498047,64,104,151
noise_curve,IMG_0267,Harris,gaussian_highpass,3,True,20.0,0.6346153846153846,2.59973680973053,66,104,168
noise_curve,IMG_0267,Shi-Tomasi,gaussian_highpass,3,True,0.0,0.6,2.548248291015625,51,85,120
noise_curve,IMG_0267,Shi-Tomasi,gaussian_highpass,3,True,5.0,0.5529411764705883,2.731060743331909,47,85,118
noise_curve,IMG_0267,Shi-Tomasi,gaussian_highpass,3,True,10.0,0.5411764705882353,2.721397280693054,46,85,119
noise_curve,IMG_0267,Shi-Tomasi,gaussian_highpass,3,True,20.0,0.5058823529411764,2.72737717628479,43,85,125
noise_curve,IMG_0267,SIFT,gaussian_highpass,3,True,0.0,0.47368421052631576,3.3493919372558594,9,19,51
noise_curve,IMG_0267,SIFT,gaussian_highpass,3,True,5.0,0.47368421052631576,3.35430645942688,9,19,56
noise_curve,IMG_0267,SIFT,gaussian_highpass,3,True,10.0,0.47368421052631576,2.5103578567504883,9,19,57
noise_curve,IMG_0267,SIFT,gaussian_highpass,3,True,20.0,0.3684210526315789,2.480562210083008,7,19,53
noise_curve,IMG_0268,Sobel,none,3,True,0.0,0.4418604651162791,2.411740779876709,19,43,45
noise_curve,IMG_0268,Sobel,none,3,True,5.0,0.5116279069767442,2.52462100982666,22,43,49
noise_curve,IMG_0268,Sobel,none,3,True,10.0,0.5348837209302325,2.411740779876709,23,43,52
noise_curve,IMG_0268,Sobel,none,3,True,20.0,0.5813953488372093,2.6375012397766113,25,43,65
noise_curve,IMG_0268,LoG,none,3,True,0.0,0.515625,1.922396183013916,33,64,80
noise_curve,IMG_0268,LoG,none,3,True,5.0,0.5625,2.3019222021102905,36,64,90
noise_curve,IMG_0268,LoG,none,3,True,10.0,0.578125,2.503701686859131,37,64,95
noise_curve,IMG_0268,LoG,none,3,True,20.0,0.65625,2.4067904949188232,42,64,121
noise_curve,IMG_0268,Harris,none,3,True,0.0,0.5308641975308642,2.546862840652466,43,81,123
noise_curve,IMG_0268,Harris,none,3,True,5.0,0.5061728395061729,2.1959288120269775,41,81,124
noise_curve,IMG_0268,Harris,none,3,True,10.0,0.5061728395061729,2.3703713417053223,41,81,122
noise_curve,IMG_0268,Harris,none,3,True,20.0,0.5925925925925926,2.6116106510162354,48,81,159
noise_curve,IMG_0268,Shi-Tomasi,none,3,True,0.0,0.45,2.3407517671585083,36,80,101
noise_curve,IMG_0268,Shi-Tomasi,none,3,True,5.0,0.375,2.4267826080322266,30,80,102
noise_curve,IMG_0268,Shi-Tomasi,none,3,True,10.0,0.4,2.320315957069397,32,80,102
noise_curve,IMG_0268,Shi-Tomasi,none,3,True,20.0,0.475,2.5893776416778564,38,80,115
noise_curve,IMG_0268,SIFT,none,3,True,0.0,0.5,2.1420634388923645,8,16,39
noise_curve,IMG_0268,SIFT,none,3,True,5.0,0.625,2.4647014141082764,10,16,45
noise_curve,IMG_0268,SIFT,none,3,True,10.0,0.625,2.4055299758911133,10,16,45
noise_curve,IMG_0268,SIFT,none,3,True,20.0,0.5625,1.3681873083114624,9,16,46
noise_curve,IMG_0268,Sobel,ideal_lowpass,3,True,0.0,0.36363636363636365,2.969437003135681,8,25,22
noise_curve,IMG_0268,Sobel,ideal_lowpass,3,True,5.0,0.36363636363636365,2.6667035818099976,8,25,22
noise_curve,IMG_0268,Sobel,ideal_lowpass,3,True,10.0,0.375,2.758843183517456,9,25,24
noise_curve,IMG_0268,Sobel,ideal_lowpass,3,True,20.0,0.32,2.473347783088684,8,25,26
noise_curve,IMG_0268,LoG,ideal_lowpass,3,True,0.0,0.42424242424242425,2.1498449444770813,14,33,57
noise_curve,IMG_0268,LoG,ideal_lowpass,3,True,5.0,0.3939393939393939,1.76255202293396,13,33,54
noise_curve,IMG_0268,LoG,ideal_lowpass,3,True,10.0,0.42424242424242425,1.8347304463386536,14,33,53
noise_curve,IMG_0268,LoG,ideal_lowpass,3,True,20.0,0.42424242424242425,1.9422203302383423,14,33,57
noise_curve,IMG_0268,Harris,ideal_lowpass,3,True,0.0,0.46153846153846156,2.7811903953552246,36,78,88
noise_curve,IMG_0268,Harris,ideal_lowpass,3,True,5.0,0.4358974358974359,2.7289472818374634,34,78,86
noise_curve,IMG_0268,Harris,ideal_lowpass,3,True,10.0,0.5,2.7410669326782227,39,78,89
noise_curve,IMG_0268,Harris,ideal_lowpass,3,True,20.0,0.47435897435897434,2.7532095909118652,37,78,85
noise_curve,IMG_0268,Shi-Tomasi,ideal_lowpass,3,True,0.0,0.4918032786885246,2.712796926498413,30,61,84
noise_curve,IMG_0268,Shi-Tomasi,ideal_lowpass,3,True,5.0,0.4918032786885246,2.54647433757782,30,61,83
noise_curve,IMG_0268,Shi-Tomasi,ideal_lowpass,3,True,10.0,0.4426229508196721,2.5160458087921143,27,61,78
noise_curve,IMG_0268,Shi-Tomasi,ideal_lowpass,3,True,20.0,0.4426229508196721,2.5769028663635254,27,61,90
noise_curve,IMG_0268,SIFT,ideal_lowpass,3,True,0.0,0.4444444444444444,2.382577061653137,8,18,41
noise_curve,IMG_0268,SIFT,ideal_lowpass,3,True,5.0,0.4444444444444444,2.1278716325759888,8,18,42
noise_curve,IMG_0268,SIFT,ideal_lowpass,3,True,10.0,0.4444444444444444,2.0598023533821106,8,18,41
noise_curve,IMG_0268,SIFT,ideal_lowpass,3,True,20.0,0.5,2.151157855987549,9,18,40
noise_curve,IMG_0268,Sobel,gaussian_lowpass,3,True,0.0,0.34782608695652173,2.4408375024795532,8,32,23
noise_curve,IMG_0268,Sobel,gaussian_lowpass,3,True,5.0,0.43478260869565216,2.554190516471863,10,32,23
noise_curve,IMG_0268,Sobel,gaussian_lowpass,3,True,10.0,0.4444444444444444,2.145542025566101,12,32,27
noise_curve,IMG_0268,Sobel,gaussian_lowpass,3,True,20.0,0.5185185185185185,2.4388511180877686,14,32,27
noise_curve,IMG_0268,LoG,gaussian_lowpass,3,True,0.0,0.43243243243243246,2.6284955739974976,16,37,57
noise_curve,IMG_0268,LoG,gaussian_lowpass,3,True,5.0,0.4594594594594595,2.8168747425079346,17,37,57
noise_curve,IMG_0268,LoG,gaussian_lowpass,3,True,10.0,0.43243243243243246,2.7029643058776855,16,37,57
noise_curve,IMG_0268,LoG,gaussian_lowpass,3,True,20.0,0.43243243243243246,2.378676414489746,16,37,63
noise_curve,IMG_0268,Harris,gaussian_lowpass,3,True,0.0,0.5,2.46651554107666,30,60,73
noise_curve,IMG_0268,Harris,gaussian_lowpass,3,True,5.0,0.5166666666666667,2.662015199661255,31,60,70
noise_curve,IMG_0268,Harris,gaussian_lowpass,3,True,10.0,0.45,2.1794238090515137,27,60,68
noise_curve,IMG_0268,Harris,gaussian_lowpass,3,True,20.0,0.48333333333333334,3.0345113277435303,29,60,76
noise_curve,IMG_0268,Shi-Tomasi,gaussian_lowpass,3,True,0.0,0.5245901639344263,2.6246975660324097,32,61,65
noise_curve,IMG_0268,Shi-Tomasi,gaussian_lowpass,3,True,5.0,0.5081967213114754,2.7116007804870605,31,61,69
noise_curve,IMG_0268,Shi-Tomasi,gaussian_lowpass,3,True,10.0,0.4918032786885246,2.439982056617737,30,61,70
noise_curve,IMG_0268,Shi-Tomasi,gaussian_lowpass,3,True,20.0,0.5737704918032787,3.028062343597412,35,61,77
noise_curve,IMG_0268,SIFT,gaussian_lowpass,3,True,0.0,0.5,2.559034526348114,10,20,37
noise_curve,IMG_0268,SIFT,gaussian_lowpass,3,True,5.0,0.4,2.5783867835998535,8,20,42
noise_curve,IMG_0268,SIFT,gaussian_lowpass,3,True,10.0,0.35,2.2959790229797363,7,20,43
noise_curve,IMG_0268,SIFT,gaussian_lowpass,3,True,20.0,0.25,1.5354409217834473,5,20,47
noise_curve,IMG_0268,Sobel,ideal_highpass,3,True,0.0,0.603448275862069,2.293776512145996,35,58,92
noise_curve,IMG_0268,Sobel,ideal_highpass,3,True,5.0,0.6896551724137931,2.458116888999939,40,58,92
noise_curve,IMG_0268,Sobel,ideal_highpass,3,True,10.0,0.6379310344827587,2.447411060333252,37,58,87
noise_curve,IMG_0268,Sobel,ideal_highpass,3,True,20.0,0.6379310344827587,2.4003756046295166,37,58,102
noise_curve,IMG_0268,LoG,ideal_highpass,3,True,0.0,0.5151515151515151,2.586336135864258,51,99,127
noise_curve,IMG_0268,LoG,ideal_highpass,3,True,5.0,0.5555555555555556,2.8239076137542725,55,99,125
noise_curve,IMG_0268,LoG,ideal_highpass,3,True,10.0,0.5656565656565656,2.9037235975265503,56,99,132
noise_curve,IMG_0268,LoG,ideal_highpass,3,True,20.0,0.5757575757575758,2.8239076137542725,57,99,132
noise_curve,IMG_0268,Harris,ideal_highpass,3,True,0.0,0.4752475247524752,2.478008508682251,48,101,133
noise_curve,IMG_0268,Harris,ideal_highpass,3,True,5.0,0.49504950495049505,2.5587159395217896,50,101,139
noise_curve,IMG_0268,Harris,ideal_highpass,3,True,10.0,0.5544554455445545,2.5626134872436523,56,101,156
noise_curve,IMG_0268,Harris,ideal_highpass,3,True,20.0,0.5148514851485149,2.6514021158218384,52,101,189
noise_curve,IMG_0268,Shi-Tomasi,ideal_highpass,3,True,0.0,0.4935064935064935,3.085220694541931,38,77,104
noise_curve,IMG_0268,Shi-Tomasi,ideal_highpass,3,True,5.0,0.4675324675324675,2.944281220436096,36,77,98
noise_curve,IMG_0268,Shi-Tomasi,ideal_highpass,3,True,10.0,0.4935064935064935,2.7339234352111816,38,77,102
noise_curve,IMG_0268,Shi-Tomasi,ideal_highpass,3,True,20.0,0.5584415584415584,2.69705867767334,43,77,138
noise_curve,IMG_0268,SIFT,ideal_highpass,3,True,0.0,0.5,4.105476379394531,9,18,57
noise_curve,IMG_0268,SIFT,ideal_highpass,3,True,5.0,0.5555555555555556,4.03168797492981,10,18,62
noise_curve,IMG_0268,SIFT,ideal_highpass,3,True,10.0,0.3888888888888889,4.017714023590088,7,18,60
noise_curve,IMG_0268,SIFT,ideal_highpass,3,True,20.0,0.5,2.8004581928253174,9,18,52
noise_curve,IMG_0268,Sobel,gaussian_highpass,3,True,0.0,0.58,2.825148820877075,29,50,82
noise_curve,IMG_0268,Sobel,gaussian_highpass,3,True,5.0,0.58,2.5528650283813477,29,50,86
noise_curve,IMG_0268,Sobel,gaussian_highpass,3,True,10.0,0.62,3.062803030014038,31,50,88
noise_curve,IMG_0268,Sobel,gaussian_highpass,3,True,20.0,0.52,2.476080060005188,26,50,92
noise_curve,IMG_0268,LoG,gaussian_highpass,3,True,0.0,0.5425531914893617,2.817950963973999,51,94,125
noise_curve,IMG_0268,LoG,gaussian_highpass,3,True,5.0,0.5319148936170213,2.867790699005127,50,94,130
noise_curve,IMG_0268,LoG,gaussian_highpass,3,True,10.0,0.5212765957446809,3.083916425704956,49,94,124
noise_curve,IMG_0268,LoG,gaussian_highpass,3,True,20.0,0.5319148936170213,3.054476737976074,50,94,143
noise_curve,IMG_0268,Harris,gaussian_highpass,3,True,0.0,0.56,2.734567165374756,56,100,155
noise_curve,IMG_0268,Harris,gaussian_highpass,3,True,5.0,0.53,2.608846664428711,53,100,160
noise_curve,IMG_0268,Harris,gaussian_highpass,3,True,10.0,0.55,2.636104106903076,55,100,157
noise_curve,IMG_0268,Harris,gaussian_highpass,3,True,20.0,0.54,2.842640519142151,54,100,186
noise_curve,IMG_0268,Shi-Tomasi,gaussian_highpass,3,True,0.0,0.4470588235294118,2.794962525367737,38,85,120
noise_curve,IMG_0268,Shi-Tomasi,gaussian_highpass,3,True,5.0,0.49411764705882355,2.794962525367737,42,85,113
noise_curve,IMG_0268,Shi-Tomasi,gaussian_highpass,3,True,10.0,0.4823529411764706,2.7719740867614746,41,85,109
noise_curve,IMG_0268,Shi-Tomasi,gaussian_highpass,3,True,20.0,0.5294117647058824,2.7719740867614746,45,85,140
noise_curve,IMG_0268,SIFT,gaussian_highpass,3,True,0.0,0.3684210526315789,2.989405632019043,7,19,62
noise_curve,IMG_0268,SIFT,gaussian_highpass,3,True,5.0,0.42105263157894735,2.837391972541809,8,19,62
noise_curve,IMG_0268,SIFT,gaussian_highpass,3,True,10.0,0.5263157894736842,2.2696414589881897,10,19,68
noise_curve,IMG_0268,SIFT,gaussian_highpass,3,True,20.0,0.42105263157894735,3.4192434549331665,8,19,65
noise_curve,IMG_0269,Sobel,none,3,True,0.0,0.5897435897435898,2.6550238132476807,23,39,47
noise_curve,IMG_0269,Sobel,none,3,True,5.0,0.5641025641025641,2.8119373321533203,22,39,46
noise_curve,IMG_0269,Sobel,none,3,True,10.0,0.5897435897435898,2.96885085105896,23,39,49
noise_curve,IMG_0269,Sobel,none,3,True,20.0,0.6666666666666666,2.880131244659424,26,39,60
noise_curve,IMG_0269,LoG,none,3,True,0.0,0.5409836065573771,1.9806612730026245,33,61,79
noise_curve,IMG_0269,LoG,none,3,True,5.0,0.5409836065573771,1.9368606805801392,33,61,85
noise_curve,IMG_0269,LoG,none,3,True,10.0,0.5573770491803278,1.9269719123840332,34,61,95
noise_curve,IMG_0269,LoG,none,3,True,20.0,0.5573770491803278,2.2986245155334473,34,61,104
noise_curve,IMG_0269,Harris,none,3,True,0.0,0.5333333333333333,2.4634071588516235,40,75,121
noise_curve,IMG_0269,Harris,none,3,True,5.0,0.5466666666666666,2.4446451663970947,41,75,129
noise_curve,IMG_0269,Harris,none,3,True,10.0,0.49333333333333335,2.4484660625457764,37,75,128
noise_curve,IMG_0269,Harris,none,3,True,20.0,0.48,2.6000890731811523,36,75,142
noise_curve,IMG_0269,Shi-Tomasi,none,3,True,0.0,0.4864864864864865,2.810758590698242,36,74,99
noise_curve,IMG_0269,Shi-Tomasi,none,3,True,5.0,0.5135135135135135,2.6880857944488525,38,74,105
noise_curve,IMG_0269,Shi-Tomasi,none,3,True,10.0,0.4864864864864865,2.483555555343628,36,74,105
noise_curve,IMG_0269,Shi-Tomasi,none,3,True,20.0,0.527027027027027,2.8765175342559814,39,74,116
noise_curve,IMG_0269,SIFT,none,3,True,0.0,0.7058823529411765,1.7373566627502441,12,17,55
noise_curve,IMG_0269,SIFT,none,3,True,5.0,0.7058823529411765,2.164717972278595,12,17,56
noise_curve,IMG_0269,SIFT,none,3,True,10.0,0.7647058823529411,2.467451572418213,13,17,57
noise_curve,IMG_0269,SIFT,none,3,True,20.0,0.7058823529411765,1.7081732749938965,12,17,51
noise_curve,IMG_0269,Sobel,ideal_lowpass,3,True,0.0,0.48,2.8659340143203735,12,25,34
noise_curve,IMG_0269,Sobel,ideal_lowpass,3,True,5.0,0.48,2.5986170768737793,12,25,33
noise_curve,IMG_0269,Sobel,ideal_lowpass,3,True,10.0,0.44,2.510667324066162,11,25,34
noise_curve,IMG_0269,Sobel,ideal_lowpass,3,True,20.0,0.44,2.510667324066162,11,25,35
noise_curve,IMG_0269,LoG,ideal_lowpass,3,True,0.0,0.5151515151515151,2.9158151149749756,17,33,52
noise_curve,IMG_0269,LoG,ideal_lowpass,3,True,5.0,0.5151515151515151,2.9386789798736572,17,33,54
noise_curve,IMG_0269,LoG,ideal_lowpass,3,True,10.0,0.48484848484848486,2.8466811180114746,16,33,54
noise_curve,IMG_0269,LoG,ideal_lowpass,3,True,20.0,0.45454545454545453,3.23140549659729,15,33,50
noise_curve,IMG_0269,Harris,ideal_lowpass,3,True,0.0,0.43529411764705883,2.5398809909820557,37,85,89
noise_curve,IMG_0269,Harris,ideal_lowpass,3,True,5.0,0.43529411764705883,2.5938355922698975,37,85,88
noise_curve,IMG_0269,Harris,ideal_lowpass,3,True,10.0,0.4588235294117647,2.7148005962371826,39,85,89
noise_curve,IMG_0269,Harris,ideal_lowpass,3,True,20.0,0.4823529411764706,2.563777208328247,41,85,96
noise_curve,IMG_0269,Shi-Tomasi,ideal_lowpass,3,True,0.0,0.5166666666666667,2.7921142578125,31,60,78
noise_curve,IMG_0269,Shi-Tomasi,ideal_lowpass,3,True,5.0,0.5,2.865383744239807,30,60,78
noise_curve,IMG_0269,Shi-Tomasi,ideal_lowpass,3,True,10.0,0.4666666666666667,2.666853666305542,28,60,73
noise_curve,IMG_0269,Shi-Tomasi,ideal_lowpass,3,True,20.0,0.5166666666666667,2.7921142578125,31,60,81
noise_curve,IMG_0269,SIFT,ideal_lowpass,3,True,0.0,0.47058823529411764,2.8978224992752075,8,17,60
noise_curve,IMG_0269,SIFT,ideal_lowpass,3,True,5.0,0.5294117647058824,3.067349433898926,9,17,59
noise_curve,IMG_0269,SIFT,ideal_lowpass,3,True,10.0,0.5294117647058824,2.910475969314575,9,17,59
noise_curve,IMG_0269,SIFT,ideal_lowpass,3,True,20.0,0.5294117647058824,2.7249417304992676,9,17,58
noise_curve,IMG_0269,Sobel,gaussian_lowpass,3,True,0.0,0.5333333333333333,2.6802910566329956,16,32,30
noise_curve,IMG_0269,Sobel,gaussian_lowpass,3,True,5.0,0.6333333333333333,2.8501667976379395,19,32,30
noise_curve,IMG_0269,Sobel,gaussian_lowpass,3,True,10.0,0.5862068965517241,2.803997039794922,17,32,29
noise_curve,IMG_0269,Sobel,gaussian_lowpass,3,True,20.0,0.5483870967741935,2.3263607025146484,17,32,31
noise_curve,IMG_0269,LoG,gaussian_lowpass,3,True,0.0,0.6216216216216216,2.58743953704834,23,37,61
noise_curve,IMG_0269,LoG,gaussian_lowpass,3,True,5.0,0.5675675675675675,2.4831531047821045,21,37,59
noise_curve,IMG_0269,LoG,gaussian_lowpass,3,True,10.0,0.5675675675675675,2.492155075073242,21,37,59
noise_curve,IMG_0269,LoG,gaussian_lowpass,3,True,20.0,0.5675675675675675,2.404078245162964,21,37,60
noise_curve,IMG_0269,Harris,gaussian_lowpass,3,True,0.0,0.509090909090909,2.5772616863250732,28,55,76
noise_curve,IMG_0269,Harris,gaussian_lowpass,3,True,5.0,0.5818181818181818,2.3743152618408203,32,55,81
noise_curve,IMG_0269,Harris,gaussian_lowpass,3,True,10.0,0.5636363636363636,2.4702718257904053,31,55,76
noise_curve,IMG_0269,Harris,gaussian_lowpass,3,True,20.0,0.5454545454545454,2.3743152618408203,30,55,83
noise_curve,IMG_0269,Shi-Tomasi,gaussian_lowpass,3,True,0.0,0.49056603773584906,2.410197615623474,26,53,80
noise_curve,IMG_0269,Shi-Tomasi,gaussian_lowpass,3,True,5.0,0.49056603773584906,2.383514642715454,26,53,78
noise_curve,IMG_0269,Shi-Tomasi,gaussian_lowpass,3,True,10.0,0.49056603773584906,2.4307501316070557,26,53,76
noise_curve,IMG_0269,Shi-Tomasi,gaussian_lowpass,3,True,20.0,0.4716981132075472,2.358002185821533,25,53,77
noise_curve,IMG_0269,SIFT,gaussian_lowpass,3,True,0.0,0.5,3.312896251678467,10,20,54
noise_curve,IMG_0269,SIFT,gaussian_lowpass,3,True,5.0,0.5,3.3238959312438965,10,20,53
noise_curve,IMG_0269,SIFT,gaussian_lowpass,3,True,10.0,0.45,3.238671064376831,9,20,53
noise_curve,IMG_0269,SIFT,gaussian_lowpass,3,True,20.0,0.45,2.9881556034088135,9,20,50
noise_curve,IMG_0269,Sobel,ideal_highpass,3,True,0.0,0.5357142857142857,2.540523886680603,30,56,83
noise_curve,IMG_0269,Sobel,ideal_highpass,3,True,5.0,0.6071428571428571,2.3559765815734863,34,56,91
noise_curve,IMG_0269,Sobel,ideal_highpass,3,True,10.0,0.6428571428571429,2.5593698024749756,36,56,93
noise_curve,IMG_0269,Sobel,ideal_highpass,3,True,20.0,0.6607142857142857,2.954575538635254,37,56,105
noise_curve,IMG_0269,LoG,ideal_highpass,3,True,0.0,0.5851063829787234,2.281682252883911,55,94,146
noise_curve,IMG_0269,LoG,ideal_highpass,3,True,5.0,0.6170212765957447,2.3397555351257324,58,94,149
noise_curve,IMG_0269,LoG,ideal_highpass,3,True,10.0,0.574468085106383,2.4918922185897827,54,94,144
noise_curve,IMG_0269,LoG,ideal_highpass,3,True,20.0,0.5531914893617021,2.3326802253723145,52,94,152
noise_curve,IMG_0269,Harris,ideal_highpass,3,True,0.0,0.6593406593406593,2.858907103538513,60,91,164
noise_curve,IMG_0269,Harris,ideal_highpass,3,True,5.0,0.6813186813186813,2.9675596952438354,62,91,157
noise_curve,IMG_0269,Harris,ideal_highpass,3,True,10.0,0.6483516483516484,2.7392427921295166,59,91,161
noise_curve,IMG_0269,Harris,ideal_highpass,3,True,20.0,0.6703296703296703,2.669689416885376,61,91,177
noise_curve,IMG_0269,Shi-Tomasi,ideal_highpass,3,True,0.0,0.5068493150684932,2.6547412872314453,37,73,125
noise_curve,IMG_0269,Shi-Tomasi,ideal_highpass,3,True,5.0,0.5753424657534246,2.68437922000885,42,73,129
noise_curve,IMG_0269,Shi-Tomasi,ideal_highpass,3,True,10.0,0.5753424657534246,2.762818217277527,42,73,129
noise_curve,IMG_0269,Shi-Tomasi,ideal_highpass,3,True,20.0,0.6301369863013698,2.2806477546691895,46,73,139
noise_curve,IMG_0269,SIFT,ideal_highpass,3,True,0.0,0.3888888888888889,2.518514633178711,7,18,55
noise_curve,IMG_0269,SIFT,ideal_highpass,3,True,5.0,0.4444444444444444,2.568224787712097,8,18,54
noise_curve,IMG_0269,SIFT,ideal_highpass,3,True,10.0,0.5,2.508148193359375,9,18,51
noise_curve,IMG_0269,SIFT,ideal_highpass,3,True,20.0,0.6666666666666666,2.8279571533203125,12,18,58
noise_curve,IMG_0269,Sobel,gaussian_highpass,3,True,0.0,0.717391304347826,2.065195083618164,33,46,84
noise_curve,IMG_0269,Sobel,gaussian_highpass,3,True,5.0,0.6521739130434783,2.161454916000366,30,46,89
noise_curve,IMG_0269,Sobel,gaussian_highpass,3,True,10.0,0.6956521739130435,2.5641696453094482,32,46,93
noise_curve,IMG_0269,Sobel,gaussian_highpass,3,True,20.0,0.6739130434782609,2.4575822353363037,31,46,96
noise_curve,IMG_0269,LoG,gaussian_highpass,3,True,0.0,0.4945054945054945,2.4744086265563965,45,91,137
noise_curve,IMG_0269,LoG,gaussian_highpass,3,True,5.0,0.5494505494505495,2.4214993715286255,50,91,142
noise_curve,IMG_0269,LoG,gaussian_highpass,3,True,10.0,0.5164835164835165,2.3635430335998535,47,91,146
noise_curve,IMG_0269,LoG,gaussian_highpass,3,True,20.0,0.5384615384615384,2.42427921295166,49,91,155
noise_curve,IMG_0269,Harris,gaussian_highpass,3,True,0.0,0.5625,2.77833890914917,54,96,164
noise_curve,IMG_0269,Harris,gaussian_highpass,3,True,5.0,0.5729166666666666,2.7588579654693604,55,96,161
noise_curve,IMG_0269,Harris,gaussian_highpass,3,True,10.0,0.6145833333333334,2.7588579654693604,59,96,170
noise_curve,IMG_0269,Harris,gaussian_highpass,3,True,20.0,0.625,2.616419553756714,60,96,177
noise_curve,IMG_0269,Shi-Tomasi,gaussian_highpass,3,True,0.0,0.5189873417721519,2.7389931678771973,41,79,126
noise_curve,IMG_0269,Shi-Tomasi,gaussian_highpass,3,True,5.0,0.5822784810126582,2.781612753868103,46,79,135
noise_curve,IMG_0269,Shi-Tomasi,gaussian_highpass,3,True,10.0,0.5443037974683544,2.9431865215301514,43,79,138
noise_curve,IMG_0269,Shi-Tomasi,gaussian_highpass,3,True,20.0,0.5316455696202531,2.9131789207458496,42,79,132
noise_curve,IMG_0269,SIFT,gaussian_highpass,3,True,0.0,0.35,2.023452043533325,7,20,54
noise_curve,IMG_0269,SIFT,gaussian_highpass,3,True,5.0,0.45,2.0862808227539062,9,20,58
noise_curve,IMG_0269,SIFT,gaussian_highpass,3,True,10.0,0.5,2.1866824626922607,10,20,60
noise_curve,IMG_0269,SIFT,gaussian_highpass,3,True,20.0,0.55,2.4695849418640137,11,20,57
