scope,image_id,method,frequency_filter,pyramid_levels,nms,image_scale,repeatability,localization_error_px,repeated_points,reference_keypoints,scene_keypoints
scale_curve,IMG_0258,Sobel,none,3,True,0.5,0.7575757575757576,1.7839994430541992,25,40,33
scale_curve,IMG_0258,Sobel,none,3,True,0.75,0.925,1.6731069087982178,37,40,69
scale_curve,IMG_0258,Sobel,none,3,True,1.0,0.975,1.9075438976287842,39,40,123
scale_curve,IMG_0258,Sobel,none,3,True,1.25,0.95,1.3485096096992493,38,40,188
scale_curve,IMG_0258,LoG,none,3,True,0.5,0.5483870967741935,2.227687358856201,34,64,62
scale_curve,IMG_0258,LoG,none,3,True,0.75,0.75,2.331133246421814,48,64,109
scale_curve,IMG_0258,LoG,none,3,True,1.0,0.796875,2.389559030532837,51,64,218
scale_curve,IMG_0258,LoG,none,3,True,1.25,0.640625,2.562612295150757,41,64,217
scale_curve,IMG_0258,Harris,none,3,True,0.5,0.47435897435897434,2.46022367477417,37,78,84
scale_curve,IMG_0258,Harris,none,3,True,0.75,0.7948717948717948,2.706757068634033,62,78,168
scale_curve,IMG_0258,Harris,none,3,True,1.0,0.7307692307692307,2.537604570388794,57,78,217
scale_curve,IMG_0258,Harris,none,3,True,1.25,0.717948717948718,2.6219292879104614,56,78,218
scale_curve,IMG_0258,Shi-Tomasi,none,3,True,0.5,0.4647887323943662,2.717341423034668,33,75,71
scale_curve,IMG_0258,Shi-Tomasi,none,3,True,0.75,0.7466666666666667,2.5393519401550293,56,75,151
scale_curve,IMG_0258,Shi-Tomasi,none,3,True,1.0,0.6933333333333334,2.647042751312256,52,75,220
scale_curve,IMG_0258,Shi-Tomasi,none,3,True,1.25,0.7066666666666667,2.4608843326568604,53,75,219
scale_curve,IMG_0258,SIFT,none,3,True,0.5,0.6111111111111112,1.4019688367843628,11,18,42
scale_curve,IMG_0258,SIFT,none,3,True,0.75,0.6666666666666666,1.4118930101394653,12,18,40
scale_curve,IMG_0258,SIFT,none,3,True,1.0,0.5555555555555556,1.4198413491249084,10,18,26
scale_curve,IMG_0258,SIFT,none,3,True,1.25,0.47058823529411764,1.4727146625518799,8,18,17
scale_curve,IMG_0258,Sobel,ideal_lowpass,3,True,0.5,0.625,3.112968683242798,10,28,16
scale_curve,IMG_0258,Sobel,ideal_lowpass,3,True,0.75,0.5714285714285714,2.239726185798645,16,28,36
scale_curve,IMG_0258,Sobel,ideal_lowpass,3,True,1.0,0.7857142857142857,2.8350237607955933,22,28,62
scale_curve,IMG_0258,Sobel,ideal_lowpass,3,True,1.25,0.8214285714285714,2.636687755584717,23,28,87
scale_curve,IMG_0258,LoG,ideal_lowpass,3,True,0.5,0.5217391304347826,3.007943272590637,12,37,23
scale_curve,IMG_0258,LoG,ideal_lowpass,3,True,0.75,0.6756756756756757,2.7386136054992676,25,37,71
scale_curve,IMG_0258,LoG,ideal_lowpass,3,True,1.0,0.5135135135135135,2.4773635864257812,19,37,119
scale_curve,IMG_0258,LoG,ideal_lowpass,3,True,1.25,0.5405405405405406,2.829748272895813,20,37,156
scale_curve,IMG_0258,Harris,ideal_lowpass,3,True,0.5,0.48936170212765956,3.0312905311584473,23,89,47
scale_curve,IMG_0258,Harris,ideal_lowpass,3,True,0.75,0.6067415730337079,2.312445640563965,54,89,115
scale_curve,IMG_0258,Harris,ideal_lowpass,3,True,1.0,0.5842696629213483,2.388207197189331,52,89,214
scale_curve,IMG_0258,Harris,ideal_lowpass,3,True,1.25,0.5730337078651685,2.3796372413635254,51,89,219
scale_curve,IMG_0258,Shi-Tomasi,ideal_lowpass,3,True,0.5,0.4358974358974359,3.1682486534118652,17,67,39
scale_curve,IMG_0258,Shi-Tomasi,ideal_lowpass,3,True,0.75,0.6119402985074627,2.2226719856262207,41,67,112
scale_curve,IMG_0258,Shi-Tomasi,ideal_lowpass,3,True,1.0,0.5671641791044776,3.164693236351013,38,67,170
scale_curve,IMG_0258,Shi-Tomasi,ideal_lowpass,3,True,1.25,0.5522388059701493,2.380764961242676,37,67,218
scale_curve,IMG_0258,SIFT,ideal_lowpass,3,True,0.5,0.5,2.2148046493530273,9,18,50
scale_curve,IMG_0258,SIFT,ideal_lowpass,3,True,0.75,0.6666666666666666,2.007080614566803,12,18,50
scale_curve,IMG_0258,SIFT,ideal_lowpass,3,True,1.0,0.5555555555555556,2.258955955505371,10,18,55
scale_curve,IMG_0258,SIFT,ideal_lowpass,3,True,1.25,0.6666666666666666,1.9246870875358582,12,18,47
scale_curve,IMG_0258,Sobel,gaussian_lowpass,3,True,0.5,0.6521739130434783,2.503431558609009,15,32,23
scale_curve,IMG_0258,Sobel,gaussian_lowpass,3,True,0.75,0.75,1.8162680864334106,24,32,36
scale_curve,IMG_0258,Sobel,gaussian_lowpass,3,True,1.0,0.875,1.7374844551086426,28,32,68
scale_curve,IMG_0258,Sobel,gaussian_lowpass,3,True,1.25,0.9375,1.8673021793365479,30,32,91
scale_curve,IMG_0258,LoG,gaussian_lowpass,3,True,0.5,0.6785714285714286,2.1879329681396484,19,37,28
scale_curve,IMG_0258,LoG,gaussian_lowpass,3,True,0.75,0.8108108108108109,2.0369256734848022,30,37,86
scale_curve,IMG_0258,LoG,gaussian_lowpass,3,True,1.0,0.7567567567567568,1.7526417970657349,28,37,114
scale_curve,IMG_0258,LoG,gaussian_lowpass,3,True,1.25,0.8108108108108109,2.227638602256775,30,37,175
scale_curve,IMG_0258,Harris,gaussian_lowpass,3,True,0.5,0.5208333333333334,1.8953779935836792,25,59,48
scale_curve,IMG_0258,Harris,gaussian_lowpass,3,True,0.75,0.6779661016949152,2.571354389190674,40,59,110
scale_curve,IMG_0258,Harris,gaussian_lowpass,3,True,1.0,0.7457627118644068,2.3207069635391235,44,59,210
scale_curve,IMG_0258,Harris,gaussian_lowpass,3,True,1.25,0.7627118644067796,2.1597118377685547,45,59,218
scale_curve,IMG_0258,Shi-Tomasi,gaussian_lowpass,3,True,0.5,0.4772727272727273,2.064356803894043,21,56,44
scale_curve,IMG_0258,Shi-Tomasi,gaussian_lowpass,3,True,0.75,0.6964285714285714,2.949890613555908,39,56,105
scale_curve,IMG_0258,Shi-Tomasi,gaussian_lowpass,3,True,1.0,0.7142857142857143,2.4585723876953125,40,56,190
scale_curve,IMG_0258,Shi-Tomasi,gaussian_lowpass,3,True,1.25,0.6428571428571429,2.5281081199645996,36,56,218
scale_curve,IMG_0258,SIFT,gaussian_lowpass,3,True,0.5,0.5217391304347826,2.03717839717865,12,23,42
scale_curve,IMG_0258,SIFT,gaussian_lowpass,3,True,0.75,0.6086956521739131,2.0099117159843445,14,23,50
scale_curve,IMG_0258,SIFT,gaussian_lowpass,3,True,1.0,0.5217391304347826,1.790915846824646,12,23,46
scale_curve,IMG_0258,SIFT,gaussian_lowpass,3,True,1.25,0.5217391304347826,2.0109658241271973,12,23,46
scale_curve,IMG_0258,Sobel,ideal_highpass,3,True,0.5,0.5777777777777777,2.2150737047195435,26,57,45
scale_curve,IMG_0258,Sobel,ideal_highpass,3,True,0.75,0.7368421052631579,2.143061399459839,42,57,88
scale_curve,IMG_0258,Sobel,ideal_highpass,3,True,1.0,0.7192982456140351,1.946379542350769,41,57,181
scale_curve,IMG_0258,Sobel,ideal_highpass,3,True,1.25,0.6666666666666666,1.8718451261520386,38,57,219
scale_curve,IMG_0258,LoG,ideal_highpass,3,True,0.5,0.4827586206896552,2.6541500091552734,42,100,87
scale_curve,IMG_0258,LoG,ideal_highpass,3,True,0.75,0.71,2.585934638977051,71,100,159
scale_curve,IMG_0258,LoG,ideal_highpass,3,True,1.0,0.66,2.5441718101501465,66,100,217
scale_curve,IMG_0258,LoG,ideal_highpass,3,True,1.25,0.55,2.7980494499206543,55,100,216
scale_curve,IMG_0258,Harris,ideal_highpass,3,True,0.5,0.45652173913043476,2.4032973051071167,42,96,92
scale_curve,IMG_0258,Harris,ideal_highpass,3,True,0.75,0.7083333333333334,2.570758104324341,68,96,183
scale_curve,IMG_0258,Harris,ideal_highpass,3,True,1.0,0.6770833333333334,2.472034215927124,65,96,219
scale_curve,IMG_0258,Harris,ideal_highpass,3,True,1.25,0.65625,2.8898580074310303,63,96,219
scale_curve,IMG_0258,Shi-Tomasi,ideal_highpass,3,True,0.5,0.5066666666666667,2.940557599067688,38,75,78
scale_curve,IMG_0258,Shi-Tomasi,ideal_highpass,3,True,0.75,0.68,2.3606953620910645,51,75,155
scale_curve,IMG_0258,Shi-Tomasi,ideal_highpass,3,True,1.0,0.7066666666666667,2.7620060443878174,53,75,220
scale_curve,IMG_0258,Shi-Tomasi,ideal_highpass,3,True,1.25,0.68,2.750762939453125,51,75,219
scale_curve,IMG_0258,SIFT,ideal_highpass,3,True,0.5,0.35,2.435526132583618,7,20,38
scale_curve,IMG_0258,SIFT,ideal_highpass,3,True,0.75,0.55,2.361872434616089,11,20,42
scale_curve,IMG_0258,SIFT,ideal_highpass,3,True,1.0,0.15,0.9034962058067322,3,20,28
scale_curve,IMG_0258,SIFT,ideal_highpass,3,True,1.25,0.4,2.679283857345581,8,20,24
scale_curve,IMG_0258,Sobel,gaussian_highpass,3,True,0.5,0.7368421052631579,2.913113832473755,28,47,38
scale_curve,IMG_0258,Sobel,gaussian_highpass,3,True,0.75,0.7659574468085106,1.8000210523605347,36,47,70
scale_curve,IMG_0258,Sobel,gaussian_highpass,3,True,1.0,0.8085106382978723,1.833099603652954,38,47,162
scale_curve,IMG_0258,Sobel,gaussian_highpass,3,True,1.25,0.723404255319149,1.8903290033340454,34,47,220
scale_curve,IMG_0258,LoG,gaussian_highpass,3,True,0.5,0.575,2.6560299396514893,46,95,80
scale_curve,IMG_0258,LoG,gaussian_highpass,3,True,0.75,0.6,2.4763152599334717,57,95,139
scale_curve,IMG_0258,LoG,gaussian_highpass,3,True,1.0,0.6947368421052632,2.3286176919937134,66,95,218
scale_curve,IMG_0258,LoG,gaussian_highpass,3,True,1.25,0.6,3.060929536819458,57,95,216
scale_curve,IMG_0258,Harris,gaussian_highpass,3,True,0.5,0.5056179775280899,2.459402084350586,45,94,89
scale_curve,IMG_0258,Harris,gaussian_highpass,3,True,0.75,0.723404255319149,2.81841242313385,68,94,189
scale_curve,IMG_0258,Harris,gaussian_highpass,3,True,1.0,0.6914893617021277,2.700024366378784,65,94,220
scale_curve,IMG_0258,Harris,gaussian_highpass,3,True,1.25,0.648936170212766,3.2131285667419434,61,94,218
scale_curve,IMG_0258,Shi-Tomasi,gaussian_highpass,3,True,0.5,0.5277777777777778,3.3855934143066406,38,83,72
scale_curve,IMG_0258,Shi-Tomasi,gaussian_highpass,3,True,0.75,0.6987951807228916,2.7049635648727417,58,83,164
scale_curve,IMG_0258,Shi-Tomasi,gaussian_highpass,3,True,1.0,0.7228915662650602,2.860478401184082,60,83,218
scale_curve,IMG_0258,Shi-Tomasi,gaussian_highpass,3,True,1.25,0.6385542168674698,2.936411142349243,53,83,218
scale_curve,IMG_0258,SIFT,gaussian_highpass,3,True,0.5,0.4117647058823529,3.7065978050231934,7,17,49
scale_curve,IMG_0258,SIFT,gaussian_highpass,3,True,0.75,0.4117647058823529,3.659053087234497,7,17,40
scale_curve,IMG_0258,SIFT,gaussian_highpass,3,True,1.0,0.4117647058823529,1.8921436071395874,7,17,36
scale_curve,IMG_0258,SIFT,gaussian_highpass,3,True,1.25,0.29411764705882354,3.0093255043029785,5,17,31
scale_curve,IMG_0259,Sobel,none,3,True,0.5,0.75,2.0499258041381836,15,53,20
scale_curve,IMG_0259,Sobel,none,3,True,0.75,0.8048780487804879,1.9419264793395996,33,53,41
scale_curve,IMG_0259,Sobel,none,3,True,1.0,0.9056603773584906,1.5292609930038452,48,53,73
scale_curve,IMG_0259,Sobel,none,3,True,1.25,0.9622641509433962,1.793499231338501,51,53,101
scale_curve,IMG_0259,LoG,none,3,True,0.5,0.8709677419354839,1.049636960029602,27,77,31
scale_curve,IMG_0259,LoG,none,3,True,0.75,0.8095238095238095,1.5697650909423828,51,77,63
scale_curve,IMG_0259,LoG,none,3,True,1.0,0.8961038961038961,1.353157877922058,69,77,100
scale_curve,IMG_0259,LoG,none,3,True,1.25,0.961038961038961,1.3399447798728943,74,77,144
scale_curve,IMG_0259,Harris,none,3,True,0.5,0.7647058823529411,1.7211318612098694,26,94,34
scale_curve,IMG_0259,Harris,none,3,True,0.75,0.8311688311688312,1.5990750193595886,64,94,77
scale_curve,IMG_0259,Harris,none,3,True,1.0,0.8829787234042553,1.4743385314941406,83,94,135
scale_curve,IMG_0259,Harris,none,3,True,1.25,0.9468085106382979,1.4533350467681885,89,94,211
scale_curve,IMG_0259,Shi-Tomasi,none,3,True,0.5,1.0,1.6945318579673767,28,90,28
scale_curve,IMG_0259,Shi-Tomasi,none,3,True,0.75,0.8636363636363636,1.3967338800430298,57,90,66
scale_curve,IMG_0259,Shi-Tomasi,none,3,True,1.0,0.8,1.424919307231903,72,90,105
scale_curve,IMG_0259,Shi-Tomasi,none,3,True,1.25,0.9333333333333333,1.729044795036316,84,90,195
scale_curve,IMG_0259,SIFT,none,3,True,0.5,0.5652173913043478,1.1953805685043335,13,23,31
scale_curve,IMG_0259,SIFT,none,3,True,0.75,0.6521739130434783,1.0131590366363525,15,23,29
scale_curve,IMG_0259,SIFT,none,3,True,1.0,0.7391304347826086,1.1953805685043335,17,23,29
scale_curve,IMG_0259,SIFT,none,3,True,1.25,0.6666666666666666,0.9509708285331726,14,23,21
scale_curve,IMG_0259,Sobel,ideal_lowpass,3,True,0.5,0.6666666666666666,2.557264804840088,8,30,12
scale_curve,IMG_0259,Sobel,ideal_lowpass,3,True,0.75,0.625,2.4023118019104004,15,30,24
scale_curve,IMG_0259,Sobel,ideal_lowpass,3,True,1.0,0.8,2.305095911026001,24,30,40
scale_curve,IMG_0259,Sobel,ideal_lowpass,3,True,1.25,0.8333333333333334,2.038142442703247,25,30,48
scale_curve,IMG_0259,LoG,ideal_lowpass,3,True,0.5,0.6470588235294118,2.9407291412353516,11,42,17
scale_curve,IMG_0259,LoG,ideal_lowpass,3,True,0.75,0.59375,3.2431979179382324,19,42,32
scale_curve,IMG_0259,LoG,ideal_lowpass,3,True,1.0,0.6904761904761905,1.7814111709594727,29,42,55
scale_curve,IMG_0259,LoG,ideal_lowpass,3,True,1.25,0.5952380952380952,2.054211378097534,25,42,82
scale_curve,IMG_0259,Harris,ideal_lowpass,3,True,0.5,0.5428571428571428,2.4683139324188232,19,100,35
scale_curve,IMG_0259,Harris,ideal_lowpass,3,True,0.75,0.6274509803921569,2.4125574827194214,32,100,51
scale_curve,IMG_0259,Harris,ideal_lowpass,3,True,1.0,0.73,1.6129263639450073,73,100,115
scale_curve,IMG_0259,Harris,ideal_lowpass,3,True,1.25,0.55,1.6439588069915771,55,100,130
scale_curve,IMG_0259,Shi-Tomasi,ideal_lowpass,3,True,0.5,0.5666666666666667,2.6728830337524414,17,79,30
scale_curve,IMG_0259,Shi-Tomasi,ideal_lowpass,3,True,0.75,0.5686274509803921,2.455113172531128,29,79,51
scale_curve,IMG_0259,Shi-Tomasi,ideal_lowpass,3,True,1.0,0.7215189873417721,1.2023983001708984,57,79,103
scale_curve,IMG_0259,Shi-Tomasi,ideal_lowpass,3,True,1.25,0.5063291139240507,1.9918420314788818,40,79,111
scale_curve,IMG_0259,SIFT,ideal_lowpass,3,True,0.5,0.631578947368421,1.9912821054458618,12,19,30
scale_curve,IMG_0259,SIFT,ideal_lowpass,3,True,0.75,0.631578947368421,2.9157896041870117,12,19,25
scale_curve,IMG_0259,SIFT,ideal_lowpass,3,True,1.0,0.631578947368421,2.6216108798980713,12,19,25
scale_curve,IMG_0259,SIFT,ideal_lowpass,3,True,1.25,0.5789473684210527,2.5012929439544678,11,19,28
scale_curve,IMG_0259,Sobel,gaussian_lowpass,3,True,0.5,0.9166666666666666,1.5548893213272095,11,38,12
scale_curve,IMG_0259,Sobel,gaussian_lowpass,3,True,0.75,0.8846153846153846,1.2746214866638184,23,38,26
scale_curve,IMG_0259,Sobel,gaussian_lowpass,3,True,1.0,0.8285714285714286,1.210644006729126,29,38,35
scale_curve,IMG_0259,Sobel,gaussian_lowpass,3,True,1.25,0.868421052631579,1.4938589334487915,33,38,53
scale_curve,IMG_0259,LoG,gaussian_lowpass,3,True,0.5,0.8461538461538461,2.1496357917785645,11,46,13
scale_curve,IMG_0259,LoG,gaussian_lowpass,3,True,0.75,0.8709677419354839,1.0218966007232666,27,46,31
scale_curve,IMG_0259,LoG,gaussian_lowpass,3,True,1.0,0.9130434782608695,1.1965035200119019,42,46,66
scale_curve,IMG_0259,LoG,gaussian_lowpass,3,True,1.25,0.9347826086956522,1.447609305381775,43,46,96
scale_curve,IMG_0259,Harris,gaussian_lowpass,3,True,0.5,0.88,2.188482880592346,22,70,25
scale_curve,IMG_0259,Harris,gaussian_lowpass,3,True,0.75,0.8846153846153846,2.0490254163742065,46,70,52
scale_curve,IMG_0259,Harris,gaussian_lowpass,3,True,1.0,0.8714285714285714,1.6020230054855347,61,70,93
scale_curve,IMG_0259,Harris,gaussian_lowpass,3,True,1.25,0.9285714285714286,1.5605757236480713,65,70,159
scale_curve,IMG_0259,Shi-Tomasi,gaussian_lowpass,3,True,0.5,0.782608695652174,2.4497066736221313,18,70,23
scale_curve,IMG_0259,Shi-Tomasi,gaussian_lowpass,3,True,0.75,0.88,1.759657382965088,44,70,50
scale_curve,IMG_0259,Shi-Tomasi,gaussian_lowpass,3,True,1.0,0.9142857142857143,1.5184704065322876,64,70,91
scale_curve,IMG_0259,Shi-Tomasi,gaussian_lowpass,3,True,1.25,0.9285714285714286,1.762671947479248,65,70,140
scale_curve,IMG_0259,SIFT,gaussian_lowpass,3,True,0.5,0.782608695652174,2.056991398334503,18,23,27
scale_curve,IMG_0259,SIFT,gaussian_lowpass,3,True,0.75,0.8260869565217391,1.2244515419006348,19,23,32
scale_curve,IMG_0259,SIFT,gaussian_lowpass,3,True,1.0,0.8260869565217391,1.3670322895050049,19,23,32
scale_curve,IMG_0259,SIFT,gaussian_lowpass,3,True,1.25,0.782608695652174,1.2958646416664124,18,23,37
scale_curve,IMG_0259,Sobel,ideal_highpass,3,True,0.5,0.7307692307692307,3.1197094917297363,19,68,26
scale_curve,IMG_0259,Sobel,ideal_highpass,3,True,0.75,0.7543859649122807,1.9243296384811401,43,68,57
scale_curve,IMG_0259,Sobel,ideal_highpass,3,True,1.0,0.7794117647058824,1.7011321783065796,53,68,80
scale_curve,IMG_0259,Sobel,ideal_highpass,3,True,1.25,0.8970588235294118,2.0766515731811523,61,68,149
scale_curve,IMG_0259,LoG,ideal_highpass,3,True,0.5,0.6976744186046512,2.1118143796920776,30,114,43
scale_curve,IMG_0259,LoG,ideal_highpass,3,True,0.75,0.8131868131868132,1.9887542128562927,74,114,91
scale_curve,IMG_0259,LoG,ideal_highpass,3,True,1.0,0.7807017543859649,1.7645819187164307,89,114,132
scale_curve,IMG_0259,LoG,ideal_highpass,3,True,1.25,0.8771929824561403,2.3730610609054565,100,114,216
scale_curve,IMG_0259,Harris,ideal_highpass,3,True,0.5,0.7659574468085106,1.62081778049469,36,111,47
scale_curve,IMG_0259,Harris,ideal_highpass,3,True,0.75,0.7346938775510204,2.0118709802627563,72,111,98
scale_curve,IMG_0259,Harris,ideal_highpass,3,True,1.0,0.8378378378378378,1.797194242477417,93,111,177
scale_curve,IMG_0259,Harris,ideal_highpass,3,True,1.25,0.8468468468468469,1.8878715634346008,94,111,218
scale_curve,IMG_0259,Shi-Tomasi,ideal_highpass,3,True,0.5,0.85,1.9129104614257812,34,91,40
scale_curve,IMG_0259,Shi-Tomasi,ideal_highpass,3,True,0.75,0.6136363636363636,2.1935102939605713,54,91,88
scale_curve,IMG_0259,Shi-Tomasi,ideal_highpass,3,True,1.0,0.7802197802197802,1.8693327903747559,71,91,125
scale_curve,IMG_0259,Shi-Tomasi,ideal_highpass,3,True,1.25,0.8241758241758241,1.8091621398925781,75,91,218
scale_curve,IMG_0259,SIFT,ideal_highpass,3,True,0.5,0.24,1.5491234064102173,6,28,25
scale_curve,IMG_0259,SIFT,ideal_highpass,3,True,0.75,0.5714285714285714,1.4298317432403564,16,28,34
scale_curve,IMG_0259,SIFT,ideal_highpass,3,True,1.0,0.43478260869565216,1.2176249027252197,10,28,23
scale_curve,IMG_0259,SIFT,ideal_highpass,3,True,1.25,0.42105263157894735,1.2183594107627869,8,28,19
scale_curve,IMG_0259,Sobel,gaussian_highpass,3,True,0.5,0.75,2.2889158725738525,15,61,20
scale_curve,IMG_0259,Sobel,gaussian_highpass,3,True,0.75,0.7959183673469388,2.3409922122955322,39,61,49
scale_curve,IMG_0259,Sobel,gaussian_highpass,3,True,1.0,0.8688524590163934,2.1164164543151855,53,61,81
scale_curve,IMG_0259,Sobel,gaussian_highpass,3,True,1.25,0.9016393442622951,1.6998172998428345,55,61,127
scale_curve,IMG_0259,LoG,gaussian_highpass,3,True,0.5,0.8571428571428571,1.8736037611961365,36,110,42
scale_curve,IMG_0259,LoG,gaussian_highpass,3,True,0.75,0.8192771084337349,1.6242255568504333,68,110,83
scale_curve,IMG_0259,LoG,gaussian_highpass,3,True,1.0,0.8363636363636363,1.7366614937782288,92,110,134
scale_curve,IMG_0259,LoG,gaussian_highpass,3,True,1.25,0.9454545454545454,1.9532089233398438,104,110,215
scale_curve,IMG_0259,Harris,gaussian_highpass,3,True,0.5,0.8181818181818182,1.5830186009407043,36,116,44
scale_curve,IMG_0259,Harris,gaussian_highpass,3,True,0.75,0.8260869565217391,1.8271440863609314,76,116,92
scale_curve,IMG_0259,Harris,gaussian_highpass,3,True,1.0,0.8620689655172413,1.7641478776931763,100,116,176
scale_curve,IMG_0259,Harris,gaussian_highpass,3,True,1.25,0.8879310344827587,1.6305828094482422,103,116,219
scale_curve,IMG_0259,Shi-Tomasi,gaussian_highpass,3,True,0.5,0.8823529411764706,1.9032871723175049,30,97,34
scale_curve,IMG_0259,Shi-Tomasi,gaussian_highpass,3,True,0.75,0.8194444444444444,1.9372072219848633,59,97,72
scale_curve,IMG_0259,Shi-Tomasi,gaussian_highpass,3,True,1.0,0.7938144329896907,1.808632731437683,77,97,135
scale_curve,IMG_0259,Shi-Tomasi,gaussian_highpass,3,True,1.25,0.845360824742268,1.876432478427887,82,97,218
scale_curve,IMG_0259,SIFT,gaussian_highpass,3,True,0.5,0.2608695652173913,1.242086499929428,6,23,30
scale_curve,IMG_0259,SIFT,gaussian_highpass,3,True,0.75,0.391304347826087,2.8172266483306885,9,23,35
scale_curve,IMG_0259,SIFT,gaussian_highpass,3,True,1.0,0.34782608695652173,1.4831268787384033,8,23,25
scale_curve,IMG_0259,SIFT,gaussian_highpass,3,True,1.25,0.2727272727272727,1.8491756319999695,6,23,22
scale_curve,IMG_0261,Sobel,none,3,True,0.5,0.6842105263157895,2.6040899753570557,26,51,38
scale_curve,IMG_0261,Sobel,none,3,True,0.75,0.7647058823529411,2.085536479949951,39,51,71
scale_curve,IMG_0261,Sobel,none,3,True,1.0,0.9215686274509803,1.91031813621521,47,51,128
scale_curve,IMG_0261,Sobel,none,3,True,1.25,0.9607843137254902,1.82896089553833,49,51,183
scale_curve,IMG_0261,LoG,none,3,True,0.5,0.5142857142857142,2.6665592193603516,36,77,70
scale_curve,IMG_0261,LoG,none,3,True,0.75,0.7532467532467533,2.2746723890304565,58,77,113
scale_curve,IMG_0261,LoG,none,3,True,1.0,0.7532467532467533,2.202191114425659,58,77,217
scale_curve,IMG_0261,LoG,none,3,True,1.25,0.7272727272727273,2.6444010734558105,56,77,216
scale_curve,IMG_0261,Harris,none,3,True,0.5,0.524390243902439,2.32430362701416,43,93,82
scale_curve,IMG_0261,Harris,none,3,True,0.75,0.7741935483870968,2.4920235872268677,72,93,171
scale_curve,IMG_0261,Harris,none,3,True,1.0,0.6989247311827957,2.178089141845703,65,93,218
scale_curve,IMG_0261,Harris,none,3,True,1.25,0.6989247311827957,1.9866334199905396,65,93,216
scale_curve,IMG_0261,Shi-Tomasi,none,3,True,0.5,0.5344827586206896,2.3519222736358643,31,90,58
scale_curve,IMG_0261,Shi-Tomasi,none,3,True,0.75,0.6555555555555556,2.555912494659424,59,90,158
scale_curve,IMG_0261,Shi-Tomasi,none,3,True,1.0,0.6888888888888889,2.0477389693260193,62,90,218
scale_curve,IMG_0261,Shi-Tomasi,none,3,True,1.25,0.6777777777777778,2.5144126415252686,61,90,218
scale_curve,IMG_0261,SIFT,none,3,True,0.5,0.6956521739130435,2.3396342992782593,16,23,63
scale_curve,IMG_0261,SIFT,none,3,True,0.75,0.6956521739130435,2.234222412109375,16,23,41
scale_curve,IMG_0261,SIFT,none,3,True,1.0,0.5217391304347826,1.7647691369056702,12,23,40
scale_curve,IMG_0261,SIFT,none,3,True,1.25,0.5652173913043478,1.385662317276001,13,23,26
scale_curve,IMG_0261,Sobel,ideal_lowpass,3,True,0.5,0.55,3.106794595718384,11,29,20
scale_curve,IMG_0261,Sobel,ideal_lowpass,3,True,0.75,0.6551724137931034,2.7915356159210205,19,29,43
scale_curve,IMG_0261,Sobel,ideal_lowpass,3,True,1.0,0.8620689655172413,2.7930994033813477,25,29,71
scale_curve,IMG_0261,Sobel,ideal_lowpass,3,True,1.25,0.7241379310344828,2.7636828422546387,21,29,93
scale_curve,IMG_0261,LoG,ideal_lowpass,3,True,0.5,0.5,2.2818174362182617,17,45,34
scale_curve,IMG_0261,LoG,ideal_lowpass,3,True,0.75,0.5555555555555556,2.475203275680542,25,45,91
scale_curve,IMG_0261,LoG,ideal_lowpass,3,True,1.0,0.5555555555555556,2.4885411262512207,25,45,135
scale_curve,IMG_0261,LoG,ideal_lowpass,3,True,1.25,0.4666666666666667,2.556410074234009,21,45,140
scale_curve,IMG_0261,Harris,ideal_lowpass,3,True,0.5,0.543859649122807,2.7522919178009033,31,101,57
scale_curve,IMG_0261,Harris,ideal_lowpass,3,True,0.75,0.49504950495049505,2.2739689350128174,50,101,130
scale_curve,IMG_0261,Harris,ideal_lowpass,3,True,1.0,0.5544554455445545,2.509722590446472,56,101,219
scale_curve,IMG_0261,Harris,ideal_lowpass,3,True,1.25,0.42574257425742573,2.4765031337738037,43,101,218
scale_curve,IMG_0261,Shi-Tomasi,ideal_lowpass,3,True,0.5,0.42857142857142855,2.7289817333221436,18,77,42
scale_curve,IMG_0261,Shi-Tomasi,ideal_lowpass,3,True,0.75,0.4935064935064935,2.5515942573547363,38,77,113
scale_curve,IMG_0261,Shi-Tomasi,ideal_lowpass,3,True,1.0,0.5454545454545454,2.4875670671463013,42,77,181
scale_curve,IMG_0261,Shi-Tomasi,ideal_lowpass,3,True,1.25,0.5454545454545454,2.2711139917373657,42,77,218
scale_curve,IMG_0261,SIFT,ideal_lowpass,3,True,0.5,0.5263157894736842,2.338451325893402,10,19,63
scale_curve,IMG_0261,SIFT,ideal_lowpass,3,True,0.75,0.631578947368421,3.0674654245376587,12,19,58
scale_curve,IMG_0261,SIFT,ideal_lowpass,3,True,1.0,0.631578947368421,1.9353191256523132,12,19,74
scale_curve,IMG_0261,SIFT,ideal_lowpass,3,True,1.25,0.47368421052631576,3.3919641971588135,9,19,51
scale_curve,IMG_0261,Sobel,gaussian_lowpass,3,True,0.5,0.5925925925925926,2.1007994413375854,16,36,27
scale_curve,IMG_0261,Sobel,gaussian_lowpass,3,True,0.75,0.7222222222222222,2.552019476890564,26,36,45
scale_curve,IMG_0261,Sobel,gaussian_lowpass,3,True,1.0,0.8888888888888888,2.2973649501800537,32,36,74
scale_curve,IMG_0261,Sobel,gaussian_lowpass,3,True,1.25,0.9166666666666666,2.306779623031616,33,36,101
scale_curve,IMG_0261,LoG,gaussian_lowpass,3,True,0.5,0.5862068965517241,3.2577834129333496,17,47,29
scale_curve,IMG_0261,LoG,gaussian_lowpass,3,True,0.75,0.7872340425531915,2.5036489963531494,37,47,87
scale_curve,IMG_0261,LoG,gaussian_lowpass,3,True,1.0,0.8297872340425532,2.3414671421051025,39,47,127
scale_curve,IMG_0261,LoG,gaussian_lowpass,3,True,1.25,0.851063829787234,1.7836615443229675,40,47,200
scale_curve,IMG_0261,Harris,gaussian_lowpass,3,True,0.5,0.6274509803921569,2.696691870689392,32,71,51
scale_curve,IMG_0261,Harris,gaussian_lowpass,3,True,0.75,0.647887323943662,1.8229659795761108,46,71,117
scale_curve,IMG_0261,Harris,gaussian_lowpass,3,True,1.0,0.7464788732394366,2.1935770511627197,53,71,218
scale_curve,IMG_0261,Harris,gaussian_lowpass,3,True,1.25,0.7887323943661971,1.9675312042236328,56,71,217
scale_curve,IMG_0261,Shi-Tomasi,gaussian_lowpass,3,True,0.5,0.6046511627906976,3.1087311506271362,26,66,43
scale_curve,IMG_0261,Shi-Tomasi,gaussian_lowpass,3,True,0.75,0.7121212121212122,2.0783193111419678,47,66,110
scale_curve,IMG_0261,Shi-Tomasi,gaussian_lowpass,3,True,1.0,0.803030303030303,1.8911744356155396,53,66,197
scale_curve,IMG_0261,Shi-Tomasi,gaussian_lowpass,3,True,1.25,0.8181818181818182,2.2542531490325928,54,66,217
scale_curve,IMG_0261,SIFT,gaussian_lowpass,3,True,0.5,0.43478260869565216,2.34111487865448,10,23,38
scale_curve,IMG_0261,SIFT,gaussian_lowpass,3,True,0.75,0.5217391304347826,2.5017606019973755,12,23,50
scale_curve,IMG_0261,SIFT,gaussian_lowpass,3,True,1.0,0.5217391304347826,2.356657028198242,12,23,49
scale_curve,IMG_0261,SIFT,gaussian_lowpass,3,True,1.25,0.4782608695652174,2.950960874557495,11,23,48
scale_curve,IMG_0261,Sobel,ideal_highpass,3,True,0.5,0.5294117647058824,2.4523112773895264,27,68,51
scale_curve,IMG_0261,Sobel,ideal_highpass,3,True,0.75,0.75,2.2961511611938477,51,68,106
scale_curve,IMG_0261,Sobel,ideal_highpass,3,True,1.0,0.7352941176470589,2.080493927001953,50,68,175
scale_curve,IMG_0261,Sobel,ideal_highpass,3,True,1.25,0.6617647058823529,1.9610092639923096,45,68,218
scale_curve,IMG_0261,LoG,ideal_highpass,3,True,0.5,0.5188679245283019,3.0634677410125732,55,115,106
scale_curve,IMG_0261,LoG,ideal_highpass,3,True,0.75,0.6782608695652174,2.5470499992370605,78,115,174
scale_curve,IMG_0261,LoG,ideal_highpass,3,True,1.0,0.6608695652173913,2.5763347148895264,76,115,217
scale_curve,IMG_0261,LoG,ideal_highpass,3,True,1.25,0.5304347826086957,2.7223410606384277,61,115,217
scale_curve,IMG_0261,Harris,ideal_highpass,3,True,0.5,0.49,2.586111307144165,49,110,100
scale_curve,IMG_0261,Harris,ideal_highpass,3,True,0.75,0.7727272727272727,2.4457712173461914,85,110,197
scale_curve,IMG_0261,Harris,ideal_highpass,3,True,1.0,0.6727272727272727,2.5250086784362793,74,110,218
scale_curve,IMG_0261,Harris,ideal_highpass,3,True,1.25,0.6727272727272727,2.5271843671798706,74,110,217
scale_curve,IMG_0261,Shi-Tomasi,ideal_highpass,3,True,0.5,0.4268292682926829,3.1316425800323486,35,90,82
scale_curve,IMG_0261,Shi-Tomasi,ideal_highpass,3,True,0.75,0.6222222222222222,2.5646073818206787,56,90,155
scale_curve,IMG_0261,Shi-Tomasi,ideal_highpass,3,True,1.0,0.7111111111111111,2.3335663080215454,64,90,218
scale_curve,IMG_0261,Shi-Tomasi,ideal_highpass,3,True,1.25,0.6333333333333333,2.5348949432373047,57,90,217
scale_curve,IMG_0261,SIFT,ideal_highpass,3,True,0.5,0.39285714285714285,1.6011408567428589,11,28,56
scale_curve,IMG_0261,SIFT,ideal_highpass,3,True,0.75,0.4642857142857143,2.0543346405029297,13,28,42
scale_curve,IMG_0261,SIFT,ideal_highpass,3,True,1.0,0.2857142857142857,1.4972966313362122,8,28,33
scale_curve,IMG_0261,SIFT,ideal_highpass,3,True,1.25,0.4642857142857143,1.7340359687805176,13,28,40
scale_curve,IMG_0261,Sobel,gaussian_highpass,3,True,0.5,0.65,2.4776278734207153,26,60,40
scale_curve,IMG_0261,Sobel,gaussian_highpass,3,True,0.75,0.75,2.5655248165130615,45,60,88
scale_curve,IMG_0261,Sobel,gaussian_highpass,3,True,1.0,0.7666666666666667,2.2409995794296265,46,60,161
scale_curve,IMG_0261,Sobel,gaussian_highpass,3,True,1.25,0.6833333333333333,2.3259546756744385,41,60,217
scale_curve,IMG_0261,LoG,gaussian_highpass,3,True,0.5,0.5157894736842106,2.9745380878448486,49,113,95
scale_curve,IMG_0261,LoG,gaussian_highpass,3,True,0.75,0.6637168141592921,2.4334821701049805,75,113,168
scale_curve,IMG_0261,LoG,gaussian_highpass,3,True,1.0,0.672566371681416,2.29376757144928,76,113,217
scale_curve,IMG_0261,LoG,gaussian_highpass,3,True,1.25,0.6017699115044248,2.6961803436279297,68,113,218
scale_curve,IMG_0261,Harris,gaussian_highpass,3,True,0.5,0.49504950495049505,2.8345612287521362,50,116,101
scale_curve,IMG_0261,Harris,gaussian_highpass,3,True,0.75,0.6379310344827587,2.337687849998474,74,116,189
scale_curve,IMG_0261,Harris,gaussian_highpass,3,True,1.0,0.6120689655172413,2.5579800605773926,71,116,218
scale_curve,IMG_0261,Harris,gaussian_highpass,3,True,1.25,0.6206896551724138,2.494358539581299,72,116,216
scale_curve,IMG_0261,Shi-Tomasi,gaussian_highpass,3,True,0.5,0.42028985507246375,2.9576680660247803,29,96,69
scale_curve,IMG_0261,Shi-Tomasi,gaussian_highpass,3,True,0.75,0.5833333333333334,2.5171749591827393,56,96,160
scale_curve,IMG_0261,Shi-Tomasi,gaussian_highpass,3,True,1.0,0.6979166666666666,2.499053716659546,67,96,218
scale_curve,IMG_0261,Shi-Tomasi,gaussian_highpass,3,True,1.25,0.6875,2.873834013938904,66,96,217
scale_curve,IMG_0261,SIFT,gaussian_highpass,3,True,0.5,0.34782608695652173,2.0078293681144714,8,23,64
scale_curve,IMG_0261,SIFT,gaussian_highpass,3,True,0.75,0.43478260869565216,1.918165922164917,10,23,33
scale_curve,IMG_0261,SIFT,gaussian_highpass,3,True,1.0,0.2608695652173913,1.766782522201538,6,23,36
scale_curve,IMG_0261,SIFT,gaussian_highpass,3,True,1.25,0.30434782608695654,1.848514199256897,7,23,39
scale_curve,IMG_0262,Sobel,none,3,True,0.5,0.6388888888888888,2.4887614250183105,23,51,36
scale_curve,IMG_0262,Sobel,none,3,True,0.75,0.5882352941176471,2.1304709911346436,30,51,58
scale_curve,IMG_0262,Sobel,none,3,True,1.0,0.7058823529411765,1.5783180594444275,36,51,95
scale_curve,IMG_0262,Sobel,none,3,True,1.25,0.8431372549019608,1.9916940927505493,43,51,126
scale_curve,IMG_0262,LoG,none,3,True,0.5,0.4838709677419355,2.5331552028656006,30,76,62
scale_curve,IMG_0262,LoG,none,3,True,0.75,0.7236842105263158,2.139293670654297,55,76,98
scale_curve,IMG_0262,LoG,none,3,True,1.0,0.881578947368421,2.0022661685943604,67,76,180
scale_curve,IMG_0262,LoG,none,3,True,1.25,0.7894736842105263,2.0689120292663574,60,76,216
scale_curve,IMG_0262,Harris,none,3,True,0.5,0.5714285714285714,2.380499005317688,36,93,63
scale_curve,IMG_0262,Harris,none,3,True,0.75,0.6559139784946236,2.4101059436798096,61,93,146
scale_curve,IMG_0262,Harris,none,3,True,1.0,0.7204301075268817,2.479306697845459,67,93,216
scale_curve,IMG_0262,Harris,none,3,True,1.25,0.6989247311827957,2.5582854747772217,65,93,216
scale_curve,IMG_0262,Shi-Tomasi,none,3,True,0.5,0.5094339622641509,2.2539641857147217,27,89,53
scale_curve,IMG_0262,Shi-Tomasi,none,3,True,0.75,0.6404494382022472,2.478121280670166,57,89,119
scale_curve,IMG_0262,Shi-Tomasi,none,3,True,1.0,0.6966292134831461,2.094930052757263,62,89,202
scale_curve,IMG_0262,Shi-Tomasi,none,3,True,1.25,0.6966292134831461,2.288636326789856,62,89,216
scale_curve,IMG_0262,SIFT,none,3,True,0.5,0.5652173913043478,2.8562965393066406,13,23,70
scale_curve,IMG_0262,SIFT,none,3,True,0.75,0.782608695652174,2.188174247741699,18,23,56
scale_curve,IMG_0262,SIFT,none,3,True,1.0,0.5652173913043478,2.6916823387145996,13,23,52
scale_curve,IMG_0262,SIFT,none,3,True,1.25,0.5217391304347826,2.4411600828170776,12,23,38
scale_curve,IMG_0262,Sobel,ideal_lowpass,3,True,0.5,0.3333333333333333,2.771819591522217,6,29,18
scale_curve,IMG_0262,Sobel,ideal_lowpass,3,True,0.75,0.5862068965517241,2.0610363483428955,17,29,35
scale_curve,IMG_0262,Sobel,ideal_lowpass,3,True,1.0,0.5862068965517241,2.9710259437561035,17,29,52
scale_curve,IMG_0262,Sobel,ideal_lowpass,3,True,1.25,0.6896551724137931,2.7279831171035767,20,29,82
scale_curve,IMG_0262,LoG,ideal_lowpass,3,True,0.5,0.5,2.793291211128235,12,45,24
scale_curve,IMG_0262,LoG,ideal_lowpass,3,True,0.75,0.4444444444444444,2.3767136335372925,20,45,55
scale_curve,IMG_0262,LoG,ideal_lowpass,3,True,1.0,0.4888888888888889,2.8365410566329956,22,45,115
scale_curve,IMG_0262,LoG,ideal_lowpass,3,True,1.25,0.5555555555555556,2.1320433616638184,25,45,148
scale_curve,IMG_0262,Harris,ideal_lowpass,3,True,0.5,0.5,3.0647895336151123,20,101,40
scale_curve,IMG_0262,Harris,ideal_lowpass,3,True,0.75,0.4772727272727273,2.2392860651016235,42,101,88
scale_curve,IMG_0262,Harris,ideal_lowpass,3,True,1.0,0.4752475247524752,2.350008487701416,48,101,187
scale_curve,IMG_0262,Harris,ideal_lowpass,3,True,1.25,0.504950495049505,2.528322458267212,51,101,218
scale_curve,IMG_0262,Shi-Tomasi,ideal_lowpass,3,True,0.5,0.4375,2.8897812366485596,14,78,32
scale_curve,IMG_0262,Shi-Tomasi,ideal_lowpass,3,True,0.75,0.43243243243243246,2.7895047664642334,32,78,74
scale_curve,IMG_0262,Shi-Tomasi,ideal_lowpass,3,True,1.0,0.5,1.9545223712921143,39,78,154
scale_curve,IMG_0262,Shi-Tomasi,ideal_lowpass,3,True,1.25,0.6025641025641025,2.257211446762085,47,78,210
scale_curve,IMG_0262,SIFT,ideal_lowpass,3,True,0.5,0.5789473684210527,2.7892379760742188,11,19,63
scale_curve,IMG_0262,SIFT,ideal_lowpass,3,True,0.75,0.631578947368421,2.253210186958313,12,19,83
scale_curve,IMG_0262,SIFT,ideal_lowpass,3,True,1.0,0.7368421052631579,2.4782201051712036,14,19,89
scale_curve,IMG_0262,SIFT,ideal_lowpass,3,True,1.25,0.631578947368421,2.562371611595154,12,19,80
scale_curve,IMG_0262,Sobel,gaussian_lowpass,3,True,0.5,0.7727272727272727,2.4646623134613037,17,37,22
scale_curve,IMG_0262,Sobel,gaussian_lowpass,3,True,0.75,0.6388888888888888,3.0680716037750244,23,37,36
scale_curve,IMG_0262,Sobel,gaussian_lowpass,3,True,1.0,0.8918918918918919,2.711859703063965,33,37,57
scale_curve,IMG_0262,Sobel,gaussian_lowpass,3,True,1.25,0.8108108108108109,2.4362021684646606,30,37,72
scale_curve,IMG_0262,LoG,gaussian_lowpass,3,True,0.5,0.5769230769230769,2.61028790473938,15,46,26
scale_curve,IMG_0262,LoG,gaussian_lowpass,3,True,0.75,0.6304347826086957,2.793146848678589,29,46,74
scale_curve,IMG_0262,LoG,gaussian_lowpass,3,True,1.0,0.8043478260869565,2.1803507804870605,37,46,110
scale_curve,IMG_0262,LoG,gaussian_lowpass,3,True,1.25,0.9347826086956522,2.5219709873199463,43,46,159
scale_curve,IMG_0262,Harris,gaussian_lowpass,3,True,0.5,0.6341463414634146,2.729355216026306,26,71,41
scale_curve,IMG_0262,Harris,gaussian_lowpass,3,True,0.75,0.5633802816901409,2.31348192691803,40,71,91
scale_curve,IMG_0262,Harris,gaussian_lowpass,3,True,1.0,0.7464788732394366,2.169159173965454,53,71,172
scale_curve,IMG_0262,Harris,gaussian_lowpass,3,True,1.25,0.7887323943661971,1.9134616255760193,56,71,216
scale_curve,IMG_0262,Shi-Tomasi,gaussian_lowpass,3,True,0.5,0.6176470588235294,3.336738109588623,21,66,34
scale_curve,IMG_0262,Shi-Tomasi,gaussian_lowpass,3,True,0.75,0.5757575757575758,2.472864031791687,38,66,80
scale_curve,IMG_0262,Shi-Tomasi,gaussian_lowpass,3,True,1.0,0.7424242424242424,2.3418962955474854,49,66,150
scale_curve,IMG_0262,Shi-Tomasi,gaussian_lowpass,3,True,1.25,0.8333333333333334,2.186856269836426,55,66,219
scale_curve,IMG_0262,SIFT,gaussian_lowpass,3,True,0.5,0.375,2.6985738277435303,9,24,50
scale_curve,IMG_0262,SIFT,gaussian_lowpass,3,True,0.75,0.5,2.3401224613189697,12,24,60
scale_curve,IMG_0262,SIFT,gaussian_lowpass,3,True,1.0,0.4166666666666667,2.3765411376953125,10,24,62
scale_curve,IMG_0262,SIFT,gaussian_lowpass,3,True,1.25,0.5,2.3671071529388428,12,24,57
scale_curve,IMG_0262,Sobel,ideal_highpass,3,True,0.5,0.36,2.9232730865478516,18,69,50
scale_curve,IMG_0262,Sobel,ideal_highpass,3,True,0.75,0.6666666666666666,2.437835693359375,46,69,93
scale_curve,IMG_0262,Sobel,ideal_highpass,3,True,1.0,0.7536231884057971,2.2296626567840576,52,69,169
scale_curve,IMG_0262,Sobel,ideal_highpass,3,True,1.25,0.6811594202898551,2.0997865200042725,47,69,217
scale_curve,IMG_0262,LoG,ideal_highpass,3,True,0.5,0.4157303370786517,2.9998767375946045,37,113,89
scale_curve,IMG_0262,LoG,ideal_highpass,3,True,0.75,0.6460176991150443,2.449322462081909,73,113,162
scale_curve,IMG_0262,LoG,ideal_highpass,3,True,1.0,0.7079646017699115,2.3321715593338013,80,113,219
scale_curve,IMG_0262,LoG,ideal_highpass,3,True,1.25,0.5663716814159292,2.2122455835342407,64,113,217
scale_curve,IMG_0262,Harris,ideal_highpass,3,True,0.5,0.449438202247191,2.5937559604644775,40,110,89
scale_curve,IMG_0262,Harris,ideal_highpass,3,True,0.75,0.6727272727272727,2.47845196723938,74,110,164
scale_curve,IMG_0262,Harris,ideal_highpass,3,True,1.0,0.6727272727272727,2.574040651321411,74,110,218
scale_curve,IMG_0262,Harris,ideal_highpass,3,True,1.25,0.6,2.319438338279724,66,110,216
scale_curve,IMG_0262,Shi-Tomasi,ideal_highpass,3,True,0.5,0.4189189189189189,2.9842469692230225,31,89,74
scale_curve,IMG_0262,Shi-Tomasi,ideal_highpass,3,True,0.75,0.550561797752809,2.3506038188934326,49,89,151
scale_curve,IMG_0262,Shi-Tomasi,ideal_highpass,3,True,1.0,0.6629213483146067,2.563359260559082,59,89,216
scale_curve,IMG_0262,Shi-Tomasi,ideal_highpass,3,True,1.25,0.651685393258427,2.451475977897644,58,89,217
scale_curve,IMG_0262,SIFT,ideal_highpass,3,True,0.5,0.32142857142857145,3.210824966430664,9,28,71
scale_curve,IMG_0262,SIFT,ideal_highpass,3,True,0.75,0.5714285714285714,2.507398247718811,16,28,63
scale_curve,IMG_0262,SIFT,ideal_highpass,3,True,1.0,0.35714285714285715,2.755561947822571,10,28,62
scale_curve,IMG_0262,SIFT,ideal_highpass,3,True,1.25,0.32142857142857145,2.0618152618408203,9,28,55
scale_curve,IMG_0262,Sobel,gaussian_highpass,3,True,0.5,0.5434782608695652,2.2580814361572266,25,61,46
scale_curve,IMG_0262,Sobel,gaussian_highpass,3,True,0.75,0.6885245901639344,2.3317012786865234,42,61,83
scale_curve,IMG_0262,Sobel,gaussian_highpass,3,True,1.0,0.819672131147541,2.046832323074341,50,61,141
scale_curve,IMG_0262,Sobel,gaussian_highpass,3,True,1.25,0.7213114754098361,1.8735439777374268,44,61,219
scale_curve,IMG_0262,LoG,gaussian_highpass,3,True,0.5,0.4367816091954023,2.681348443031311,38,112,87
scale_curve,IMG_0262,LoG,gaussian_highpass,3,True,0.75,0.6517857142857143,2.4093551635742188,73,112,159
scale_curve,IMG_0262,LoG,gaussian_highpass,3,True,1.0,0.7142857142857143,2.2410320043563843,80,112,217
scale_curve,IMG_0262,LoG,gaussian_highpass,3,True,1.25,0.6071428571428571,2.618034839630127,68,112,218
scale_curve,IMG_0262,Harris,gaussian_highpass,3,True,0.5,0.43529411764705883,2.6332530975341797,37,116,85
scale_curve,IMG_0262,Harris,gaussian_highpass,3,True,0.75,0.6551724137931034,2.8862398862838745,76,116,166
scale_curve,IMG_0262,Harris,gaussian_highpass,3,True,1.0,0.6206896551724138,2.3401901721954346,72,116,217
scale_curve,IMG_0262,Harris,gaussian_highpass,3,True,1.25,0.6120689655172413,2.734017848968506,71,116,217
scale_curve,IMG_0262,Shi-Tomasi,gaussian_highpass,3,True,0.5,0.42424242424242425,2.57444965839386,28,95,66
scale_curve,IMG_0262,Shi-Tomasi,gaussian_highpass,3,True,0.75,0.6105263157894737,2.8374873399734497,58,95,139
scale_curve,IMG_0262,Shi-Tomasi,gaussian_highpass,3,True,1.0,0.6947368421052632,2.485404133796692,66,95,217
scale_curve,IMG_0262,Shi-Tomasi,gaussian_highpass,3,True,1.25,0.6210526315789474,2.5885095596313477,59,95,217
scale_curve,IMG_0262,SIFT,gaussian_highpass,3,True,0.5,0.2608695652173913,1.980674386024475,6,23,72
scale_curve,IMG_0262,SIFT,gaussian_highpass,3,True,0.75,0.43478260869565216,1.9969125390052795,10,23,70
scale_curve,IMG_0262,SIFT,gaussian_highpass,3,True,1.0,0.2608695652173913,2.443002223968506,6,23,61
scale_curve,IMG_0262,SIFT,gaussian_highpass,3,True,1.25,0.2608695652173913,2.4692509174346924,6,23,59
scale_curve,IMG_0263,Sobel,none,3,True,0.5,0.7222222222222222,2.795498847961426,26,51,36
scale_curve,IMG_0263,Sobel,none,3,True,0.75,0.6666666666666666,2.3289331197738647,34,51,59
scale_curve,IMG_0263,Sobel,none,3,True,1.0,0.7450980392156863,1.91782945394516,38,51,110
scale_curve,IMG_0263,Sobel,none,3,True,1.25,0.7843137254901961,2.035671651363373,40,51,149
scale_curve,IMG_0263,LoG,none,3,True,0.5,0.55,2.840792179107666,33,76,60
scale_curve,IMG_0263,LoG,none,3,True,0.75,0.6710526315789473,1.9939135313034058,51,76,105
scale_curve,IMG_0263,LoG,none,3,True,1.0,0.868421052631579,2.48954975605011,66,76,198
scale_curve,IMG_0263,LoG,none,3,True,1.25,0.7236842105263158,2.5055129528045654,55,76,216
scale_curve,IMG_0263,Harris,none,3,True,0.5,0.5833333333333334,2.521019697189331,35,93,60
scale_curve,IMG_0263,Harris,none,3,True,0.75,0.5268817204301075,2.349520206451416,49,93,135
scale_curve,IMG_0263,Harris,none,3,True,1.0,0.6666666666666666,2.288973808288574,62,93,216
scale_curve,IMG_0263,Harris,none,3,True,1.25,0.5591397849462365,2.6327807903289795,52,93,216
scale_curve,IMG_0263,Shi-Tomasi,none,3,True,0.5,0.5294117647058824,2.677523612976074,27,89,51
scale_curve,IMG_0263,Shi-Tomasi,none,3,True,0.75,0.5617977528089888,2.8072561025619507,50,89,113
scale_curve,IMG_0263,Shi-Tomasi,none,3,True,1.0,0.6853932584269663,2.2457239627838135,61,89,217
scale_curve,IMG_0263,Shi-Tomasi,none,3,True,1.25,0.6404494382022472,2.3592350482940674,57,89,217
scale_curve,IMG_0263,SIFT,none,3,True,0.5,0.5217391304347826,2.5046849846839905,12,23,59
scale_curve,IMG_0263,SIFT,none,3,True,0.75,0.8695652173913043,1.898979902267456,20,23,86
scale_curve,IMG_0263,SIFT,none,3,True,1.0,0.782608695652174,1.8710936903953552,18,23,91
scale_curve,IMG_0263,SIFT,none,3,True,1.25,0.6086956521739131,1.5534812808036804,14,23,88
scale_curve,IMG_0263,Sobel,ideal_lowpass,3,True,0.5,0.6470588235294118,3.2328383922576904,11,29,17
scale_curve,IMG_0263,Sobel,ideal_lowpass,3,True,0.75,0.4482758620689655,2.804346799850464,13,29,35
scale_curve,IMG_0263,Sobel,ideal_lowpass,3,True,1.0,0.7241379310344828,2.84200119972229,21,29,60
scale_curve,IMG_0263,Sobel,ideal_lowpass,3,True,1.25,0.7931034482758621,2.94004487991333,23,29,78
scale_curve,IMG_0263,LoG,ideal_lowpass,3,True,0.5,0.42857142857142855,2.603050470352173,9,45,21
scale_curve,IMG_0263,LoG,ideal_lowpass,3,True,0.75,0.4666666666666667,2.955490827560425,21,45,54
scale_curve,IMG_0263,LoG,ideal_lowpass,3,True,1.0,0.5111111111111111,2.655229091644287,23,45,111
scale_curve,IMG_0263,LoG,ideal_lowpass,3,True,1.25,0.5111111111111111,2.6642656326293945,23,45,145
scale_curve,IMG_0263,Harris,ideal_lowpass,3,True,0.5,0.55,3.0854159593582153,22,101,40
scale_curve,IMG_0263,Harris,ideal_lowpass,3,True,0.75,0.4523809523809524,2.0875449180603027,38,101,84
scale_curve,IMG_0263,Harris,ideal_lowpass,3,True,1.0,0.46534653465346537,2.2448418140411377,47,101,174
scale_curve,IMG_0263,Harris,ideal_lowpass,3,True,1.25,0.5148514851485149,2.5531492233276367,52,101,218
scale_curve,IMG_0263,Shi-Tomasi,ideal_lowpass,3,True,0.5,0.37142857142857144,2.7392871379852295,13,77,35
scale_curve,IMG_0263,Shi-Tomasi,ideal_lowpass,3,True,0.75,0.4,2.259221315383911,30,77,75
scale_curve,IMG_0263,Shi-Tomasi,ideal_lowpass,3,True,1.0,0.4805194805194805,2.170652389526367,37,77,148
scale_curve,IMG_0263,Shi-Tomasi,ideal_lowpass,3,True,1.25,0.6103896103896104,2.1113064289093018,47,77,217
scale_curve,IMG_0263,SIFT,ideal_lowpass,3,True,0.5,0.47368421052631576,1.8169745206832886,9,19,73
scale_curve,IMG_0263,SIFT,ideal_lowpass,3,True,0.75,0.6842105263157895,2.1540114879608154,13,19,98
scale_curve,IMG_0263,SIFT,ideal_lowpass,3,True,1.0,0.7894736842105263,2.4147212505340576,15,19,107
scale_curve,IMG_0263,SIFT,ideal_lowpass,3,True,1.25,0.7368421052631579,2.787158727645874,14,19,101
scale_curve,IMG_0263,Sobel,gaussian_lowpass,3,True,0.5,0.7,2.7132469415664673,14,36,20
scale_curve,IMG_0263,Sobel,gaussian_lowpass,3,True,0.75,0.6111111111111112,2.533731460571289,22,36,36
scale_curve,IMG_0263,Sobel,gaussian_lowpass,3,True,1.0,0.7777777777777778,2.4688819646835327,28,36,54
scale_curve,IMG_0263,Sobel,gaussian_lowpass,3,True,1.25,0.8055555555555556,2.2233827114105225,29,36,71
scale_curve,IMG_0263,LoG,gaussian_lowpass,3,True,0.5,0.5833333333333334,2.7788530588150024,14,46,24
scale_curve,IMG_0263,LoG,gaussian_lowpass,3,True,0.75,0.6086956521739131,2.705223798751831,28,46,82
scale_curve,IMG_0263,LoG,gaussian_lowpass,3,True,1.0,0.8478260869565217,2.2099359035491943,39,46,124
scale_curve,IMG_0263,LoG,gaussian_lowpass,3,True,1.25,0.8478260869565217,1.8843516111373901,39,46,182
scale_curve,IMG_0263,Harris,gaussian_lowpass,3,True,0.5,0.65,2.3629207611083984,26,71,40
scale_curve,IMG_0263,Harris,gaussian_lowpass,3,True,0.75,0.5915492957746479,2.6947444677352905,42,71,88
scale_curve,IMG_0263,Harris,gaussian_lowpass,3,True,1.0,0.8028169014084507,2.2783403396606445,57,71,180
scale_curve,IMG_0263,Harris,gaussian_lowpass,3,True,1.25,0.8309859154929577,2.220609426498413,59,71,216
scale_curve,IMG_0263,Shi-Tomasi,gaussian_lowpass,3,True,0.5,0.5789473684210527,2.69400691986084,22,65,38
scale_curve,IMG_0263,Shi-Tomasi,gaussian_lowpass,3,True,0.75,0.6153846153846154,2.390972852706909,40,65,85
scale_curve,IMG_0263,Shi-Tomasi,gaussian_lowpass,3,True,1.0,0.8307692307692308,2.3933154344558716,54,65,163
scale_curve,IMG_0263,Shi-Tomasi,gaussian_lowpass,3,True,1.25,0.7846153846153846,2.194636821746826,51,65,217
scale_curve,IMG_0263,SIFT,gaussian_lowpass,3,True,0.5,0.5,2.0732975006103516,12,24,59
scale_curve,IMG_0263,SIFT,gaussian_lowpass,3,True,0.75,0.5416666666666666,2.1670377254486084,13,24,78
scale_curve,IMG_0263,SIFT,gaussian_lowpass,3,True,1.0,0.6666666666666666,2.1849570274353027,16,24,90
scale_curve,IMG_0263,SIFT,gaussian_lowpass,3,True,1.25,0.6666666666666666,2.1738110780715942,16,24,86
scale_curve,IMG_0263,Sobel,ideal_highpass,3,True,0.5,0.6122448979591837,2.451931953430176,30,68,49
scale_curve,IMG_0263,Sobel,ideal_highpass,3,True,0.75,0.7647058823529411,2.496113419532776,52,68,99
scale_curve,IMG_0263,Sobel,ideal_highpass,3,True,1.0,0.8676470588235294,1.862585186958313,59,68,189
scale_curve,IMG_0263,Sobel,ideal_highpass,3,True,1.25,0.6617647058823529,2.5967304706573486,45,68,218
scale_curve,IMG_0263,LoG,ideal_highpass,3,True,0.5,0.45098039215686275,3.2133593559265137,46,113,102
scale_curve,IMG_0263,LoG,ideal_highpass,3,True,0.75,0.584070796460177,2.5491538047790527,66,113,152
scale_curve,IMG_0263,LoG,ideal_highpass,3,True,1.0,0.7168141592920354,2.4876301288604736,81,113,216
scale_curve,IMG_0263,LoG,ideal_highpass,3,True,1.25,0.5309734513274337,2.927277088165283,60,113,217
scale_curve,IMG_0263,Harris,ideal_highpass,3,True,0.5,0.5168539325842697,2.5909457206726074,46,110,89
scale_curve,IMG_0263,Harris,ideal_highpass,3,True,0.75,0.6181818181818182,2.8210055828094482,68,110,168
scale_curve,IMG_0263,Harris,ideal_highpass,3,True,1.0,0.6727272727272727,2.248732089996338,74,110,218
scale_curve,IMG_0263,Harris,ideal_highpass,3,True,1.25,0.6272727272727273,2.544966697692871,69,110,216
scale_curve,IMG_0263,Shi-Tomasi,ideal_highpass,3,True,0.5,0.4050632911392405,3.008639335632324,32,89,79
scale_curve,IMG_0263,Shi-Tomasi,ideal_highpass,3,True,0.75,0.5842696629213483,2.995083451271057,52,89,134
scale_curve,IMG_0263,Shi-Tomasi,ideal_highpass,3,True,1.0,0.6741573033707865,2.2386770248413086,60,89,217
scale_curve,IMG_0263,Shi-Tomasi,ideal_highpass,3,True,1.25,0.6067415730337079,2.851655602455139,54,89,218
scale_curve,IMG_0263,SIFT,ideal_highpass,3,True,0.5,0.37037037037037035,3.7588521242141724,10,27,75
scale_curve,IMG_0263,SIFT,ideal_highpass,3,True,0.75,0.48148148148148145,1.7954556941986084,13,27,94
scale_curve,IMG_0263,SIFT,ideal_highpass,3,True,1.0,0.4444444444444444,2.9946001768112183,12,27,89
scale_curve,IMG_0263,SIFT,ideal_highpass,3,True,1.25,0.4074074074074074,2.6784677505493164,11,27,105
scale_curve,IMG_0263,Sobel,gaussian_highpass,3,True,0.5,0.5641025641025641,2.519124984741211,22,60,39
scale_curve,IMG_0263,Sobel,gaussian_highpass,3,True,0.75,0.7166666666666667,2.2481892108917236,43,60,87
scale_curve,IMG_0263,Sobel,gaussian_highpass,3,True,1.0,0.9,1.9225371479988098,54,60,178
scale_curve,IMG_0263,Sobel,gaussian_highpass,3,True,1.25,0.75,2.2287983894348145,45,60,218
scale_curve,IMG_0263,LoG,gaussian_highpass,3,True,0.5,0.43434343434343436,2.9664158821105957,43,112,99
scale_curve,IMG_0263,LoG,gaussian_highpass,3,True,0.75,0.5803571428571429,2.8282878398895264,65,112,153
scale_curve,IMG_0263,LoG,gaussian_highpass,3,True,1.0,0.6875,2.4671411514282227,77,112,216
scale_curve,IMG_0263,LoG,gaussian_highpass,3,True,1.25,0.5982142857142857,3.009378433227539,67,112,217
scale_curve,IMG_0263,Harris,gaussian_highpass,3,True,0.5,0.5116279069767442,2.6588205099105835,44,116,86
scale_curve,IMG_0263,Harris,gaussian_highpass,3,True,0.75,0.5431034482758621,2.4492413997650146,63,116,163
scale_curve,IMG_0263,Harris,gaussian_highpass,3,True,1.0,0.6551724137931034,2.4686522483825684,76,116,218
scale_curve,IMG_0263,Harris,gaussian_highpass,3,True,1.25,0.603448275862069,2.656766653060913,70,116,216
scale_curve,IMG_0263,Shi-Tomasi,gaussian_highpass,3,True,0.5,0.36764705882352944,2.9923434257507324,25,95,68
scale_curve,IMG_0263,Shi-Tomasi,gaussian_highpass,3,True,0.75,0.5894736842105263,2.8471375703811646,56,95,141
scale_curve,IMG_0263,Shi-Tomasi,gaussian_highpass,3,True,1.0,0.6947368421052632,2.5925058126449585,66,95,217
scale_curve,IMG_0263,Shi-Tomasi,gaussian_highpass,3,True,1.25,0.6526315789473685,2.660173535346985,62,95,217
scale_curve,IMG_0263,SIFT,gaussian_highpass,3,True,0.5,0.45454545454545453,2.963755488395691,10,22,67
scale_curve,IMG_0263,SIFT,gaussian_highpass,3,True,0.75,0.36363636363636365,2.453581929206848,8,22,92
scale_curve,IMG_0263,SIFT,gaussian_highpass,3,True,1.0,0.45454545454545453,1.951173484325409,10,22,75
scale_curve,IMG_0263,SIFT,gaussian_highpass,3,True,1.25,0.4090909090909091,2.8460540771484375,9,22,107
scale_curve,IMG_0264,Sobel,none,3,True,0.5,0.7058823529411765,2.7513368129730225,24,51,34
scale_curve,IMG_0264,Sobel,none,3,True,0.75,0.7450980392156863,2.4131691455841064,38,51,64
scale_curve,IMG_0264,Sobel,none,3,True,1.0,0.9607843137254902,2.3320119380950928,49,51,115
scale_curve,IMG_0264,Sobel,none,3,True,1.25,0.9411764705882353,2.0697001218795776,48,51,154
scale_curve,IMG_0264,LoG,none,3,True,0.5,0.532258064516129,2.3657867908477783,33,76,62
scale_curve,IMG_0264,LoG,none,3,True,0.75,0.7105263157894737,2.0145015716552734,54,76,94
scale_curve,IMG_0264,LoG,none,3,True,1.0,0.8157894736842105,2.2801835536956787,62,76,183
scale_curve,IMG_0264,LoG,none,3,True,1.25,0.7631578947368421,2.312380075454712,58,76,216
scale_curve,IMG_0264,Harris,none,3,True,0.5,0.6101694915254238,2.44886314868927,36,93,59
scale_curve,IMG_0264,Harris,none,3,True,0.75,0.6559139784946236,2.1088180541992188,61,93,123
scale_curve,IMG_0264,Harris,none,3,True,1.0,0.7204301075268817,2.379260778427124,67,93,218
scale_curve,IMG_0264,Harris,none,3,True,1.25,0.6666666666666666,2.13019859790802,62,93,216
scale_curve,IMG_0264,Shi-Tomasi,none,3,True,0.5,0.5849056603773585,2.6076040267944336,31,89,53
scale_curve,IMG_0264,Shi-Tomasi,none,3,True,0.75,0.5955056179775281,2.4337236881256104,53,89,116
scale_curve,IMG_0264,Shi-Tomasi,none,3,True,1.0,0.7078651685393258,2.428030490875244,63,89,218
scale_curve,IMG_0264,Shi-Tomasi,none,3,True,1.25,0.7303370786516854,2.0202159881591797,65,89,217
scale_curve,IMG_0264,SIFT,none,3,True,0.5,0.5652173913043478,3.365191698074341,13,23,75
scale_curve,IMG_0264,SIFT,none,3,True,0.75,0.8695652173913043,2.44093918800354,20,23,93
scale_curve,IMG_0264,SIFT,none,3,True,1.0,0.8695652173913043,1.775572657585144,20,23,89
scale_curve,IMG_0264,SIFT,none,3,True,1.25,0.9130434782608695,2.080090045928955,21,23,95
scale_curve,IMG_0264,Sobel,ideal_lowpass,3,True,0.5,0.5,2.7531063556671143,9,29,18
scale_curve,IMG_0264,Sobel,ideal_lowpass,3,True,0.75,0.5517241379310345,2.8250346183776855,16,29,37
scale_curve,IMG_0264,Sobel,ideal_lowpass,3,True,1.0,0.6551724137931034,2.656148672103882,19,29,64
scale_curve,IMG_0264,Sobel,ideal_lowpass,3,True,1.25,0.7586206896551724,2.882196068763733,22,29,82
scale_curve,IMG_0264,LoG,ideal_lowpass,3,True,0.5,0.5714285714285714,3.5065858364105225,12,45,21
scale_curve,IMG_0264,LoG,ideal_lowpass,3,True,0.75,0.4888888888888889,2.6404510736465454,22,45,53
scale_curve,IMG_0264,LoG,ideal_lowpass,3,True,1.0,0.4666666666666667,2.6325690746307373,21,45,105
scale_curve,IMG_0264,LoG,ideal_lowpass,3,True,1.25,0.5111111111111111,2.4151253700256348,23,45,133
scale_curve,IMG_0264,Harris,ideal_lowpass,3,True,0.5,0.5853658536585366,2.7664794921875,24,101,41
scale_curve,IMG_0264,Harris,ideal_lowpass,3,True,0.75,0.5054945054945055,2.4818365573883057,46,101,91
scale_curve,IMG_0264,Harris,ideal_lowpass,3,True,1.0,0.4752475247524752,2.2087498903274536,48,101,192
scale_curve,IMG_0264,Harris,ideal_lowpass,3,True,1.25,0.594059405940594,2.3701430559158325,60,101,218
scale_curve,IMG_0264,Shi-Tomasi,ideal_lowpass,3,True,0.5,0.45454545454545453,3.0192041397094727,15,77,33
scale_curve,IMG_0264,Shi-Tomasi,ideal_lowpass,3,True,0.75,0.39473684210526316,2.854578375816345,30,77,76
scale_curve,IMG_0264,Shi-Tomasi,ideal_lowpass,3,True,1.0,0.5454545454545454,2.1930347681045532,42,77,162
scale_curve,IMG_0264,Shi-Tomasi,ideal_lowpass,3,True,1.25,0.5974025974025974,2.359676480293274,46,77,208
scale_curve,IMG_0264,SIFT,ideal_lowpass,3,True,0.5,0.5263157894736842,2.530789852142334,10,19,65
scale_curve,IMG_0264,SIFT,ideal_lowpass,3,True,0.75,0.631578947368421,2.267811894416809,12,19,90
scale_curve,IMG_0264,SIFT,ideal_lowpass,3,True,1.0,0.7894736842105263,2.3873772621154785,15,19,100
scale_curve,IMG_0264,SIFT,ideal_lowpass,3,True,1.25,0.7368421052631579,2.2403327226638794,14,19,105
scale_curve,IMG_0264,Sobel,gaussian_lowpass,3,True,0.5,0.7142857142857143,2.7252933979034424,15,36,21
scale_curve,IMG_0264,Sobel,gaussian_lowpass,3,True,0.75,0.75,2.736668825149536,27,36,40
scale_curve,IMG_0264,Sobel,gaussian_lowpass,3,True,1.0,0.8333333333333334,2.522521734237671,30,36,65
scale_curve,IMG_0264,Sobel,gaussian_lowpass,3,True,1.25,0.9166666666666666,2.0348427295684814,33,36,89
scale_curve,IMG_0264,LoG,gaussian_lowpass,3,True,0.5,0.6666666666666666,3.334957718849182,16,46,24
scale_curve,IMG_0264,LoG,gaussian_lowpass,3,True,0.75,0.6086956521739131,2.1633044481277466,28,46,71
scale_curve,IMG_0264,LoG,gaussian_lowpass,3,True,1.0,0.8695652173913043,2.280155062675476,40,46,106
scale_curve,IMG_0264,LoG,gaussian_lowpass,3,True,1.25,0.8478260869565217,2.00449538230896,39,46,158
scale_curve,IMG_0264,Harris,gaussian_lowpass,3,True,0.5,0.7142857142857143,2.1315419673919678,30,71,42
scale_curve,IMG_0264,Harris,gaussian_lowpass,3,True,0.75,0.6619718309859155,2.782857894897461,47,71,90
scale_curve,IMG_0264,Harris,gaussian_lowpass,3,True,1.0,0.8309859154929577,2.3399851322174072,59,71,164
scale_curve,IMG_0264,Harris,gaussian_lowpass,3,True,1.25,0.9014084507042254,2.275919198989868,64,71,216
scale_curve,IMG_0264,Shi-Tomasi,gaussian_lowpass,3,True,0.5,0.6,3.1435626745224,24,65,40
scale_curve,IMG_0264,Shi-Tomasi,gaussian_lowpass,3,True,0.75,0.7384615384615385,2.4677282571792603,48,65,91
scale_curve,IMG_0264,Shi-Tomasi,gaussian_lowpass,3,True,1.0,0.7692307692307693,1.9764216542243958,50,65,146
scale_curve,IMG_0264,Shi-Tomasi,gaussian_lowpass,3,True,1.25,0.8923076923076924,2.094465136528015,58,65,211
scale_curve,IMG_0264,SIFT,gaussian_lowpass,3,True,0.5,0.4583333333333333,2.147413969039917,11,24,56
scale_curve,IMG_0264,SIFT,gaussian_lowpass,3,True,0.75,0.5416666666666666,2.2094993591308594,13,24,71
scale_curve,IMG_0264,SIFT,gaussian_lowpass,3,True,1.0,0.6666666666666666,2.127567172050476,16,24,87
scale_curve,IMG_0264,SIFT,gaussian_lowpass,3,True,1.25,0.625,2.4769554138183594,15,24,79
scale_curve,IMG_0264,Sobel,ideal_highpass,3,True,0.5,0.6078431372549019,3.1578240394592285,31,68,51
scale_curve,IMG_0264,Sobel,ideal_highpass,3,True,0.75,0.7205882352941176,2.4657886028289795,49,68,88
scale_curve,IMG_0264,Sobel,ideal_highpass,3,True,1.0,0.8970588235294118,2.328336238861084,61,68,168
scale_curve,IMG_0264,Sobel,ideal_highpass,3,True,1.25,0.7941176470588235,2.113076686859131,54,68,218
scale_curve,IMG_0264,LoG,ideal_highpass,3,True,0.5,0.5,3.1731765270233154,51,113,102
scale_curve,IMG_0264,LoG,ideal_highpass,3,True,0.75,0.6194690265486725,2.6653857231140137,70,113,161
scale_curve,IMG_0264,LoG,ideal_highpass,3,True,1.0,0.7079646017699115,2.323581337928772,80,113,218
scale_curve,IMG_0264,LoG,ideal_highpass,3,True,1.25,0.5752212389380531,2.5071380138397217,65,113,217
scale_curve,IMG_0264,Harris,ideal_highpass,3,True,0.5,0.5416666666666666,3.20706844329834,52,110,96
scale_curve,IMG_0264,Harris,ideal_highpass,3,True,0.75,0.6181818181818182,2.4492305517196655,68,110,168
scale_curve,IMG_0264,Harris,ideal_highpass,3,True,1.0,0.7363636363636363,2.533623695373535,81,110,219
scale_curve,IMG_0264,Harris,ideal_highpass,3,True,1.25,0.6636363636363637,2.2657082080841064,73,110,218
scale_curve,IMG_0264,Shi-Tomasi,ideal_highpass,3,True,0.5,0.45569620253164556,3.3863500356674194,36,89,79
scale_curve,IMG_0264,Shi-Tomasi,ideal_highpass,3,True,0.75,0.6179775280898876,3.0106537342071533,55,89,144
scale_curve,IMG_0264,Shi-Tomasi,ideal_highpass,3,True,1.0,0.7528089887640449,2.3061068058013916,67,89,219
scale_curve,IMG_0264,Shi-Tomasi,ideal_highpass,3,True,1.25,0.6292134831460674,2.3283259868621826,56,89,218
scale_curve,IMG_0264,SIFT,ideal_highpass,3,True,0.5,0.48148148148148145,3.7696549892425537,13,27,71
scale_curve,IMG_0264,SIFT,ideal_highpass,3,True,0.75,0.7407407407407407,1.6045891046524048,20,27,82
scale_curve,IMG_0264,SIFT,ideal_highpass,3,True,1.0,0.5925925925925926,2.113180637359619,16,27,79
scale_curve,IMG_0264,SIFT,ideal_highpass,3,True,1.25,0.48148148148148145,1.743896484375,13,27,85
scale_curve,IMG_0264,Sobel,gaussian_highpass,3,True,0.5,0.631578947368421,1.8122627139091492,24,60,38
scale_curve,IMG_0264,Sobel,gaussian_highpass,3,True,0.75,0.7333333333333333,2.3358625173568726,44,60,79
scale_curve,IMG_0264,Sobel,gaussian_highpass,3,True,1.0,0.85,1.982209324836731,51,60,142
scale_curve,IMG_0264,Sobel,gaussian_highpass,3,True,1.25,0.8166666666666667,1.937822699546814,49,60,219
scale_curve,IMG_0264,LoG,gaussian_highpass,3,True,0.5,0.5052631578947369,3.1391361951828003,48,112,95
scale_curve,IMG_0264,LoG,gaussian_highpass,3,True,0.75,0.6875,2.824930429458618,77,112,153
scale_curve,IMG_0264,LoG,gaussian_highpass,3,True,1.0,0.7589285714285714,2.67018723487854,85,112,217
scale_curve,IMG_0264,LoG,gaussian_highpass,3,True,1.25,0.6607142857142857,2.6841434240341187,74,112,218
scale_curve,IMG_0264,Harris,gaussian_highpass,3,True,0.5,0.5222222222222223,3.017188310623169,47,116,90
scale_curve,IMG_0264,Harris,gaussian_highpass,3,True,0.75,0.6293103448275862,2.337963581085205,73,116,174
scale_curve,IMG_0264,Harris,gaussian_highpass,3,True,1.0,0.6810344827586207,2.7017102241516113,79,116,219
scale_curve,IMG_0264,Harris,gaussian_highpass,3,True,1.25,0.5775862068965517,2.452116012573242,67,116,217
scale_curve,IMG_0264,Shi-Tomasi,gaussian_highpass,3,True,0.5,0.42105263157894735,2.8091615438461304,32,95,76
scale_curve,IMG_0264,Shi-Tomasi,gaussian_highpass,3,True,0.75,0.6421052631578947,2.6094937324523926,61,95,146
scale_curve,IMG_0264,Shi-Tomasi,gaussian_highpass,3,True,1.0,0.7157894736842105,2.2104207277297974,68,95,218
scale_curve,IMG_0264,Shi-Tomasi,gaussian_highpass,3,True,1.25,0.7052631578947368,2.4883294105529785,67,95,218
scale_curve,IMG_0264,SIFT,gaussian_highpass,3,True,0.5,0.4090909090909091,2.8978850841522217,9,22,66
scale_curve,IMG_0264,SIFT,gaussian_highpass,3,True,0.75,0.5454545454545454,1.7280165553092957,12,22,80
scale_curve,IMG_0264,SIFT,gaussian_highpass,3,True,1.0,0.5454545454545454,1.7835577130317688,12,22,66
scale_curve,IMG_0264,SIFT,gaussian_highpass,3,True,1.25,0.45454545454545453,2.6214773654937744,10,22,88
scale_curve,IMG_0265,Sobel,none,3,True,0.5,0.7391304347826086,3.1880431175231934,17,46,23
scale_curve,IMG_0265,Sobel,none,3,True,0.75,0.631578947368421,2.317915439605713,24,46,38
scale_curve,IMG_0265,Sobel,none,3,True,1.0,0.6739130434782609,2.362839698791504,31,46,72
scale_curve,IMG_0265,Sobel,none,3,True,1.25,0.7608695652173914,1.9799444675445557,35,46,103
scale_curve,IMG_0265,LoG,none,3,True,0.5,0.4772727272727273,2.2345798015594482,21,56,44
scale_curve,IMG_0265,LoG,none,3,True,0.75,0.6964285714285714,2.0590627193450928,39,56,66
scale_curve,IMG_0265,LoG,none,3,True,1.0,0.8035714285714286,1.9612022638320923,45,56,104
scale_curve,IMG_0265,LoG,none,3,True,1.25,0.875,1.6770905256271362,49,56,136
scale_curve,IMG_0265,Harris,none,3,True,0.5,0.56,2.8195632696151733,28,72,50
scale_curve,IMG_0265,Harris,none,3,True,0.75,0.625,2.285853862762451,45,72,97
scale_curve,IMG_0265,Harris,none,3,True,1.0,0.7638888888888888,2.256509304046631,55,72,157
scale_curve,IMG_0265,Harris,none,3,True,1.25,0.8333333333333334,2.1945207118988037,60,72,217
scale_curve,IMG_0265,Shi-Tomasi,none,3,True,0.5,0.5238095238095238,2.3463605642318726,22,69,42
scale_curve,IMG_0265,Shi-Tomasi,none,3,True,0.75,0.6666666666666666,2.195415735244751,46,69,91
scale_curve,IMG_0265,Shi-Tomasi,none,3,True,1.0,0.8115942028985508,2.0827678442001343,56,69,135
scale_curve,IMG_0265,Shi-Tomasi,none,3,True,1.25,0.855072463768116,2.130690097808838,59,69,200
scale_curve,IMG_0265,SIFT,none,3,True,0.5,0.45,2.2647457122802734,9,20,39
scale_curve,IMG_0265,SIFT,none,3,True,0.75,0.45,2.446169376373291,9,20,28
scale_curve,IMG_0265,SIFT,none,3,True,1.0,0.4,1.6757632791996002,8,20,23
scale_curve,IMG_0265,SIFT,none,3,True,1.25,0.3333333333333333,1.6800876259803772,6,20,18
scale_curve,IMG_0265,Sobel,ideal_lowpass,3,True,0.5,0.5454545454545454,3.5148473978042603,6,22,11
scale_curve,IMG_0265,Sobel,ideal_lowpass,3,True,0.75,0.5454545454545454,2.8495324850082397,12,22,23
scale_curve,IMG_0265,Sobel,ideal_lowpass,3,True,1.0,0.6818181818181818,2.5028491020202637,15,22,38
scale_curve,IMG_0265,Sobel,ideal_lowpass,3,True,1.25,0.7727272727272727,2.650395393371582,17,22,54
scale_curve,IMG_0265,LoG,ideal_lowpass,3,True,0.5,0.38095238095238093,2.5548815727233887,8,36,21
scale_curve,IMG_0265,LoG,ideal_lowpass,3,True,0.75,0.4722222222222222,2.9121294021606445,17,36,36
scale_curve,IMG_0265,LoG,ideal_lowpass,3,True,1.0,0.5277777777777778,2.4940459728240967,19,36,91
scale_curve,IMG_0265,LoG,ideal_lowpass,3,True,1.25,0.4444444444444444,1.9782541394233704,16,36,98
scale_curve,IMG_0265,Harris,ideal_lowpass,3,True,0.5,0.5,2.6170811653137207,17,81,34
scale_curve,IMG_0265,Harris,ideal_lowpass,3,True,0.75,0.5308641975308642,2.196479320526123,43,81,92
scale_curve,IMG_0265,Harris,ideal_lowpass,3,True,1.0,0.5061728395061729,2.5484557151794434,41,81,144
scale_curve,IMG_0265,Harris,ideal_lowpass,3,True,1.25,0.6666666666666666,2.7727138996124268,54,81,205
scale_curve,IMG_0265,Shi-Tomasi,ideal_lowpass,3,True,0.5,0.4482758620689655,3.1458547115325928,13,65,29
scale_curve,IMG_0265,Shi-Tomasi,ideal_lowpass,3,True,0.75,0.36923076923076925,2.1966910362243652,24,65,67
scale_curve,IMG_0265,Shi-Tomasi,ideal_lowpass,3,True,1.0,0.46153846153846156,2.254633665084839,30,65,131
scale_curve,IMG_0265,Shi-Tomasi,ideal_lowpass,3,True,1.25,0.5692307692307692,2.217315673828125,37,65,166
scale_curve,IMG_0265,SIFT,ideal_lowpass,3,True,0.5,0.5,2.433584451675415,8,16,45
scale_curve,IMG_0265,SIFT,ideal_lowpass,3,True,0.75,0.6875,2.879178762435913,11,16,53
scale_curve,IMG_0265,SIFT,ideal_lowpass,3,True,1.0,0.625,2.438551425933838,10,16,53
scale_curve,IMG_0265,SIFT,ideal_lowpass,3,True,1.25,0.625,2.4967633485794067,10,16,42
scale_curve,IMG_0265,Sobel,gaussian_lowpass,3,True,0.5,0.5384615384615384,2.710960865020752,7,27,13
scale_curve,IMG_0265,Sobel,gaussian_lowpass,3,True,0.75,0.6818181818181818,2.4397833347320557,15,27,22
scale_curve,IMG_0265,Sobel,gaussian_lowpass,3,True,1.0,0.6296296296296297,1.8979381322860718,17,27,32
scale_curve,IMG_0265,Sobel,gaussian_lowpass,3,True,1.25,0.6666666666666666,2.039208471775055,18,27,40
scale_curve,IMG_0265,LoG,gaussian_lowpass,3,True,0.5,0.7058823529411765,2.5311115980148315,12,35,17
scale_curve,IMG_0265,LoG,gaussian_lowpass,3,True,0.75,0.5714285714285714,1.7943843603134155,20,35,49
scale_curve,IMG_0265,LoG,gaussian_lowpass,3,True,1.0,0.8857142857142857,2.311326265335083,31,35,83
scale_curve,IMG_0265,LoG,gaussian_lowpass,3,True,1.25,0.8857142857142857,1.9377596378326416,31,35,97
scale_curve,IMG_0265,Harris,gaussian_lowpass,3,True,0.5,0.6,2.1525949239730835,24,57,40
scale_curve,IMG_0265,Harris,gaussian_lowpass,3,True,0.75,0.6666666666666666,2.09330952167511,38,57,84
scale_curve,IMG_0265,Harris,gaussian_lowpass,3,True,1.0,0.8245614035087719,1.758327603340149,47,57,130
scale_curve,IMG_0265,Harris,gaussian_lowpass,3,True,1.25,0.9122807017543859,1.771405577659607,52,57,184
scale_curve,IMG_0265,Shi-Tomasi,gaussian_lowpass,3,True,0.5,0.5757575757575758,2.1824207305908203,19,54,33
scale_curve,IMG_0265,Shi-Tomasi,gaussian_lowpass,3,True,0.75,0.5555555555555556,2.021107792854309,30,54,77
scale_curve,IMG_0265,Shi-Tomasi,gaussian_lowpass,3,True,1.0,0.7037037037037037,2.125768780708313,38,54,109
scale_curve,IMG_0265,Shi-Tomasi,gaussian_lowpass,3,True,1.25,0.7592592592592593,1.9311758279800415,41,54,154
scale_curve,IMG_0265,SIFT,gaussian_lowpass,3,True,0.5,0.3888888888888889,1.5294073820114136,7,18,36
scale_curve,IMG_0265,SIFT,gaussian_lowpass,3,True,0.75,0.5,1.5659993886947632,9,18,37
scale_curve,IMG_0265,SIFT,gaussian_lowpass,3,True,1.0,0.4444444444444444,1.2800808548927307,8,18,42
scale_curve,IMG_0265,SIFT,gaussian_lowpass,3,True,1.25,0.5555555555555556,1.702672004699707,10,18,40
scale_curve,IMG_0265,Sobel,ideal_highpass,3,True,0.5,0.43478260869565216,3.100403666496277,20,53,46
scale_curve,IMG_0265,Sobel,ideal_highpass,3,True,0.75,0.7547169811320755,2.6037416458129883,40,53,73
scale_curve,IMG_0265,Sobel,ideal_highpass,3,True,1.0,0.7547169811320755,2.2247174978256226,40,53,119
scale_curve,IMG_0265,Sobel,ideal_highpass,3,True,1.25,0.7924528301886793,2.3470606803894043,42,53,177
scale_curve,IMG_0265,LoG,ideal_highpass,3,True,0.5,0.43283582089552236,2.454671621322632,29,90,67
scale_curve,IMG_0265,LoG,ideal_highpass,3,True,0.75,0.6555555555555556,2.368478775024414,59,90,110
scale_curve,IMG_0265,LoG,ideal_highpass,3,True,1.0,0.6888888888888889,2.2610658407211304,62,90,150
scale_curve,IMG_0265,LoG,ideal_highpass,3,True,1.25,0.7666666666666667,2.416109561920166,69,90,220
scale_curve,IMG_0265,Harris,ideal_highpass,3,True,0.5,0.6666666666666666,2.826593279838562,40,90,60
scale_curve,IMG_0265,Harris,ideal_highpass,3,True,0.75,0.6333333333333333,2.8815219402313232,57,90,123
scale_curve,IMG_0265,Harris,ideal_highpass,3,True,1.0,0.8222222222222222,2.3839077949523926,74,90,186
scale_curve,IMG_0265,Harris,ideal_highpass,3,True,1.25,0.8222222222222222,2.2652361392974854,74,90,218
scale_curve,IMG_0265,Shi-Tomasi,ideal_highpass,3,True,0.5,0.6,2.583448886871338,27,68,45
scale_curve,IMG_0265,Shi-Tomasi,ideal_highpass,3,True,0.75,0.6911764705882353,2.4955074787139893,47,68,98
scale_curve,IMG_0265,Shi-Tomasi,ideal_highpass,3,True,1.0,0.75,2.3254554271698,51,68,123
scale_curve,IMG_0265,Shi-Tomasi,ideal_highpass,3,True,1.25,0.8088235294117647,2.138329267501831,55,68,199
scale_curve,IMG_0265,SIFT,ideal_highpass,3,True,0.5,0.20833333333333334,3.197617769241333,5,24,37
scale_curve,IMG_0265,SIFT,ideal_highpass,3,True,0.75,0.375,2.8730952739715576,9,24,33
scale_curve,IMG_0265,SIFT,ideal_highpass,3,True,1.0,0.2916666666666667,2.4527132511138916,7,24,28
scale_curve,IMG_0265,SIFT,ideal_highpass,3,True,1.25,0.11764705882352941,2.0791618824005127,2,24,17
scale_curve,IMG_0265,Sobel,gaussian_highpass,3,True,0.5,0.4634146341463415,3.351639986038208,19,53,41
scale_curve,IMG_0265,Sobel,gaussian_highpass,3,True,0.75,0.660377358490566,2.8441498279571533,35,53,74
scale_curve,IMG_0265,Sobel,gaussian_highpass,3,True,1.0,0.7358490566037735,2.1537747383117676,39,53,118
scale_curve,IMG_0265,Sobel,gaussian_highpass,3,True,1.25,0.8301886792452831,2.738222122192383,44,53,165
scale_curve,IMG_0265,LoG,gaussian_highpass,3,True,0.5,0.5205479452054794,2.8570823669433594,38,90,73
scale_curve,IMG_0265,LoG,gaussian_highpass,3,True,0.75,0.6555555555555556,2.3924150466918945,59,90,121
scale_curve,IMG_0265,LoG,gaussian_highpass,3,True,1.0,0.7666666666666667,2.4503188133239746,69,90,160
scale_curve,IMG_0265,LoG,gaussian_highpass,3,True,1.25,0.7666666666666667,2.0885465145111084,69,90,220
scale_curve,IMG_0265,Harris,gaussian_highpass,3,True,0.5,0.6271186440677966,3.0616180896759033,37,92,59
scale_curve,IMG_0265,Harris,gaussian_highpass,3,True,0.75,0.5978260869565217,2.8143844604492188,55,92,106
scale_curve,IMG_0265,Harris,gaussian_highpass,3,True,1.0,0.7717391304347826,2.439584970474243,71,92,195
scale_curve,IMG_0265,Harris,gaussian_highpass,3,True,1.25,0.8152173913043478,2.502394199371338,75,92,218
scale_curve,IMG_0265,Shi-Tomasi,gaussian_highpass,3,True,0.5,0.6190476190476191,3.3172271251678467,26,74,42
scale_curve,IMG_0265,Shi-Tomasi,gaussian_highpass,3,True,0.75,0.6891891891891891,2.7918143272399902,51,74,86
scale_curve,IMG_0265,Shi-Tomasi,gaussian_highpass,3,True,1.0,0.6621621621621622,2.4239611625671387,49,74,123
scale_curve,IMG_0265,Shi-Tomasi,gaussian_highpass,3,True,1.25,0.8108108108108109,2.607066512107849,60,74,198
scale_curve,IMG_0265,SIFT,gaussian_highpass,3,True,0.5,0.11764705882352941,3.668918013572693,2,17,45
scale_curve,IMG_0265,SIFT,gaussian_highpass,3,True,0.75,0.23529411764705882,3.0616766214370728,4,17,33
scale_curve,IMG_0265,SIFT,gaussian_highpass,3,True,1.0,0.29411764705882354,3.2297778129577637,5,17,34
scale_curve,IMG_0265,SIFT,gaussian_highpass,3,True,1.25,0.125,1.1690833270549774,2,17,16
scale_curve,IMG_0266,Sobel,none,3,True,0.5,0.631578947368421,1.9623353481292725,12,51,19
scale_curve,IMG_0266,Sobel,none,3,True,0.75,0.5490196078431373,2.4716668128967285,28,51,52
scale_curve,IMG_0266,Sobel,none,3,True,1.0,0.6274509803921569,2.1114561557769775,32,51,76
scale_curve,IMG_0266,Sobel,none,3,True,1.25,0.7647058823529411,1.9155586957931519,39,51,110
scale_curve,IMG_0266,LoG,none,3,True,0.5,0.5,2.273976683616638,26,75,52
scale_curve,IMG_0266,LoG,none,3,True,0.75,0.56,2.1844667196273804,42,75,78
scale_curve,IMG_0266,LoG,none,3,True,1.0,0.6666666666666666,2.1005970239639282,50,75,118
scale_curve,IMG_0266,LoG,none,3,True,1.25,0.8,2.0859241485595703,60,75,171
scale_curve,IMG_0266,Harris,none,3,True,0.5,0.56,2.644187808036804,28,91,50
scale_curve,IMG_0266,Harris,none,3,True,0.75,0.4725274725274725,2.437361001968384,43,91,91
scale_curve,IMG_0266,Harris,none,3,True,1.0,0.7362637362637363,2.4486520290374756,67,91,173
scale_curve,IMG_0266,Harris,none,3,True,1.25,0.7362637362637363,2.744734287261963,67,91,217
scale_curve,IMG_0266,Shi-Tomasi,none,3,True,0.5,0.5365853658536586,2.3525246381759644,22,89,41
scale_curve,IMG_0266,Shi-Tomasi,none,3,True,0.75,0.5121951219512195,2.1476519107818604,42,89,82
scale_curve,IMG_0266,Shi-Tomasi,none,3,True,1.0,0.6179775280898876,2.6559741497039795,55,89,152
scale_curve,IMG_0266,Shi-Tomasi,none,3,True,1.25,0.7528089887640449,2.502924919128418,67,89,219
scale_curve,IMG_0266,SIFT,none,3,True,0.5,0.5652173913043478,2.7425034046173096,13,23,42
scale_curve,IMG_0266,SIFT,none,3,True,0.75,0.7391304347826086,2.5422635078430176,17,23,48
scale_curve,IMG_0266,SIFT,none,3,True,1.0,0.6521739130434783,1.9207838773727417,15,23,44
scale_curve,IMG_0266,SIFT,none,3,True,1.25,0.43478260869565216,1.478486180305481,10,23,28
scale_curve,IMG_0266,Sobel,ideal_lowpass,3,True,0.5,0.45454545454545453,1.7512708902359009,5,29,11
scale_curve,IMG_0266,Sobel,ideal_lowpass,3,True,0.75,0.5789473684210527,2.6846933364868164,11,29,19
scale_curve,IMG_0266,Sobel,ideal_lowpass,3,True,1.0,0.6206896551724138,2.8588149547576904,18,29,36
scale_curve,IMG_0266,Sobel,ideal_lowpass,3,True,1.25,0.6206896551724138,2.8365403413772583,18,29,56
scale_curve,IMG_0266,LoG,ideal_lowpass,3,True,0.5,0.5555555555555556,2.800590395927429,10,44,18
scale_curve,IMG_0266,LoG,ideal_lowpass,3,True,0.75,0.5625,2.759011745452881,18,44,32
scale_curve,IMG_0266,LoG,ideal_lowpass,3,True,1.0,0.6136363636363636,2.7526814937591553,27,44,62
scale_curve,IMG_0266,LoG,ideal_lowpass,3,True,1.25,0.5227272727272727,3.2263903617858887,23,44,120
scale_curve,IMG_0266,Harris,ideal_lowpass,3,True,0.5,0.4878048780487805,2.6206467151641846,20,100,41
scale_curve,IMG_0266,Harris,ideal_lowpass,3,True,0.75,0.5,2.6645798683166504,32,100,64
scale_curve,IMG_0266,Harris,ideal_lowpass,3,True,1.0,0.53,2.0497734546661377,53,100,133
scale_curve,IMG_0266,Harris,ideal_lowpass,3,True,1.25,0.6,2.6503986120224,60,100,218
scale_curve,IMG_0266,Shi-Tomasi,ideal_lowpass,3,True,0.5,0.3684210526315789,2.553750991821289,14,76,38
scale_curve,IMG_0266,Shi-Tomasi,ideal_lowpass,3,True,0.75,0.38596491228070173,2.59091854095459,22,76,57
scale_curve,IMG_0266,Shi-Tomasi,ideal_lowpass,3,True,1.0,0.47368421052631576,2.5735831260681152,36,76,120
scale_curve,IMG_0266,Shi-Tomasi,ideal_lowpass,3,True,1.25,0.5657894736842105,2.3926613330841064,43,76,188
scale_curve,IMG_0266,SIFT,ideal_lowpass,3,True,0.5,0.5263157894736842,2.6546456813812256,10,19,39
scale_curve,IMG_0266,SIFT,ideal_lowpass,3,True,0.75,0.5263157894736842,3.157029151916504,10,19,41
scale_curve,IMG_0266,SIFT,ideal_lowpass,3,True,1.0,0.6842105263157895,2.7129743099212646,13,19,46
scale_curve,IMG_0266,SIFT,ideal_lowpass,3,True,1.25,0.5789473684210527,2.480729341506958,11,19,57
scale_curve,IMG_0266,Sobel,gaussian_lowpass,3,True,0.5,0.7857142857142857,2.6087751388549805,11,36,14
scale_curve,IMG_0266,Sobel,gaussian_lowpass,3,True,0.75,0.5652173913043478,2.040410041809082,13,36,23
scale_curve,IMG_0266,Sobel,gaussian_lowpass,3,True,1.0,0.6060606060606061,2.2895874977111816,20,36,33
scale_curve,IMG_0266,Sobel,gaussian_lowpass,3,True,1.25,0.6666666666666666,1.8381314277648926,24,36,65
scale_curve,IMG_0266,LoG,gaussian_lowpass,3,True,0.5,0.5555555555555556,3.150596499443054,10,45,18
scale_curve,IMG_0266,LoG,gaussian_lowpass,3,True,0.75,0.4666666666666667,2.282510995864868,21,45,45
scale_curve,IMG_0266,LoG,gaussian_lowpass,3,True,1.0,0.7111111111111111,2.2449759244918823,32,45,90
scale_curve,IMG_0266,LoG,gaussian_lowpass,3,True,1.25,0.7111111111111111,2.109611988067627,32,45,101
scale_curve,IMG_0266,Harris,gaussian_lowpass,3,True,0.5,0.6551724137931034,2.6768383979797363,19,70,29
scale_curve,IMG_0266,Harris,gaussian_lowpass,3,True,0.75,0.5142857142857142,2.500256061553955,36,70,70
scale_curve,IMG_0266,Harris,gaussian_lowpass,3,True,1.0,0.6428571428571429,2.3458375930786133,45,70,104
scale_curve,IMG_0266,Harris,gaussian_lowpass,3,True,1.25,0.7,2.0930263996124268,49,70,179
scale_curve,IMG_0266,Shi-Tomasi,gaussian_lowpass,3,True,0.5,0.6666666666666666,3.3118008375167847,18,64,27
scale_curve,IMG_0266,Shi-Tomasi,gaussian_lowpass,3,True,0.75,0.49206349206349204,2.21524977684021,31,64,63
scale_curve,IMG_0266,Shi-Tomasi,gaussian_lowpass,3,True,1.0,0.671875,2.3445656299591064,43,64,109
scale_curve,IMG_0266,Shi-Tomasi,gaussian_lowpass,3,True,1.25,0.734375,2.2225403785705566,47,64,156
scale_curve,IMG_0266,SIFT,gaussian_lowpass,3,True,0.5,0.4166666666666667,2.513767719268799,10,24,40
scale_curve,IMG_0266,SIFT,gaussian_lowpass,3,True,0.75,0.4583333333333333,2.790233612060547,11,24,39
scale_curve,IMG_0266,SIFT,gaussian_lowpass,3,True,1.0,0.5,2.6028127670288086,12,24,52
scale_curve,IMG_0266,SIFT,gaussian_lowpass,3,True,1.25,0.5,2.8240747451782227,12,24,55
scale_curve,IMG_0266,Sobel,ideal_highpass,3,True,0.5,0.5142857142857142,2.9511818885803223,18,68,35
scale_curve,IMG_0266,Sobel,ideal_highpass,3,True,0.75,0.6176470588235294,2.30149507522583,42,68,73
scale_curve,IMG_0266,Sobel,ideal_highpass,3,True,1.0,0.7058823529411765,2.5560766458511353,48,68,110
scale_curve,IMG_0266,Sobel,ideal_highpass,3,True,1.25,0.8529411764705882,2.222394347190857,58,68,187
scale_curve,IMG_0266,LoG,ideal_highpass,3,True,0.5,0.4057971014492754,3.025388479232788,28,114,69
scale_curve,IMG_0266,LoG,ideal_highpass,3,True,0.75,0.5350877192982456,2.8206584453582764,61,114,119
scale_curve,IMG_0266,LoG,ideal_highpass,3,True,1.0,0.6491228070175439,2.549238920211792,74,114,172
scale_curve,IMG_0266,LoG,ideal_highpass,3,True,1.25,0.7280701754385965,2.576590061187744,83,114,217
scale_curve,IMG_0266,Harris,ideal_highpass,3,True,0.5,0.5087719298245614,2.9273486137390137,29,110,57
scale_curve,IMG_0266,Harris,ideal_highpass,3,True,0.75,0.5181818181818182,2.2177083492279053,57,110,129
scale_curve,IMG_0266,Harris,ideal_highpass,3,True,1.0,0.7272727272727273,2.271503210067749,80,110,210
scale_curve,IMG_0266,Harris,ideal_highpass,3,True,1.25,0.6727272727272727,2.439636468887329,74,110,220
scale_curve,IMG_0266,Shi-Tomasi,ideal_highpass,3,True,0.5,0.38,2.559919834136963,19,89,50
scale_curve,IMG_0266,Shi-Tomasi,ideal_highpass,3,True,0.75,0.5056179775280899,2.956364631652832,45,89,103
scale_curve,IMG_0266,Shi-Tomasi,ideal_highpass,3,True,1.0,0.6179775280898876,2.412870407104492,55,89,172
scale_curve,IMG_0266,Shi-Tomasi,ideal_highpass,3,True,1.25,0.6966292134831461,2.4463287591934204,62,89,220
scale_curve,IMG_0266,SIFT,ideal_highpass,3,True,0.5,0.2222222222222222,2.3020694255828857,6,27,37
scale_curve,IMG_0266,SIFT,ideal_highpass,3,True,0.75,0.5555555555555556,1.901930332183838,15,27,53
scale_curve,IMG_0266,SIFT,ideal_highpass,3,True,1.0,0.4074074074074074,2.3700811862945557,11,27,32
scale_curve,IMG_0266,SIFT,ideal_highpass,3,True,1.25,0.25925925925925924,2.328800678253174,7,27,29
scale_curve,IMG_0266,Sobel,gaussian_highpass,3,True,0.5,0.5428571428571428,2.2337379455566406,19,59,35
scale_curve,IMG_0266,Sobel,gaussian_highpass,3,True,0.75,0.6779661016949152,2.3892669677734375,40,59,64
scale_curve,IMG_0266,Sobel,gaussian_highpass,3,True,1.0,0.7796610169491526,2.4318039417266846,46,59,109
scale_curve,IMG_0266,Sobel,gaussian_highpass,3,True,1.25,0.864406779661017,1.895237684249878,51,59,176
scale_curve,IMG_0266,LoG,gaussian_highpass,3,True,0.5,0.391304347826087,2.9536874294281006,27,112,69
scale_curve,IMG_0266,LoG,gaussian_highpass,3,True,0.75,0.4818181818181818,2.193258762359619,53,112,110
scale_curve,IMG_0266,LoG,gaussian_highpass,3,True,1.0,0.6517857142857143,2.774195671081543,73,112,173
scale_curve,IMG_0266,LoG,gaussian_highpass,3,True,1.25,0.6785714285714286,2.678616166114807,76,112,217
scale_curve,IMG_0266,Harris,gaussian_highpass,3,True,0.5,0.6,2.924405097961426,33,115,55
scale_curve,IMG_0266,Harris,gaussian_highpass,3,True,0.75,0.5217391304347826,2.884377360343933,60,115,125
scale_curve,IMG_0266,Harris,gaussian_highpass,3,True,1.0,0.7217391304347827,2.4011826515197754,83,115,217
scale_curve,IMG_0266,Harris,gaussian_highpass,3,True,1.25,0.6695652173913044,2.5419399738311768,77,115,218
scale_curve,IMG_0266,Shi-Tomasi,gaussian_highpass,3,True,0.5,0.3877551020408163,2.6903717517852783,19,95,49
scale_curve,IMG_0266,Shi-Tomasi,gaussian_highpass,3,True,0.75,0.4444444444444444,2.6517624855041504,40,95,90
scale_curve,IMG_0266,Shi-Tomasi,gaussian_highpass,3,True,1.0,0.6105263157894737,2.7411177158355713,58,95,177
scale_curve,IMG_0266,Shi-Tomasi,gaussian_highpass,3,True,1.25,0.7473684210526316,2.534724473953247,71,95,220
scale_curve,IMG_0266,SIFT,gaussian_highpass,3,True,0.5,0.13636363636363635,3.5687222480773926,3,22,34
scale_curve,IMG_0266,SIFT,gaussian_highpass,3,True,0.75,0.4090909090909091,2.301290988922119,9,22,49
scale_curve,IMG_0266,SIFT,gaussian_highpass,3,True,1.0,0.2727272727272727,2.273013949394226,6,22,22
scale_curve,IMG_0266,SIFT,gaussian_highpass,3,True,1.25,0.18181818181818182,1.7032812237739563,4,22,33
scale_curve,IMG_0267,Sobel,none,3,True,0.5,0.8125,2.7952721118927,13,41,16
scale_curve,IMG_0267,Sobel,none,3,True,0.75,0.5454545454545454,2.581805109977722,18,41,33
scale_curve,IMG_0267,Sobel,none,3,True,1.0,0.5853658536585366,2.7406314611434937,24,41,52
scale_curve,IMG_0267,Sobel,none,3,True,1.25,0.6341463414634146,2.2167779207229614,26,41,69
scale_curve,IMG_0267,LoG,none,3,True,0.5,0.5294117647058824,2.1216002702713013,18,64,34
scale_curve,IMG_0267,LoG,none,3,True,0.75,0.46551724137931033,1.5775189399719238,27,64,58
scale_curve,IMG_0267,LoG,none,3,True,1.0,0.578125,1.9297337532043457,37,64,76
scale_curve,IMG_0267,LoG,none,3,True,1.25,0.671875,2.3155205249786377,43,64,115
scale_curve,IMG_0267,Harris,none,3,True,0.5,0.6756756756756757,2.652709484100342,25,82,37
scale_curve,IMG_0267,Harris,none,3,True,0.75,0.6666666666666666,2.4757468700408936,36,82,54
scale_curve,IMG_0267,Harris,none,3,True,1.0,0.5609756097560976,2.721263885498047,46,82,113
scale_curve,IMG_0267,Harris,none,3,True,1.25,0.5853658536585366,2.5277481079101562,48,82,163
scale_curve,IMG_0267,Shi-Tomasi,none,3,True,0.5,0.5666666666666667,2.549381732940674,17,81,30
scale_curve,IMG_0267,Shi-Tomasi,none,3,True,0.75,0.6363636363636364,2.8819128274917603,28,81,44
scale_curve,IMG_0267,Shi-Tomasi,none,3,True,1.0,0.5432098765432098,2.4099714756011963,44,81,83
scale_curve,IMG_0267,Shi-Tomasi,none,3,True,1.25,0.6172839506172839,2.359564185142517,50,81,148
scale_curve,IMG_0267,SIFT,none,3,True,0.5,0.5294117647058824,2.8328936100006104,9,17,39
scale_curve,IMG_0267,SIFT,none,3,True,0.75,0.6470588235294118,2.7889580726623535,11,17,55
scale_curve,IMG_0267,SIFT,none,3,True,1.0,0.6470588235294118,2.062757968902588,11,17,53
scale_curve,IMG_0267,SIFT,none,3,True,1.25,0.7647058823529411,2.1179141998291016,13,17,47
scale_curve,IMG_0267,Sobel,ideal_lowpass,3,True,0.5,0.3,1.9879735708236694,3,25,10
scale_curve,IMG_0267,Sobel,ideal_lowpass,3,True,0.75,0.4,2.286421537399292,8,25,20
scale_curve,IMG_0267,Sobel,ideal_lowpass,3,True,1.0,0.56,2.9574520587921143,14,25,28
scale_curve,IMG_0267,Sobel,ideal_lowpass,3,True,1.25,0.6,3.489893674850464,15,25,47
scale_curve,IMG_0267,LoG,ideal_lowpass,3,True,0.5,0.5,4.140739679336548,8,33,16
scale_curve,IMG_0267,LoG,ideal_lowpass,3,True,0.75,0.4482758620689655,3.1744539737701416,13,33,29
scale_curve,IMG_0267,LoG,ideal_lowpass,3,True,1.0,0.5757575757575758,2.865086555480957,19,33,45
scale_curve,IMG_0267,LoG,ideal_lowpass,3,True,1.25,0.5151515151515151,2.466771125793457,17,33,78
scale_curve,IMG_0267,Harris,ideal_lowpass,3,True,0.5,0.35714285714285715,2.948663115501404,10,84,28
scale_curve,IMG_0267,Harris,ideal_lowpass,3,True,0.75,0.54,2.5943737030029297,27,84,50
scale_curve,IMG_0267,Harris,ideal_lowpass,3,True,1.0,0.5,2.6583971977233887,42,84,90
scale_curve,IMG_0267,Harris,ideal_lowpass,3,True,1.25,0.5119047619047619,1.9660381078720093,43,84,119
scale_curve,IMG_0267,Shi-Tomasi,ideal_lowpass,3,True,0.5,0.26666666666666666,3.6202677488327026,8,61,30
scale_curve,IMG_0267,Shi-Tomasi,ideal_lowpass,3,True,0.75,0.375,2.4225419759750366,18,61,48
scale_curve,IMG_0267,Shi-Tomasi,ideal_lowpass,3,True,1.0,0.47540983606557374,2.6374270915985107,29,61,75
scale_curve,IMG_0267,Shi-Tomasi,ideal_lowpass,3,True,1.25,0.4918032786885246,1.9193570017814636,30,61,100
scale_curve,IMG_0267,SIFT,ideal_lowpass,3,True,0.5,0.3333333333333333,2.414363741874695,6,18,35
scale_curve,IMG_0267,SIFT,ideal_lowpass,3,True,0.75,0.4444444444444444,2.286947011947632,8,18,43
scale_curve,IMG_0267,SIFT,ideal_lowpass,3,True,1.0,0.6111111111111112,2.5778820514678955,11,18,52
scale_curve,IMG_0267,SIFT,ideal_lowpass,3,True,1.25,0.6111111111111112,2.828500270843506,11,18,63
scale_curve,IMG_0267,Sobel,gaussian_lowpass,3,True,0.5,0.6666666666666666,2.716885209083557,6,32,9
scale_curve,IMG_0267,Sobel,gaussian_lowpass,3,True,0.75,0.5789473684210527,2.3778798580169678,11,32,19
scale_curve,IMG_0267,Sobel,gaussian_lowpass,3,True,1.0,0.6666666666666666,1.7796323895454407,18,32,27
scale_curve,IMG_0267,Sobel,gaussian_lowpass,3,True,1.25,0.625,2.705623149871826,20,32,38
scale_curve,IMG_0267,LoG,gaussian_lowpass,3,True,0.5,0.5,2.9500385522842407,8,37,16
scale_curve,IMG_0267,LoG,gaussian_lowpass,3,True,0.75,0.4864864864864865,2.2257341146469116,18,37,39
scale_curve,IMG_0267,LoG,gaussian_lowpass,3,True,1.0,0.5675675675675675,2.631850004196167,21,37,59
scale_curve,IMG_0267,LoG,gaussian_lowpass,3,True,1.25,0.6486486486486487,2.325319766998291,24,37,72
scale_curve,IMG_0267,Harris,gaussian_lowpass,3,True,0.5,0.36,2.963735342025757,9,57,25
scale_curve,IMG_0267,Harris,gaussian_lowpass,3,True,0.75,0.5,3.198925018310547,23,57,46
scale_curve,IMG_0267,Harris,gaussian_lowpass,3,True,1.0,0.5789473684210527,2.8932266235351562,33,57,75
scale_curve,IMG_0267,Harris,gaussian_lowpass,3,True,1.25,0.7192982456140351,2.3782644271850586,41,57,117
scale_curve,IMG_0267,Shi-Tomasi,gaussian_lowpass,3,True,0.5,0.5217391304347826,3.9696916341781616,12,57,23
scale_curve,IMG_0267,Shi-Tomasi,gaussian_lowpass,3,True,0.75,0.43478260869565216,2.266815662384033,20,57,46
scale_curve,IMG_0267,Shi-Tomasi,gaussian_lowpass,3,True,1.0,0.5964912280701754,2.7024911642074585,34,57,75
scale_curve,IMG_0267,Shi-Tomasi,gaussian_lowpass,3,True,1.25,0.6140350877192983,2.315028190612793,35,57,104
scale_curve,IMG_0267,SIFT,gaussian_lowpass,3,True,0.5,0.35,3.2068581581115723,7,20,34
scale_curve,IMG_0267,SIFT,gaussian_lowpass,3,True,0.75,0.5,2.8032267093658447,10,20,42
scale_curve,IMG_0267,SIFT,gaussian_lowpass,3,True,1.0,0.45,2.6517863273620605,9,20,49
scale_curve,IMG_0267,SIFT,gaussian_lowpass,3,True,1.25,0.45,2.9922351837158203,9,20,54
scale_curve,IMG_0267,Sobel,ideal_highpass,3,True,0.5,0.48148148148148145,2.8816561698913574,13,56,27
scale_curve,IMG_0267,Sobel,ideal_highpass,3,True,0.75,0.5555555555555556,2.7829874753952026,30,56,54
scale_curve,IMG_0267,Sobel,ideal_highpass,3,True,1.0,0.625,2.1902337074279785,35,56,88
scale_curve,IMG_0267,Sobel,ideal_highpass,3,True,1.25,0.7678571428571429,2.7158145904541016,43,56,152
scale_curve,IMG_0267,LoG,ideal_highpass,3,True,0.5,0.5625,3.0498111248016357,27,101,48
scale_curve,IMG_0267,LoG,ideal_highpass,3,True,0.75,0.4489795918367347,2.673802614212036,44,101,98
scale_curve,IMG_0267,LoG,ideal_highpass,3,True,1.0,0.6138613861386139,2.476622700691223,62,101,137
scale_curve,IMG_0267,LoG,ideal_highpass,3,True,1.25,0.6633663366336634,2.8974339962005615,67,101,216
scale_curve,IMG_0267,Harris,ideal_highpass,3,True,0.5,0.625,2.487525701522827,25,98,40
scale_curve,IMG_0267,Harris,ideal_highpass,3,True,0.75,0.4791666666666667,2.811087965965271,46,98,96
scale_curve,IMG_0267,Harris,ideal_highpass,3,True,1.0,0.5714285714285714,2.721263885498047,56,98,147
scale_curve,IMG_0267,Harris,ideal_highpass,3,True,1.25,0.7040816326530612,2.476501703262329,69,98,218
scale_curve,IMG_0267,Shi-Tomasi,ideal_highpass,3,True,0.5,0.53125,2.8125979900360107,17,79,32
scale_curve,IMG_0267,Shi-Tomasi,ideal_highpass,3,True,0.75,0.43037974683544306,2.898245334625244,34,79,87
scale_curve,IMG_0267,Shi-Tomasi,ideal_highpass,3,True,1.0,0.5063291139240507,2.48965060710907,40,79,107
scale_curve,IMG_0267,Shi-Tomasi,ideal_highpass,3,True,1.25,0.7088607594936709,2.302162528038025,56,79,208
scale_curve,IMG_0267,SIFT,ideal_highpass,3,True,0.5,0.3157894736842105,2.446782946586609,6,19,34
scale_curve,IMG_0267,SIFT,ideal_highpass,3,True,0.75,0.3684210526315789,2.288505792617798,7,19,50
scale_curve,IMG_0267,SIFT,ideal_highpass,3,True,1.0,0.5789473684210527,2.571532726287842,11,19,52
scale_curve,IMG_0267,SIFT,ideal_highpass,3,True,1.25,0.3684210526315789,2.745783805847168,7,19,49
scale_curve,IMG_0267,Sobel,gaussian_highpass,3,True,0.5,0.48,3.30949068069458,12,49,25
scale_curve,IMG_0267,Sobel,gaussian_highpass,3,True,0.75,0.4897959183673469,2.324727416038513,24,49,50
scale_curve,IMG_0267,Sobel,gaussian_highpass,3,True,1.0,0.7142857142857143,2.5474934577941895,35,49,79
scale_curve,IMG_0267,Sobel,gaussian_highpass,3,True,1.25,0.8163265306122449,2.4783835411071777,40,49,144
scale_curve,IMG_0267,LoG,gaussian_highpass,3,True,0.5,0.48936170212765956,2.234863519668579,23,98,47
scale_curve,IMG_0267,LoG,gaussian_highpass,3,True,0.75,0.4782608695652174,2.6877477169036865,44,98,92
scale_curve,IMG_0267,LoG,gaussian_highpass,3,True,1.0,0.5714285714285714,2.1346086263656616,56,98,129
scale_curve,IMG_0267,LoG,gaussian_highpass,3,True,1.25,0.6530612244897959,2.3428770303726196,64,98,216
scale_curve,IMG_0267,Harris,gaussian_highpass,3,True,0.5,0.6923076923076923,2.4981606006622314,27,104,39
scale_curve,IMG_0267,Harris,gaussian_highpass,3,True,0.75,0.5052631578947369,2.742268681526184,48,104,95
scale_curve,IMG_0267,Harris,gaussian_highpass,3,True,1.0,0.5673076923076923,2.43788743019104,59,104,159
scale_curve,IMG_0267,Harris,gaussian_highpass,3,True,1.25,0.6634615384615384,2.572544574737549,69,104,218
scale_curve,IMG_0267,Shi-Tomasi,gaussian_highpass,3,True,0.5,0.6333333333333333,2.8800954818725586,19,85,30
scale_curve,IMG_0267,Shi-Tomasi,gaussian_highpass,3,True,0.75,0.4523809523809524,2.7973785400390625,38,85,84
scale_curve,IMG_0267,Shi-Tomasi,gaussian_highpass,3,True,1.0,0.6,2.548248291015625,51,85,120
scale_curve,IMG_0267,Shi-Tomasi,gaussian_highpass,3,True,1.25,0.7529411764705882,2.317492723464966,64,85,217
scale_curve,IMG_0267,SIFT,gaussian_highpass,3,True,0.5,0.3157894736842105,2.6555742025375366,6,19,32
scale_curve,IMG_0267,SIFT,gaussian_highpass,3,True,0.75,0.3157894736842105,1.9154384136199951,6,19,55
scale_curve,IMG_0267,SIFT,gaussian_highpass,3,True,1.0,0.47368421052631576,3.3493919372558594,9,19,51
scale_curve,IMG_0267,SIFT,gaussian_highpass,3,True,1.25,0.3157894736842105,3.1189039945602417,6,19,41
scale_curve,IMG_0268,Sobel,none,3,True,0.5,0.5384615384615384,3.2230093479156494,7,43,13
scale_curve,IMG_0268,Sobel,none,3,True,0.75,0.52,2.9734301567077637,13,43,25
scale_curve,IMG_0268,Sobel,none,3,True,1.0,0.4418604651162791,2.411740779876709,19,43,45
scale_curve,IMG_0268,Sobel,none,3,True,1.25,0.4883720930232558,2.5340843200683594,21,43,60
scale_curve,IMG_0268,LoG,none,3,True,0.5,0.4,1.5180213451385498,12,64,30
scale_curve,IMG_0268,LoG,none,3,True,0.75,0.46774193548387094,2.297696590423584,29,64,62
scale_curve,IMG_0268,LoG,none,3,True,1.0,0.515625,1.922396183013916,33,64,80
scale_curve,IMG_0268,LoG,none,3,True,1.25,0.625,2.317841053009033,40,64,125
scale_curve,IMG_0268,Harris,none,3,True,0.5,0.5142857142857142,3.0853421688079834,18,81,35
scale_curve,IMG_0268,Harris,none,3,True,0.75,0.4153846153846154,2.331829071044922,27,81,65
scale_curve,IMG_0268,Harris,none,3,True,1.0,0.5308641975308642,2.546862840652466,43,81,123
scale_curve,IMG_0268,Harris,none,3,True,1.25,0.5802469135802469,2.158557415008545,47,81,175
scale_curve,IMG_0268,Shi-Tomasi,none,3,True,0.5,0.5,2.8408905267715454,14,80,28
scale_curve,IMG_0268,Shi-Tomasi,none,3,True,0.75,0.42105263157894735,2.812429428100586,24,80,57
scale_curve,IMG_0268,Shi-Tomasi,none,3,True,1.0,0.45,2.3407517671585083,36,80,101
scale_curve,IMG_0268,Shi-Tomasi,none,3,True,1.25,0.55,2.2375179529190063,44,80,153
scale_curve,IMG_0268,SIFT,none,3,True,0.5,0.375,1.5272096991539001,6,16,33
scale_curve,IMG_0268,SIFT,none,3,True,0.75,0.5625,2.541121244430542,9,16,48
scale_curve,IMG_0268,SIFT,none,3,True,1.0,0.5,2.1420634388923645,8,16,39
scale_curve,IMG_0268,SIFT,none,3,True,1.25,0.5625,2.576416015625,9,16,36
scale_curve,IMG_0268,Sobel,ideal_lowpass,3,True,0.5,0.16666666666666666,2.782468795776367,1,25,6
scale_curve,IMG_0268,Sobel,ideal_lowpass,3,True,0.75,0.4444444444444444,2.7107826471328735,8,25,18
scale_curve,IMG_0268,Sobel,ideal_lowpass,3,True,1.0,0.36363636363636365,2.969437003135681,8,25,22
scale_curve,IMG_0268,Sobel,ideal_lowpass,3,True,1.25,0.48,2.960433602333069,12,25,40
scale_curve,IMG_0268,LoG,ideal_lowpass,3,True,0.5,0.2,2.573993504047394,2,33,10
scale_curve,IMG_0268,LoG,ideal_lowpass,3,True,0.75,0.3103448275862069,3.090144634246826,9,33,29
scale_curve,IMG_0268,LoG,ideal_lowpass,3,True,1.0,0.42424242424242425,2.1498449444770813,14,33,57
scale_curve,IMG_0268,LoG,ideal_lowpass,3,True,1.25,0.48484848484848486,3.156780481338501,16,33,72
scale_curve,IMG_0268,Harris,ideal_lowpass,3,True,0.5,0.45454545454545453,3.171592950820923,10,78,22
scale_curve,IMG_0268,Harris,ideal_lowpass,3,True,0.75,0.5,2.8842159509658813,26,78,52
scale_curve,IMG_0268,Harris,ideal_lowpass,3,True,1.0,0.46153846153846156,2.7811903953552246,36,78,88
scale_curve,IMG_0268,Harris,ideal_lowpass,3,True,1.25,0.44871794871794873,2.5051822662353516,35,78,115
scale_curve,IMG_0268,Shi-Tomasi,ideal_lowpass,3,True,0.5,0.19047619047619047,3.401825785636902,4,61,21
scale_curve,IMG_0268,Shi-Tomasi,ideal_lowpass,3,True,0.75,0.2962962962962963,2.239020347595215,16,61,54
scale_curve,IMG_0268,Shi-Tomasi,ideal_lowpass,3,True,1.0,0.4918032786885246,2.712796926498413,30,61,84
scale_curve,IMG_0268,Shi-Tomasi,ideal_lowpass,3,True,1.25,0.4918032786885246,2.7105518579483032,30,61,99
scale_curve,IMG_0268,SIFT,ideal_lowpass,3,True,0.5,0.2222222222222222,1.7402968406677246,4,18,27
scale_curve,IMG_0268,SIFT,ideal_lowpass,3,True,0.75,0.3888888888888889,1.8681578636169434,7,18,37
scale_curve,IMG_0268,SIFT,ideal_lowpass,3,True,1.0,0.4444444444444444,2.382577061653137,8,18,41
scale_curve,IMG_0268,SIFT,ideal_lowpass,3,True,1.25,0.5555555555555556,2.237722873687744,10,18,52
scale_curve,IMG_0268,Sobel,gaussian_lowpass,3,True,0.5,0.3333333333333333,2.869912028312683,2,32,6
scale_curve,IMG_0268,Sobel,gaussian_lowpass,3,True,0.75,0.4,3.487544298171997,6,32,15
scale_curve,IMG_0268,Sobel,gaussian_lowpass,3,True,1.0,0.34782608695652173,2.4408375024795532,8,32,23
scale_curve,IMG_0268,Sobel,gaussian_lowpass,3,True,1.25,0.4,2.862892508506775,12,32,30
scale_curve,IMG_0268,LoG,gaussian_lowpass,3,True,0.5,0.5,3.172762393951416,7,37,14
scale_curve,IMG_0268,LoG,gaussian_lowpass,3,True,0.75,0.32432432432432434,2.5944464206695557,12,37,42
scale_curve,IMG_0268,LoG,gaussian_lowpass,3,True,1.0,0.43243243243243246,2.6284955739974976,16,37,57
scale_curve,IMG_0268,LoG,gaussian_lowpass,3,True,1.25,0.6216216216216216,2.5169310569763184,23,37,78
scale_curve,IMG_0268,Harris,gaussian_lowpass,3,True,0.5,0.5,2.397361636161804,12,60,24
scale_curve,IMG_0268,Harris,gaussian_lowpass,3,True,0.75,0.46511627906976744,2.688151240348816,20,60,43
scale_curve,IMG_0268,Harris,gaussian_lowpass,3,True,1.0,0.5,2.46651554107666,30,60,73
scale_curve,IMG_0268,Harris,gaussian_lowpass,3,True,1.25,0.6333333333333333,2.4432437419891357,38,60,121
scale_curve,IMG_0268,Shi-Tomasi,gaussian_lowpass,3,True,0.5,0.6086956521739131,3.531462550163269,14,61,23
scale_curve,IMG_0268,Shi-Tomasi,gaussian_lowpass,3,True,0.75,0.5,2.3617191314697266,26,61,52
scale_curve,IMG_0268,Shi-Tomasi,gaussian_lowpass,3,True,1.0,0.5245901639344263,2.6246975660324097,32,61,65
scale_curve,IMG_0268,Shi-Tomasi,gaussian_lowpass,3,True,1.25,0.5737704918032787,2.477858066558838,35,61,106
scale_curve,IMG_0268,SIFT,gaussian_lowpass,3,True,0.5,0.2,1.8456386923789978,4,20,25
scale_curve,IMG_0268,SIFT,gaussian_lowpass,3,True,0.75,0.2,2.0525218844413757,4,20,31
scale_curve,IMG_0268,SIFT,gaussian_lowpass,3,True,1.0,0.5,2.559034526348114,10,20,37
scale_curve,IMG_0268,SIFT,gaussian_lowpass,3,True,1.25,0.4,2.439610242843628,8,20,39
scale_curve,IMG_0268,Sobel,ideal_highpass,3,True,0.5,0.43333333333333335,3.2230093479156494,13,58,30
scale_curve,IMG_0268,Sobel,ideal_highpass,3,True,0.75,0.5,2.805535078048706,27,58,54
scale_curve,IMG_0268,Sobel,ideal_highpass,3,True,1.0,0.603448275862069,2.293776512145996,35,58,92
scale_curve,IMG_0268,Sobel,ideal_highpass,3,True,1.25,0.6551724137931034,2.679659128189087,38,58,156
scale_curve,IMG_0268,LoG,ideal_highpass,3,True,0.5,0.41304347826086957,3.083916425704956,19,99,46
scale_curve,IMG_0268,LoG,ideal_highpass,3,True,0.75,0.4166666666666667,2.8101848363876343,40,99,96
scale_curve,IMG_0268,LoG,ideal_highpass,3,True,1.0,0.5151515151515151,2.586336135864258,51,99,127
scale_curve,IMG_0268,LoG,ideal_highpass,3,True,1.25,0.6666666666666666,2.4957908391952515,66,99,209
scale_curve,IMG_0268,Harris,ideal_highpass,3,True,0.5,0.42105263157894735,2.7357137203216553,16,101,38
scale_curve,IMG_0268,Harris,ideal_highpass,3,True,0.75,0.4318181818181818,3.124387502670288,38,101,88
scale_curve,IMG_0268,Harris,ideal_highpass,3,True,1.0,0.4752475247524752,2.478008508682251,48,101,133
scale_curve,IMG_0268,Harris,ideal_highpass,3,True,1.25,0.5643564356435643,2.3082756996154785,57,101,214
scale_curve,IMG_0268,Shi-Tomasi,ideal_highpass,3,True,0.5,0.3888888888888889,3.4453537464141846,14,77,36
scale_curve,IMG_0268,Shi-Tomasi,ideal_highpass,3,True,0.75,0.35526315789473684,2.9182565212249756,27,77,76
scale_curve,IMG_0268,Shi-Tomasi,ideal_highpass,3,True,1.0,0.4935064935064935,3.085220694541931,38,77,104
scale_curve,IMG_0268,Shi-Tomasi,ideal_highpass,3,True,1.25,0.5714285714285714,2.6658599376678467,44,77,161
scale_curve,IMG_0268,SIFT,ideal_highpass,3,True,0.5,0.2222222222222222,3.4112337827682495,4,18,38
scale_curve,IMG_0268,SIFT,ideal_highpass,3,True,0.75,0.3888888888888889,3.4494409561157227,7,18,63
scale_curve,IMG_0268,SIFT,ideal_highpass,3,True,1.0,0.5,4.105476379394531,9,18,57
scale_curve,IMG_0268,SIFT,ideal_highpass,3,True,1.25,0.5555555555555556,3.2752833366394043,10,18,62
scale_curve,IMG_0268,Sobel,gaussian_highpass,3,True,0.5,0.5789473684210527,3.2230093479156494,11,50,19
scale_curve,IMG_0268,Sobel,gaussian_highpass,3,True,0.75,0.4375,2.9120428562164307,21,50,48
scale_curve,IMG_0268,Sobel,gaussian_highpass,3,True,1.0,0.58,2.825148820877075,29,50,82
scale_curve,IMG_0268,Sobel,gaussian_highpass,3,True,1.25,0.78,2.4967522621154785,39,50,146
scale_curve,IMG_0268,LoG,gaussian_highpass,3,True,0.5,0.41304347826086957,3.3297510147094727,19,94,46
scale_curve,IMG_0268,LoG,gaussian_highpass,3,True,0.75,0.45454545454545453,3.5284847021102905,40,94,88
scale_curve,IMG_0268,LoG,gaussian_highpass,3,True,1.0,0.5425531914893617,2.817950963973999,51,94,125
scale_curve,IMG_0268,LoG,gaussian_highpass,3,True,1.25,0.6276595744680851,2.555116653442383,59,94,198
scale_curve,IMG_0268,Harris,gaussian_highpass,3,True,0.5,0.43243243243243246,2.697947382926941,16,100,37
scale_curve,IMG_0268,Harris,gaussian_highpass,3,True,0.75,0.43333333333333335,2.3198118209838867,39,100,90
scale_curve,IMG_0268,Harris,gaussian_highpass,3,True,1.0,0.56,2.734567165374756,56,100,155
scale_curve,IMG_0268,Harris,gaussian_highpass,3,True,1.25,0.59,2.4233105182647705,59,100,218
scale_curve,IMG_0268,Shi-Tomasi,gaussian_highpass,3,True,0.5,0.41935483870967744,2.3414719104766846,13,85,31
scale_curve,IMG_0268,Shi-Tomasi,gaussian_highpass,3,True,0.75,0.39473684210526316,2.9833627939224243,30,85,76
scale_curve,IMG_0268,Shi-Tomasi,gaussian_highpass,3,True,1.0,0.4470588235294118,2.794962525367737,38,85,120
scale_curve,IMG_0268,Shi-Tomasi,gaussian_highpass,3,True,1.25,0.5529411764705883,2.496300458908081,47,85,186
scale_curve,IMG_0268,SIFT,gaussian_highpass,3,True,0.5,0.3157894736842105,2.327365279197693,6,19,40
scale_curve,IMG_0268,SIFT,gaussian_highpass,3,True,0.75,0.2631578947368421,3.322169065475464,5,19,62
scale_curve,IMG_0268,SIFT,gaussian_highpass,3,True,1.0,0.3684210526315789,2.989405632019043,7,19,62
scale_curve,IMG_0268,SIFT,gaussian_highpass,3,True,1.25,0.3684210526315789,1.4818201065063477,7,19,70
scale_curve,IMG_0269,Sobel,none,3,True,0.5,0.8421052631578947,2.333419919013977,16,39,19
scale_curve,IMG_0269,Sobel,none,3,True,0.75,0.7407407407407407,2.553097724914551,20,39,27
scale_curve,IMG_0269,Sobel,none,3,True,1.0,0.5897435897435898,2.6550238132476807,23,39,47
scale_curve,IMG_0269,Sobel,none,3,True,1.25,0.6666666666666666,2.3445777893066406,26,39,75
scale_curve,IMG_0269,LoG,none,3,True,0.5,0.5142857142857142,3.131943941116333,18,61,35
scale_curve,IMG_0269,LoG,none,3,True,0.75,0.43333333333333335,2.4701385498046875,26,61,60
scale_curve,IMG_0269,LoG,none,3,True,1.0,0.5409836065573771,1.9806612730026245,33,61,79
scale_curve,IMG_0269,LoG,none,3,True,1.25,0.6721311475409836,2.3153936862945557,41,61,143
scale_curve,IMG_0269,Harris,none,3,True,0.5,0.41935483870967744,3.1597044467926025,13,75,31
scale_curve,IMG_0269,Harris,none,3,True,0.75,0.4626865671641791,2.137646198272705,31,75,67
scale_curve,IMG_0269,Harris,none,3,True,1.0,0.5333333333333333,2.4634071588516235,40,75,121
scale_curve,IMG_0269,Harris,none,3,True,1.25,0.5733333333333334,2.5099475383758545,43,75,182
scale_curve,IMG_0269,Shi-Tomasi,none,3,True,0.5,0.6071428571428571,3.2270877361297607,17,74,28
scale_curve,IMG_0269,Shi-Tomasi,none,3,True,0.75,0.546875,2.9350931644439697,35,74,64
scale_curve,IMG_0269,Shi-Tomasi,none,3,True,1.0,0.4864864864864865,2.810758590698242,36,74,99
scale_curve,IMG_0269,Shi-Tomasi,none,3,True,1.25,0.6351351351351351,2.6886463165283203,47,74,162
scale_curve,IMG_0269,SIFT,none,3,True,0.5,0.5882352941176471,2.1014981865882874,10,17,40
scale_curve,IMG_0269,SIFT,none,3,True,0.75,0.5294117647058824,2.9304184913635254,9,17,46
scale_curve,IMG_0269,SIFT,none,3,True,1.0,0.7058823529411765,1.7373566627502441,12,17,55
scale_curve,IMG_0269,SIFT,none,3,True,1.25,0.7647058823529411,2.454385280609131,13,17,49
scale_curve,IMG_0269,Sobel,ideal_lowpass,3,True,0.5,0.5833333333333334,2.9782450199127197,7,25,12
scale_curve,IMG_0269,Sobel,ideal_lowpass,3,True,0.75,0.4,3.4052735567092896,10,25,27
scale_curve,IMG_0269,Sobel,ideal_lowpass,3,True,1.0,0.48,2.8659340143203735,12,25,34
scale_curve,IMG_0269,Sobel,ideal_lowpass,3,True,1.25,0.56,3.2304294109344482,14,25,58
scale_curve,IMG_0269,LoG,ideal_lowpass,3,True,0.5,0.46153846153846156,4.052222728729248,6,33,13
scale_curve,IMG_0269,LoG,ideal_lowpass,3,True,0.75,0.45454545454545453,2.2728793621063232,15,33,34
scale_curve,IMG_0269,LoG,ideal_lowpass,3,True,1.0,0.5151515151515151,2.9158151149749756,17,33,52
scale_curve,IMG_0269,LoG,ideal_lowpass,3,True,1.25,0.48484848484848486,2.796561360359192,16,33,84
scale_curve,IMG_0269,Harris,ideal_lowpass,3,True,0.5,0.5384615384615384,2.1778472661972046,14,85,26
scale_curve,IMG_0269,Harris,ideal_lowpass,3,True,0.75,0.5660377358490566,2.4982446432113647,30,85,53
scale_curve,IMG_0269,Harris,ideal_lowpass,3,True,1.0,0.43529411764705883,2.5398809909820557,37,85,89
scale_curve,IMG_0269,Harris,ideal_lowpass,3,True,1.25,0.47058823529411764,2.6452125310897827,40,85,143
scale_curve,IMG_0269,Shi-Tomasi,ideal_lowpass,3,True,0.5,0.34615384615384615,2.4063286781311035,9,60,26
scale_curve,IMG_0269,Shi-Tomasi,ideal_lowpass,3,True,0.75,0.4117647058823529,2.7498157024383545,21,60,51
scale_curve,IMG_0269,Shi-Tomasi,ideal_lowpass,3,True,1.0,0.5166666666666667,2.7921142578125,31,60,78
scale_curve,IMG_0269,Shi-Tomasi,ideal_lowpass,3,True,1.25,0.48333333333333334,2.297292709350586,29,60,115
scale_curve,IMG_0269,SIFT,ideal_lowpass,3,True,0.5,0.4117647058823529,2.6690151691436768,7,17,37
scale_curve,IMG_0269,SIFT,ideal_lowpass,3,True,0.75,0.47058823529411764,2.6972473859786987,8,17,39
scale_curve,IMG_0269,SIFT,ideal_lowpass,3,True,1.0,0.47058823529411764,2.8978224992752075,8,17,60
scale_curve,IMG_0269,SIFT,ideal_lowpass,3,True,1.25,0.5294117647058824,2.9117889404296875,9,17,65
scale_curve,IMG_0269,Sobel,gaussian_lowpass,3,True,0.5,0.75,3.320228099822998,9,32,12
scale_curve,IMG_0269,Sobel,gaussian_lowpass,3,True,0.75,0.7272727272727273,2.9356634616851807,16,32,22
scale_curve,IMG_0269,Sobel,gaussian_lowpass,3,True,1.0,0.5333333333333333,2.6802910566329956,16,32,30
scale_curve,IMG_0269,Sobel,gaussian_lowpass,3,True,1.25,0.53125,2.296229124069214,17,32,42
scale_curve,IMG_0269,LoG,gaussian_lowpass,3,True,0.5,0.6428571428571429,2.9051098823547363,9,37,14
scale_curve,IMG_0269,LoG,gaussian_lowpass,3,True,0.75,0.5945945945945946,2.5785250663757324,22,37,39
scale_curve,IMG_0269,LoG,gaussian_lowpass,3,True,1.0,0.6216216216216216,2.58743953704834,23,37,61
scale_curve,IMG_0269,LoG,gaussian_lowpass,3,True,1.25,0.6216216216216216,2.417865037918091,23,37,78
scale_curve,IMG_0269,Harris,gaussian_lowpass,3,True,0.5,0.7083333333333334,3.2526445388793945,17,55,24
scale_curve,IMG_0269,Harris,gaussian_lowpass,3,True,0.75,0.5,2.922731637954712,26,55,52
scale_curve,IMG_0269,Harris,gaussian_lowpass,3,True,1.0,0.509090909090909,2.5772616863250732,28,55,76
scale_curve,IMG_0269,Harris,gaussian_lowpass,3,True,1.25,0.6,1.9319515228271484,33,55,126
scale_curve,IMG_0269,Shi-Tomasi,gaussian_lowpass,3,True,0.5,0.44,3.231865406036377,11,53,25
scale_curve,IMG_0269,Shi-Tomasi,gaussian_lowpass,3,True,0.75,0.46938775510204084,3.0675692558288574,23,53,49
scale_curve,IMG_0269,Shi-Tomasi,gaussian_lowpass,3,True,1.0,0.49056603773584906,2.410197615623474,26,53,80
scale_curve,IMG_0269,Shi-Tomasi,gaussian_lowpass,3,True,1.25,0.5471698113207547,2.5590016841888428,29,53,105
scale_curve,IMG_0269,SIFT,gaussian_lowpass,3,True,0.5,0.3,3.312896251678467,6,20,32
scale_curve,IMG_0269,SIFT,gaussian_lowpass,3,True,0.75,0.35,4.335500717163086,7,20,40
scale_curve,IMG_0269,SIFT,gaussian_lowpass,3,True,1.0,0.5,3.312896251678467,10,20,54
scale_curve,IMG_0269,SIFT,gaussian_lowpass,3,True,1.25,0.4,2.6558135747909546,8,20,48
scale_curve,IMG_0269,Sobel,ideal_highpass,3,True,0.5,0.5,2.9958372116088867,14,56,28
scale_curve,IMG_0269,Sobel,ideal_highpass,3,True,0.75,0.5357142857142857,2.775300621986389,30,56,59
scale_curve,IMG_0269,Sobel,ideal_highpass,3,True,1.0,0.5357142857142857,2.540523886680603,30,56,83
scale_curve,IMG_0269,Sobel,ideal_highpass,3,True,1.25,0.75,2.2915459871292114,42,56,162
scale_curve,IMG_0269,LoG,ideal_highpass,3,True,0.5,0.56,2.9440009593963623,28,94,50
scale_curve,IMG_0269,LoG,ideal_highpass,3,True,0.75,0.40425531914893614,2.49050235748291,38,94,94
scale_curve,IMG_0269,LoG,ideal_highpass,3,True,1.0,0.5851063829787234,2.281682252883911,55,94,146
scale_curve,IMG_0269,LoG,ideal_highpass,3,True,1.25,0.648936170212766,2.851393699645996,61,94,213
scale_curve,IMG_0269,Harris,ideal_highpass,3,True,0.5,0.5227272727272727,2.907876968383789,23,91,44
scale_curve,IMG_0269,Harris,ideal_highpass,3,True,0.75,0.4835164835164835,3.069717049598694,44,91,92
scale_curve,IMG_0269,Harris,ideal_highpass,3,True,1.0,0.6593406593406593,2.858907103538513,60,91,164
scale_curve,IMG_0269,Harris,ideal_highpass,3,True,1.25,0.6483516483516484,2.727450132369995,59,91,217
scale_curve,IMG_0269,Shi-Tomasi,ideal_highpass,3,True,0.5,0.375,2.587944269180298,12,73,32
scale_curve,IMG_0269,Shi-Tomasi,ideal_highpass,3,True,0.75,0.4383561643835616,3.145806908607483,32,73,80
scale_curve,IMG_0269,Shi-Tomasi,ideal_highpass,3,True,1.0,0.5068493150684932,2.6547412872314453,37,73,125
scale_curve,IMG_0269,Shi-Tomasi,ideal_highpass,3,True,1.25,0.726027397260274,2.6587839126586914,53,73,210
scale_curve,IMG_0269,SIFT,ideal_highpass,3,True,0.5,0.3888888888888889,2.4468016624450684,7,18,37
scale_curve,IMG_0269,SIFT,ideal_highpass,3,True,0.75,0.3888888888888889,2.4509990215301514,7,18,44
scale_curve,IMG_0269,SIFT,ideal_highpass,3,True,1.0,0.3888888888888889,2.518514633178711,7,18,55
scale_curve,IMG_0269,SIFT,ideal_highpass,3,True,1.25,0.3888888888888889,1.4873608350753784,7,18,57
scale_curve,IMG_0269,Sobel,gaussian_highpass,3,True,0.5,0.5384615384615384,2.241501569747925,14,46,26
scale_curve,IMG_0269,Sobel,gaussian_highpass,3,True,0.75,0.4782608695652174,2.559116840362549,22,46,50
scale_curve,IMG_0269,Sobel,gaussian_highpass,3,True,1.0,0.717391304347826,2.065195083618164,33,46,84
scale_curve,IMG_0269,Sobel,gaussian_highpass,3,True,1.25,0.782608695652174,2.364340662956238,36,46,151
scale_curve,IMG_0269,LoG,gaussian_highpass,3,True,0.5,0.4489795918367347,2.8262797594070435,22,91,49
scale_curve,IMG_0269,LoG,gaussian_highpass,3,True,0.75,0.4691358024691358,3.302932858467102,38,91,81
scale_curve,IMG_0269,LoG,gaussian_highpass,3,True,1.0,0.4945054945054945,2.4744086265563965,45,91,137
scale_curve,IMG_0269,LoG,gaussian_highpass,3,True,1.25,0.6153846153846154,2.3643847703933716,56,91,214
scale_curve,IMG_0269,Harris,gaussian_highpass,3,True,0.5,0.5581395348837209,3.1548285484313965,24,96,43
scale_curve,IMG_0269,Harris,gaussian_highpass,3,True,0.75,0.5111111111111111,3.323747992515564,46,96,90
scale_curve,IMG_0269,Harris,gaussian_highpass,3,True,1.0,0.5625,2.77833890914917,54,96,164
scale_curve,IMG_0269,Harris,gaussian_highpass,3,True,1.25,0.625,2.9972081184387207,60,96,216
scale_curve,IMG_0269,Shi-Tomasi,gaussian_highpass,3,True,0.5,0.45714285714285713,2.786268949508667,16,79,35
scale_curve,IMG_0269,Shi-Tomasi,gaussian_highpass,3,True,0.75,0.4025974025974026,2.7298808097839355,31,79,77
scale_curve,IMG_0269,Shi-Tomasi,gaussian_highpass,3,True,1.0,0.5189873417721519,2.7389931678771973,41,79,126
scale_curve,IMG_0269,Shi-Tomasi,gaussian_highpass,3,True,1.25,0.6455696202531646,2.4463002681732178,51,79,212
scale_curve,IMG_0269,SIFT,gaussian_highpass,3,True,0.5,0.25,2.1384754180908203,5,20,38
scale_curve,IMG_0269,SIFT,gaussian_highpass,3,True,0.75,0.4,2.356227695941925,8,20,47
scale_curve,IMG_0269,SIFT,gaussian_highpass,3,True,1.0,0.35,2.023452043533325,7,20,54
scale_curve,IMG_0269,SIFT,gaussian_highpass,3,True,1.25,0.2,2.4890588521957397,4,20,66
